{
"type": "FeatureCollection",
"name": "MUNICIPIO_BELO HORIZONTE",
"crs": { "type": "name", "properties": { "name": "urn:ogc:def:crs:OGC:1.3:CRS84" } },
"xy_coordinate_resolution": 1e-15,
"features": [
{ "type": "Feature", "properties": { "NROCNPJ_PAD": "36909654000180", "STATUS_MAILING": "PRIMEIRA CONSULTORIA REALIZADA PRESENCIAL", "NOME_FANTASIA": "CRISTIANE OLIVEIRA BARBOSA 06497745661", "RAZAO_SOCIAL": "36.909.654 CRISTIANE OLIVEIRA BARBOSA", "RESPONSAVEL": "CRISTIANEOLIVEIRABARBOSA", "MUNICIPIO": "BELO HORIZONTE", "ENDEE": "RUA UNIVERSO, 60, COPACABANA, 31540-550, BELO HORIZONTE", "BANCO": "-", "LINHA_AVAL_NOME": "GIRO", "LATITUDE": "-19.832575", "LONGITUDE": "-43.9821896", "STATUS_OPERACIONAL": "APLICAR T2", "STATUS": "APLICAR T2", "field_14": null, "field_15": null, "field_16": null }, "geometry": { "type": "Point", "coordinates": [ -43.9821896, -19.832575 ] } },
{ "type": "Feature", "properties": { "NROCNPJ_PAD": "24584651000134", "STATUS_MAILING": "PRIMEIRA CONSULTORIA REALIZADA PRESENCIAL", "NOME_FANTASIA": "CONCEPT", "RAZAO_SOCIAL": "CONCEPT OFICINA MECANICA LTDA", "RESPONSAVEL": "LUCAS MARQUES CAPUTO", "MUNICIPIO": "BELO HORIZONTE", "ENDEE": "AVENIDA PRESIDENTE TANCREDO NEVES, 4093, CASTELO, BELO HORIZONTE, MG", "BANCO": "BDMG", "LINHA_AVAL_NOME": "GIRO", "LATITUDE": "-19.8806533", "LONGITUDE": "-43.9933131", "STATUS_OPERACIONAL": "APLICAR T2", "STATUS": "APLICAR T2", "field_14": null, "field_15": null, "field_16": null }, "geometry": { "type": "Point", "coordinates": [ -43.9933131, -19.8806533 ] } },
{ "type": "Feature", "properties": { "NROCNPJ_PAD": "54233829000163", "STATUS_MAILING": "PRIMEIRA CONSULTORIA REALIZADA PRESENCIAL", "NOME_FANTASIA": "-", "RAZAO_SOCIAL": "ANIMALL PET STORS", "RESPONSAVEL": "GILDETEALVESVENENO", "MUNICIPIO": "BELO HORIZONTE", "ENDEE": "AVENIDA BERNARDA SILVESTRE, 435, LOJA 01, RIO BRANCO, 31535-200, BELO HORIZONTE", "BANCO": "-", "LINHA_AVAL_NOME": "GIRO", "LATITUDE": "-19.8142431", "LONGITUDE": "-43.9842057", "STATUS_OPERACIONAL": "APLICAR T2", "STATUS": "APLICAR T2", "field_14": null, "field_15": null, "field_16": null }, "geometry": { "type": "Point", "coordinates": [ -43.9842057, -19.8142431 ] } },
{ "type": "Feature", "properties": { "NROCNPJ_PAD": "29604122000179", "STATUS_MAILING": "PRIMEIRA CONSULTORIA REALIZADA PRESENCIAL", "NOME_FANTASIA": "-", "RAZAO_SOCIAL": "4 GRAUS CAR SERVICOS AUTOMOTORES EM GERAL LTDA", "RESPONSAVEL": "LEANDRO RODRIGUES COSTA", "MUNICIPIO": "BELO HORIZONTE", "ENDEE": "RUA NILTON BALDO, 665, PAQUETA, BELO HORIZONTE, MG", "BANCO": "BDMG", "LINHA_AVAL_NOME": "GIRO", "LATITUDE": "-19.8704455", "LONGITUDE": "-43.9968274", "STATUS_OPERACIONAL": "APLICAR T2", "STATUS": "APLICAR T2", "field_14": null, "field_15": null, "field_16": null }, "geometry": { "type": "Point", "coordinates": [ -43.9968274, -19.8704455 ] } },
{ "type": "Feature", "properties": { "NROCNPJ_PAD": "23907033000115", "STATUS_MAILING": "PRIMEIRA CONSULTORIA REALIZADA PRESENCIAL", "NOME_FANTASIA": "-", "RAZAO_SOCIAL": "AMERICAN PNEUMATIC DO BRASIL LTDA", "RESPONSAVEL": "ANA CRISTINA BOAVENTURA DA COSTA|LUDMILA MACIEL FERREIRA", "MUNICIPIO": "BELO HORIZONTE", "ENDEE": "RUA BATALHA, 140, SAO FRANCISCO, BELO HORIZONTE, MG", "BANCO": "BDMG", "LINHA_AVAL_NOME": "GIRO", "LATITUDE": "-19.8819486", "LONGITUDE": "-43.9614729", "STATUS_OPERACIONAL": "APLICAR T2", "STATUS": "APLICAR T2", "field_14": null, "field_15": null, "field_16": null }, "geometry": { "type": "Point", "coordinates": [ -43.9614729, -19.8819486 ] } },
{ "type": "Feature", "properties": { "NROCNPJ_PAD": "33363634000168", "STATUS_MAILING": "PRIMEIRA CONSULTORIA REALIZADA PRESENCIAL", "NOME_FANTASIA": "VIRTUS SUPRIMENTOS INDUSTRIAIS", "RAZAO_SOCIAL": "VIRTUS SUPRIMENTOS INDUSTRIAIS LTDA", "RESPONSAVEL": "LUIZCARLOSDECASTROSANTANA", "MUNICIPIO": "BELO HORIZONTE", "ENDEE": "PRACA SANTO ANTONIO, 150, LOJA 01, AEROPORTO, 31270-860, BELO HORIZONTE", "BANCO": "-", "LINHA_AVAL_NOME": "GIRO", "LATITUDE": "-19.8545977", "LONGITUDE": "-43.9555321", "STATUS_OPERACIONAL": "APLICAR T2", "STATUS": "APLICAR T2", "field_14": null, "field_15": null, "field_16": null }, "geometry": { "type": "Point", "coordinates": [ -43.9555321, -19.8545977 ] } },
{ "type": "Feature", "properties": { "NROCNPJ_PAD": "23022436000187", "STATUS_MAILING": "PRIMEIRA CONSULTORIA REALIZADA PRESENCIAL", "NOME_FANTASIA": "METRU ESQUADRIAS EM ALUMINIO & VIDROS", "RAZAO_SOCIAL": "METRU ESQUADRIAS EM ALUMINIO & VIDROS LTDA", "RESPONSAVEL": "HUDSONPEREIRADOSSANTOS|NATALIATAMARACHAVESDOSSANTOS", "MUNICIPIO": "BELO HORIZONTE", "ENDEE": "RUA PADRE LEOPOLDO MERTENS, 1376, SAO FRANCISCO, 31255-200, BELO HORIZONTE", "BANCO": "-", "LINHA_AVAL_NOME": "GIRO", "LATITUDE": "-19.8791643", "LONGITUDE": "-43.962121", "STATUS_OPERACIONAL": "APLICAR T2", "STATUS": "APLICAR T2", "field_14": null, "field_15": null, "field_16": null }, "geometry": { "type": "Point", "coordinates": [ -43.962121, -19.8791643 ] } },
{ "type": "Feature", "properties": { "NROCNPJ_PAD": "26121864000155", "STATUS_MAILING": "PRIMEIRA CONSULTORIA REALIZADA PRESENCIAL", "NOME_FANTASIA": "GRID AUTOMOTIVO", "RAZAO_SOCIAL": "GRID AUTOMOTIVO LTDA", "RESPONSAVEL": "FERNANDOGOMESDEMELOFIUZA", "MUNICIPIO": "BELO HORIZONTE", "ENDEE": "RUA PROFESSOR JERSON MARTINS, 222, AEROPORTO, BELO HORIZONTE, MG", "BANCO": "SICOOB", "LINHA_AVAL_NOME": "GIRO", "LATITUDE": "-19.8552142", "LONGITUDE": "-43.9577215", "STATUS_OPERACIONAL": "APLICAR T2", "STATUS": "APLICAR T2", "field_14": null, "field_15": null, "field_16": null }, "geometry": { "type": "Point", "coordinates": [ -43.9577215, -19.8552142 ] } },
{ "type": "Feature", "properties": { "NROCNPJ_PAD": "52681551000161", "STATUS_MAILING": "PRIMEIRA CONSULTORIA REALIZADA PRESENCIAL", "NOME_FANTASIA": "-", "RAZAO_SOCIAL": "ALTEROSA DECOR LTDA", "RESPONSAVEL": "-", "MUNICIPIO": "BELO HORIZONTE", "ENDEE": "AVENIDA PRESIDENTE ANTONIO CARLOS, 7710, SAO LUIZ, BELO HORIZONTE, MG", "BANCO": "BRADESCO", "LINHA_AVAL_NOME": "GIRO", "LATITUDE": "-19.855423", "LONGITUDE": "-43.960599", "STATUS_OPERACIONAL": "APLICAR T2", "STATUS": "APLICAR T2", "field_14": null, "field_15": null, "field_16": null }, "geometry": { "type": "Point", "coordinates": [ -43.960599, -19.855423 ] } },
{ "type": "Feature", "properties": { "NROCNPJ_PAD": "24053260000193", "STATUS_MAILING": "PRIMEIRA CONSULTORIA REALIZADA ONLINE", "NOME_FANTASIA": "CONSERVADORA R3", "RAZAO_SOCIAL": "CONSERVADORA RODRIGUES LTDA", "RESPONSAVEL": "FABIOLA RODRIGUES DA CRUZ SILVA|MARIA JOSE RODRIGUES DA CRUZ|MAURICIO GOMES DA SILVA", "MUNICIPIO": "BELO HORIZONTE", "ENDEE": "RUA ALZIRA MARIA FERREIRA, 519, SANTA MONICA, BELO HORIZONTE, MG", "BANCO": "BDMG", "LINHA_AVAL_NOME": "GIRO", "LATITUDE": "-19.8250463", "LONGITUDE": "-43.9794306", "STATUS_OPERACIONAL": "APLICAR T2", "STATUS": "APLICAR T2", "field_14": null, "field_15": null, "field_16": null }, "geometry": { "type": "Point", "coordinates": [ -43.9794306, -19.8250463 ] } },
{ "type": "Feature", "properties": { "NROCNPJ_PAD": "26771276000167", "STATUS_MAILING": "PRIMEIRA CONSULTORIA REALIZADA PRESENCIAL", "NOME_FANTASIA": "STOK CONSTRUTORA", "RAZAO_SOCIAL": "STOK GESTORA LTDA", "RESPONSAVEL": "RONALDO LOPES BORGES", "MUNICIPIO": "BELO HORIZONTE", "ENDEE": "RUA TERESA PEREIRA DE MOURA, 12, NOVA VISTA, BELO HORIZONTE, MG", "BANCO": "BDMG", "LINHA_AVAL_NOME": "GIRO", "LATITUDE": "-19.8883387", "LONGITUDE": "-43.8914746", "STATUS_OPERACIONAL": "APLICAR T2", "STATUS": "APLICAR T2", "field_14": null, "field_15": null, "field_16": null }, "geometry": { "type": "Point", "coordinates": [ -43.8914746, -19.8883387 ] } },
{ "type": "Feature", "properties": { "NROCNPJ_PAD": "14328781000152", "STATUS_MAILING": "PRIMEIRA CONSULTORIA REALIZADA PRESENCIAL", "NOME_FANTASIA": "STOK ATACADISTA", "RAZAO_SOCIAL": "MICHELLE CHRISTIANE SIMOES PEIREIRA BORGES LTDA", "RESPONSAVEL": "MICHELLE CHRISTIANE SIMOES PEREIRA BORGES|MICHELLECHRISTIANESIMOESPEREIRABORGES", "MUNICIPIO": "BELO HORIZONTE", "ENDEE": "AVENIDA PETIT, 1267, NOVA VISTA, BELO HORIZONTE, MG", "BANCO": "BDMG", "LINHA_AVAL_NOME": "GIRO", "LATITUDE": "-19.8883727", "LONGITUDE": "-43.8912784", "STATUS_OPERACIONAL": "APLICAR T2", "STATUS": "APLICAR T2", "field_14": null, "field_15": null, "field_16": null }, "geometry": { "type": "Point", "coordinates": [ -43.8912784, -19.8883727 ] } },
{ "type": "Feature", "properties": { "NROCNPJ_PAD": "42392205000100", "STATUS_MAILING": "PRIMEIRA CONSULTORIA REALIZADA PRESENCIAL", "NOME_FANTASIA": "JJPERFUMARIA", "RAZAO_SOCIAL": "JJ PERFUMARIA LTDA", "RESPONSAVEL": "JEDIAEL NERI PINTO|NAIR DE OLIVEIRA NETA", "MUNICIPIO": "BELO HORIZONTE", "ENDEE": "RUA IGARATINGA, 92, SANTA INES, BELO HORIZONTE, MG", "BANCO": "BDMG", "LINHA_AVAL_NOME": "GIRO", "LATITUDE": "-19.882216", "LONGITUDE": "-43.9081439", "STATUS_OPERACIONAL": "APLICAR T2", "STATUS": "APLICAR T2", "field_14": null, "field_15": null, "field_16": null }, "geometry": { "type": "Point", "coordinates": [ -43.9081439, -19.882216 ] } },
{ "type": "Feature", "properties": { "NROCNPJ_PAD": "25708520000184", "STATUS_MAILING": "PRIMEIRA CONSULTORIA REALIZADA PRESENCIAL", "NOME_FANTASIA": "-", "RAZAO_SOCIAL": "SANTA INES SERVICOS POSTAIS LTDA", "RESPONSAVEL": "ERIKA VIRGINIA CORNELIO TEIXEIRA DOMINGUES|ROGERIO DOMINGUES", "MUNICIPIO": "BELO HORIZONTE", "ENDEE": "RUA CONTAGEM, 1.385, SANTA INES, BELO HORIZONTE, MG", "BANCO": "BDMG", "LINHA_AVAL_NOME": "GIRO", "LATITUDE": "-19.8955613", "LONGITUDE": "-43.9121984", "STATUS_OPERACIONAL": "APLICAR T2", "STATUS": "APLICAR T2", "field_14": null, "field_15": null, "field_16": null }, "geometry": { "type": "Point", "coordinates": [ -43.9121984, -19.8955613 ] } },
{ "type": "Feature", "properties": { "NROCNPJ_PAD": "23797582000184", "STATUS_MAILING": "PRIMEIRA CONSULTORIA REALIZADA PRESENCIAL", "NOME_FANTASIA": "-", "RAZAO_SOCIAL": "POLICENTER PRODUTOS ABRASIVOS LTDA", "RESPONSAVEL": "PATRIZZIA PADRINI MONTEIRO|VINICIUS PINHEIRO MONTEIRO", "MUNICIPIO": "BELO HORIZONTE", "ENDEE": "AVENIDA SILVIANO BRANDAO, 2122, HORTO, BELO HORIZONTE, MG", "BANCO": "BDMG", "LINHA_AVAL_NOME": "GIRO", "LATITUDE": "-19.9112143", "LONGITUDE": "-43.9176498", "STATUS_OPERACIONAL": "APLICAR T2", "STATUS": "APLICAR T2", "field_14": null, "field_15": null, "field_16": null }, "geometry": { "type": "Point", "coordinates": [ -43.9176498, -19.9112143 ] } },
{ "type": "Feature", "properties": { "NROCNPJ_PAD": "38144443000129", "STATUS_MAILING": "PRIMEIRA CONSULTORIA REALIZADA PRESENCIAL", "NOME_FANTASIA": "ABDO DESPACHANTES", "RAZAO_SOCIAL": "ABDO DESPACHANTES LTDA", "RESPONSAVEL": "DANIELTADEUNEVESABDO", "MUNICIPIO": "BELO HORIZONTE", "ENDEE": "AVENIDA DOS BANDEIRANTES, 1299, LOJA 8, ANCHIETA, 30310-403, BELO HORIZONTE", "BANCO": "-", "LINHA_AVAL_NOME": "GIRO", "LATITUDE": "-19.9522226", "LONGITUDE": "-43.9230994", "STATUS_OPERACIONAL": "APLICAR T2", "STATUS": "APLICAR T2", "field_14": null, "field_15": null, "field_16": null }, "geometry": { "type": "Point", "coordinates": [ -43.9230994, -19.9522226 ] } },
{ "type": "Feature", "properties": { "NROCNPJ_PAD": "28032695000102", "STATUS_MAILING": "PRIMEIRA CONSULTORIA REALIZADA PRESENCIAL", "NOME_FANTASIA": "-", "RAZAO_SOCIAL": "BARBEARIA SIMAO LTDA", "RESPONSAVEL": "DANIELSIMAODASILVA", "MUNICIPIO": "BELO HORIZONTE", "ENDEE": "RUA SILVA ALVARENGA, 487, SAO GERALDO, BELO HORIZONTE, MG", "BANCO": "SICOOB", "LINHA_AVAL_NOME": "GIRO", "LATITUDE": "-19.8996589", "LONGITUDE": "-43.8979841", "STATUS_OPERACIONAL": "APLICAR T2", "STATUS": "APLICAR T2", "field_14": null, "field_15": null, "field_16": null }, "geometry": { "type": "Point", "coordinates": [ -43.8979841, -19.8996589 ] } },
{ "type": "Feature", "properties": { "NROCNPJ_PAD": "38661262000170", "STATUS_MAILING": "PRIMEIRA CONSULTORIA REALIZADA PRESENCIAL", "NOME_FANTASIA": "TRATTORIA LESSENZIALE", "RAZAO_SOCIAL": "ESSENZA ITALIANA GASTRONOMIA LTDA", "RESPONSAVEL": "JULIA DE BASTOS GAILLAC", "MUNICIPIO": "BELO HORIZONTE", "ENDEE": "RUA PRIMAVERA, 358, SANTO ANTONIO, BELO HORIZONTE, MG", "BANCO": "BRADESCO", "LINHA_AVAL_NOME": "EMPREENDEDORISMO FEM", "LATITUDE": "-19.9426143", "LONGITUDE": "-43.9424243", "STATUS_OPERACIONAL": "APLICAR T2", "STATUS": "APLICAR T2", "field_14": null, "field_15": null, "field_16": null }, "geometry": { "type": "Point", "coordinates": [ -43.9424243, -19.9426143 ] } },
{ "type": "Feature", "properties": { "NROCNPJ_PAD": "20518593000190", "STATUS_MAILING": "PRIMEIRA CONSULTORIA REALIZADA PRESENCIAL", "NOME_FANTASIA": "ZEISS VISION CENTER BY PERFECT OCULOS", "RAZAO_SOCIAL": "OFTALTECNICA MATERIAL OPTICO LTDA", "RESPONSAVEL": "FRANCISCO REGIS LOBATO|LUIZ PAULO COSTA LOBATO", "MUNICIPIO": "BELO HORIZONTE", "ENDEE": "AVENIDA CONTORNO, 6652, SAVASSI, BELO HORIZONTE, MG", "BANCO": "BDMG", "LINHA_AVAL_NOME": "GIRO", "LATITUDE": "-19.9391309", "LONGITUDE": "-43.9410224", "STATUS_OPERACIONAL": "APLICAR T2", "STATUS": "APLICAR T2", "field_14": null, "field_15": null, "field_16": null }, "geometry": { "type": "Point", "coordinates": [ -43.9410224, -19.9391309 ] } },
{ "type": "Feature", "properties": { "NROCNPJ_PAD": "59849420000190", "STATUS_MAILING": "PRIMEIRA CONSULTORIA REALIZADA PRESENCIAL", "NOME_FANTASIA": "-", "RAZAO_SOCIAL": "MARCELO ADRIANO MAGALHAES DE ALMEIDA - HAIR MAKE", "RESPONSAVEL": "MARCELO ADRIANO MAGALHAES DE ALMEIDA", "MUNICIPIO": "BELO HORIZONTE", "ENDEE": "RUA RIO DE JANEIRO, 1841, LOURDES, 30160-046, BELO HORIZONTE", "BANCO": "-", "LINHA_AVAL_NOME": "GIRO", "LATITUDE": "-19.930437", "LONGITUDE": "-43.94154", "STATUS_OPERACIONAL": "APLICAR T2", "STATUS": "APLICAR T2", "field_14": null, "field_15": null, "field_16": null }, "geometry": { "type": "Point", "coordinates": [ -43.94154, -19.930437 ] } },
{ "type": "Feature", "properties": { "NROCNPJ_PAD": "33687060000183", "STATUS_MAILING": "PRIMEIRA CONSULTORIA REALIZADA PRESENCIAL", "NOME_FANTASIA": "JESS CALCADOS", "RAZAO_SOCIAL": "J & L INTERMEDIACAO DE VENDAS DE CALCADOS E ACESSORIOS LTDA", "RESPONSAVEL": "JESSICA DAIANE SOARES DO NASCIMENTO|LUIZ OTAVIO PORTES BERTOLACE", "MUNICIPIO": "BELO HORIZONTE", "ENDEE": "RUA LINCOLN, 477, UNIAO, BELO HORIZONTE, MG", "BANCO": "BDMG", "LINHA_AVAL_NOME": "GIRO", "LATITUDE": "-19.8777715", "LONGITUDE": "-43.9232146", "STATUS_OPERACIONAL": "APLICAR T2", "STATUS": "APLICAR T2", "field_14": null, "field_15": null, "field_16": null }, "geometry": { "type": "Point", "coordinates": [ -43.9232146, -19.8777715 ] } },
{ "type": "Feature", "properties": { "NROCNPJ_PAD": "28313705000269", "STATUS_MAILING": "PRIMEIRA CONSULTORIA REALIZADA PRESENCIAL", "NOME_FANTASIA": "JARAGUA TINTAS", "RAZAO_SOCIAL": "JARAGUA TINTAS LTDA", "RESPONSAVEL": "BRUNODRUMONDMARTINS", "MUNICIPIO": "BELO HORIZONTE", "ENDEE": "RUA ALBERTO CINTRA, 324, UNIAO, BELO HORIZONTE, MG", "BANCO": "SICOOB", "LINHA_AVAL_NOME": "GIRO", "LATITUDE": "-19.8819726", "LONGITUDE": "-43.9287662", "STATUS_OPERACIONAL": "APLICAR T2", "STATUS": "APLICAR T2", "field_14": null, "field_15": null, "field_16": null }, "geometry": { "type": "Point", "coordinates": [ -43.9287662, -19.8819726 ] } },
{ "type": "Feature", "properties": { "NROCNPJ_PAD": "44804000000110", "STATUS_MAILING": "PRIMEIRA CONSULTORIA REALIZADA PRESENCIAL", "NOME_FANTASIA": "-", "RAZAO_SOCIAL": "RVA ESTETICA BH LTDA", "RESPONSAVEL": "VILSON DA APARECIDA FERREIRA", "MUNICIPIO": "BELO HORIZONTE", "ENDEE": "RUA DOUTOR JULIO OTAVIANO FERREIRA, 579, LOJA 3, CIDADE NOVA, 31170-200, BELO HORIZONTE", "BANCO": "-", "LINHA_AVAL_NOME": "GIRO", "LATITUDE": "-19.8880217", "LONGITUDE": "-43.924266", "STATUS_OPERACIONAL": "APLICAR T2", "STATUS": "APLICAR T2", "field_14": null, "field_15": null, "field_16": null }, "geometry": { "type": "Point", "coordinates": [ -43.924266, -19.8880217 ] } },
{ "type": "Feature", "properties": { "NROCNPJ_PAD": "19258711000199", "STATUS_MAILING": "PRIMEIRA CONSULTORIA REALIZADA PRESENCIAL", "NOME_FANTASIA": "VETVOGAS HOSPITAL VETERINARIO", "RAZAO_SOCIAL": "VETVOGAS HOSPITAL VETERINARIO LTDA", "RESPONSAVEL": "IZABELAPEIXOTOVOGAS|LUCASVOGASESILVA|RODRIGO GUADELUPE VOGAS|RODRIGOGUADELUPEVOGAS|VITORVOGASESILVA", "MUNICIPIO": "BELO HORIZONTE", "ENDEE": "RUA DOUTOR JULIO OTAVIANO FERREIRA, 1036, CIDADE NOVA, BELO HORIZONTE, MG", "BANCO": "SICOOB", "LINHA_AVAL_NOME": "GIRO", "LATITUDE": "-19.8907051", "LONGITUDE": "-43.9209076", "STATUS_OPERACIONAL": "APLICAR T2", "STATUS": "APLICAR T2", "field_14": null, "field_15": null, "field_16": null }, "geometry": { "type": "Point", "coordinates": [ -43.9209076, -19.8907051 ] } },
{ "type": "Feature", "properties": { "NROCNPJ_PAD": "53089591000181", "STATUS_MAILING": "PRIMEIRA CONSULTORIA REALIZADA PRESENCIAL", "NOME_FANTASIA": "UNICONTAX", "RAZAO_SOCIAL": "UNICONTAX ASSESSORIA E SERVICOS CONTABEIS LTDA", "RESPONSAVEL": "DANIEL ZAGO DE SOUZA", "MUNICIPIO": "BELO HORIZONTE", "ENDEE": "RUA MARCIONILIA MONTIGO, 137, HORTO, 31030-285, BELO HORIZONTE", "BANCO": "-", "LINHA_AVAL_NOME": "GIRO", "LATITUDE": "-19.9085282", "LONGITUDE": "-43.9164486", "STATUS_OPERACIONAL": "APLICAR T2", "STATUS": "APLICAR T2", "field_14": null, "field_15": null, "field_16": null }, "geometry": { "type": "Point", "coordinates": [ -43.9164486, -19.9085282 ] } },
{ "type": "Feature", "properties": { "NROCNPJ_PAD": "40918192000134", "STATUS_MAILING": "PRIMEIRA CONSULTORIA REALIZADA PRESENCIAL", "NOME_FANTASIA": "BRAGA HORTIFRUTI", "RAZAO_SOCIAL": "GABRIEL PRATES BRAGA", "RESPONSAVEL": "GABRIEL PRATES BRAGA", "MUNICIPIO": "BELO HORIZONTE", "ENDEE": "RUA HELIUM, 356, LOJA A, NOVA FLORESTA, 31140-280, BELO HORIZONTE", "BANCO": "-", "LINHA_AVAL_NOME": "GIRO", "LATITUDE": "-19.8928146", "LONGITUDE": "-43.9325777", "STATUS_OPERACIONAL": "APLICAR T2", "STATUS": "APLICAR T2", "field_14": null, "field_15": null, "field_16": null }, "geometry": { "type": "Point", "coordinates": [ -43.9325777, -19.8928146 ] } },
{ "type": "Feature", "properties": { "NROCNPJ_PAD": "11424310000150", "STATUS_MAILING": "PRIMEIRA CONSULTORIA REALIZADA PRESENCIAL", "NOME_FANTASIA": "-", "RAZAO_SOCIAL": "MARIA APARECIDA DE MIRANDA SILVA", "RESPONSAVEL": "MARIA APARECIDA DE MIRANDA SILVA", "MUNICIPIO": "BELO HORIZONTE", "ENDEE": "RUA JOAO GUALBERTO FILHO, 206., SAGRADA FAMILIA, BELO HORIZONTE, MG", "BANCO": "SICOOB", "LINHA_AVAL_NOME": "EMPREENDEDORISMO FEM", "LATITUDE": "-19.90475", "LONGITUDE": "-43.9256144", "STATUS_OPERACIONAL": "APLICAR T2", "STATUS": "APLICAR T2", "field_14": null, "field_15": null, "field_16": null }, "geometry": { "type": "Point", "coordinates": [ -43.9256144, -19.90475 ] } },
{ "type": "Feature", "properties": { "NROCNPJ_PAD": "25096177000164", "STATUS_MAILING": "PRIMEIRA CONSULTORIA REALIZADA PRESENCIAL", "NOME_FANTASIA": "CONTEMPLACAR SOLUCOES FINANCEIRAS", "RAZAO_SOCIAL": "CONTEMPLACAR MULTIMARCAS LTDA", "RESPONSAVEL": "JUNIO HENRIQUE GOMES SILVA", "MUNICIPIO": "BELO HORIZONTE", "ENDEE": "AVENIDA SILVIANO BRANDAO, 2100, HORTO, BELO HORIZONTE, MG", "BANCO": "BRADESCO", "LINHA_AVAL_NOME": "GIRO", "LATITUDE": "-19.9113453", "LONGITUDE": "-43.9178248", "STATUS_OPERACIONAL": "APLICAR T2", "STATUS": "APLICAR T2", "field_14": null, "field_15": null, "field_16": null }, "geometry": { "type": "Point", "coordinates": [ -43.9178248, -19.9113453 ] } },
{ "type": "Feature", "properties": { "NROCNPJ_PAD": "41644796000100", "STATUS_MAILING": "PRIMEIRA CONSULTORIA REALIZADA PRESENCIAL", "NOME_FANTASIA": "RESTAURANTE PIMENTA DO REINO", "RAZAO_SOCIAL": "PIMENTA DO REINO LTDA", "RESPONSAVEL": "ATILAMAGNODEOLIVEIRA", "MUNICIPIO": "BELO HORIZONTE", "ENDEE": "RUA AQUILES LOBO, 535, FLORESTA, BELO HORIZONTE, MG", "BANCO": "SICOOB", "LINHA_AVAL_NOME": "EMPREENDEDORISMO FEM", "LATITUDE": "-19.9201634", "LONGITUDE": "-43.930945", "STATUS_OPERACIONAL": "APLICAR T2", "STATUS": "APLICAR T2", "field_14": null, "field_15": null, "field_16": null }, "geometry": { "type": "Point", "coordinates": [ -43.930945, -19.9201634 ] } },
{ "type": "Feature", "properties": { "NROCNPJ_PAD": "25972688000100", "STATUS_MAILING": "PRIMEIRA CONSULTORIA REALIZADA PRESENCIAL", "NOME_FANTASIA": "PAPELARIA VITORIA", "RAZAO_SOCIAL": "PAPELARIA E ARMARINHO ESPLANADA LTDA", "RESPONSAVEL": "EVANILDO PEREIRA DA SILVA BRAGA|TEREZINHA DE OLIVEIRA DIAS", "MUNICIPIO": "BELO HORIZONTE", "ENDEE": "RUA VINTE E OITO DE SETEMBRO, 659, ESPLANADA, BELO HORIZONTE, MG", "BANCO": "BDMG", "LINHA_AVAL_NOME": "GIRO", "LATITUDE": "-19.9064736", "LONGITUDE": "-43.9069176", "STATUS_OPERACIONAL": "APLICAR T2", "STATUS": "APLICAR T2", "field_14": null, "field_15": null, "field_16": null }, "geometry": { "type": "Point", "coordinates": [ -43.9069176, -19.9064736 ] } },
{ "type": "Feature", "properties": { "NROCNPJ_PAD": "11383842000196", "STATUS_MAILING": "PRIMEIRA CONSULTORIA REALIZADA PRESENCIAL", "NOME_FANTASIA": "EXPER ASSADOS", "RAZAO_SOCIAL": "GLAUCIA BREDOFF DE JESUS PENHA", "RESPONSAVEL": "GLAUCIA BREDOFF DE JESUS PENHA", "MUNICIPIO": "BELO HORIZONTE", "ENDEE": "RUA VINTE E OITO DE SETEMBRO, 402, ESPLANADA, BELO HORIZONTE, MG", "BANCO": "ESTÍMULO", "LINHA_AVAL_NOME": "INVESTIMENTO + GIRO", "LATITUDE": "-19.9044126", "LONGITUDE": "-43.9062111", "STATUS_OPERACIONAL": "APLICAR T2", "STATUS": "APLICAR T2", "field_14": null, "field_15": null, "field_16": null }, "geometry": { "type": "Point", "coordinates": [ -43.9062111, -19.9044126 ] } },
{ "type": "Feature", "properties": { "NROCNPJ_PAD": "37047603000159", "STATUS_MAILING": "PRIMEIRA CONSULTORIA REALIZADA PRESENCIAL", "NOME_FANTASIA": "1000 IMPRESSOS ROTULOS E ETIQUETAS ADESIVAS", "RAZAO_SOCIAL": "1000 IMPRESSOS ROTULOS E ETIQUETAS ADESIVAS LTDA.", "RESPONSAVEL": "EDIVALDO DA MOTA SILVA", "MUNICIPIO": "BELO HORIZONTE", "ENDEE": "RUA ZILAH RODRIGUES, 115, HAVAI, BELO HORIZONTE, MG", "BANCO": "BDMG", "LINHA_AVAL_NOME": "GIRO", "LATITUDE": "-19.960197", "LONGITUDE": "-43.9718921", "STATUS_OPERACIONAL": "APLICAR T2", "STATUS": "APLICAR T2", "field_14": null, "field_15": null, "field_16": null }, "geometry": { "type": "Point", "coordinates": [ -43.9718921, -19.960197 ] } },
{ "type": "Feature", "properties": { "NROCNPJ_PAD": "48442998000100", "STATUS_MAILING": "PRIMEIRA CONSULTORIA REALIZADA PRESENCIAL", "NOME_FANTASIA": "SO PICK-UPS 4X4 LOCADORA", "RAZAO_SOCIAL": "SO PICK-UPS 4X4 LTDA", "RESPONSAVEL": "ANNA LUIZA MARCHESANI MOURA", "MUNICIPIO": "BELO HORIZONTE", "ENDEE": "AVENIDA BARAO HOMEM DE MELO, 3000, ESTORIL, BELO HORIZONTE, MG", "BANCO": "BRADESCO", "LINHA_AVAL_NOME": "GIRO", "LATITUDE": "-19.9613093", "LONGITUDE": "-43.9647199", "STATUS_OPERACIONAL": "APLICAR T2", "STATUS": "APLICAR T2", "field_14": null, "field_15": null, "field_16": null }, "geometry": { "type": "Point", "coordinates": [ -43.9647199, -19.9613093 ] } },
{ "type": "Feature", "properties": { "NROCNPJ_PAD": "40973319000118", "STATUS_MAILING": "PRIMEIRA CONSULTORIA REALIZADA PRESENCIAL", "NOME_FANTASIA": "BRASA E ESPETO", "RAZAO_SOCIAL": "JHONATAN ESPETERIA LTDA", "RESPONSAVEL": "-", "MUNICIPIO": "BELO HORIZONTE", "ENDEE": "RUA DOM JOAO VI,1491,PALMEIRAS,30575-460,BELO HORIZONTE,MG, BRASIL", "BANCO": "SICOOB", "LINHA_AVAL_NOME": "0", "LATITUDE": "-19.9691476", "LONGITUDE": "-43.9807106", "STATUS_OPERACIONAL": "APLICAR T2", "STATUS": "APLICAR T2", "field_14": null, "field_15": null, "field_16": null }, "geometry": { "type": "Point", "coordinates": [ -43.9807106, -19.9691476 ] } },
{ "type": "Feature", "properties": { "NROCNPJ_PAD": "14277261000168", "STATUS_MAILING": "PRIMEIRA CONSULTORIA REALIZADA PRESENCIAL", "NOME_FANTASIA": "WV CLIMA", "RAZAO_SOCIAL": "WILSON VIDAL DA SILVA", "RESPONSAVEL": "ROSANACARLAMOURAGOMESSILVA|WILSONVIDALDASILVA", "MUNICIPIO": "BELO HORIZONTE", "ENDEE": "AVENIDA DOM JOAO VI, 1931, PALMEIRAS, 30575-460, BELO HORIZONTE", "BANCO": "-", "LINHA_AVAL_NOME": "GIRO", "LATITUDE": "-19.9731228", "LONGITUDE": "-43.978378", "STATUS_OPERACIONAL": "APLICAR T2", "STATUS": "APLICAR T2", "field_14": null, "field_15": null, "field_16": null }, "geometry": { "type": "Point", "coordinates": [ -43.978378, -19.9731228 ] } },
{ "type": "Feature", "properties": { "NROCNPJ_PAD": "19508451000162", "STATUS_MAILING": "PRIMEIRA CONSULTORIA REALIZADA PRESENCIAL", "NOME_FANTASIA": "-", "RAZAO_SOCIAL": "ACADEMIA ARES FITNESS - TREINAMENTO ESPORTIVO & EVENTOS LTDA", "RESPONSAVEL": "VINICIUS INACIO MACHADO", "MUNICIPIO": "BELO HORIZONTE", "ENDEE": "RUA RUBENS CAPORALI RIBEIRO, 752, BURITIS, BELO HORIZONTE, MG", "BANCO": "BDMG", "LINHA_AVAL_NOME": "GIRO", "LATITUDE": "-19.9787901", "LONGITUDE": "-43.9765835", "STATUS_OPERACIONAL": "APLICAR T2", "STATUS": "APLICAR T2", "field_14": null, "field_15": null, "field_16": null }, "geometry": { "type": "Point", "coordinates": [ -43.9765835, -19.9787901 ] } },
{ "type": "Feature", "properties": { "NROCNPJ_PAD": "14429504000136", "STATUS_MAILING": "PRIMEIRA CONSULTORIA REALIZADA PRESENCIAL", "NOME_FANTASIA": "TRILHA MECANICA", "RAZAO_SOCIAL": "TRILHA MECANICA LTDA", "RESPONSAVEL": "GILVANDRA HENRIQUE SIRQUEIRA CORREA|WILLIAN AFONSO CORREA GOMES", "MUNICIPIO": "BELO HORIZONTE", "ENDEE": "RUA RIO CASCA, 58, CARLOS PRATES, BELO HORIZONTE, MG", "BANCO": "BDMG", "LINHA_AVAL_NOME": "GIRO", "LATITUDE": "-19.912724", "LONGITUDE": "-43.9554625", "STATUS_OPERACIONAL": "APLICAR T2", "STATUS": "APLICAR T2", "field_14": null, "field_15": null, "field_16": null }, "geometry": { "type": "Point", "coordinates": [ -43.9554625, -19.912724 ] } },
{ "type": "Feature", "properties": { "NROCNPJ_PAD": "52292619000110", "STATUS_MAILING": "PRIMEIRA CONSULTORIA REALIZADA PRESENCIAL", "NOME_FANTASIA": "-", "RAZAO_SOCIAL": "BOLO DE MI LTDA", "RESPONSAVEL": "LUIZPHELLIPECARDOSOSILVA", "MUNICIPIO": "BELO HORIZONTE", "ENDEE": "RUA DOS ASTECAS, 2946, SANTA MONICA, BELO HORIZONTE, MG", "BANCO": "SICOOB", "LINHA_AVAL_NOME": "GIRO", "LATITUDE": "-19.8300523", "LONGITUDE": "-43.9792801", "STATUS_OPERACIONAL": "APLICAR T2", "STATUS": "APLICAR T2", "field_14": null, "field_15": null, "field_16": null }, "geometry": { "type": "Point", "coordinates": [ -43.9792801, -19.8300523 ] } },
{ "type": "Feature", "properties": { "NROCNPJ_PAD": "16699247000188", "STATUS_MAILING": "PRIMEIRA CONSULTORIA REALIZADA PRESENCIAL", "NOME_FANTASIA": "AGRO EMBALAGEM", "RAZAO_SOCIAL": "CLEITON CARLOS E SILVA", "RESPONSAVEL": "CLEITON CARLOS E SILVA", "MUNICIPIO": "BELO HORIZONTE", "ENDEE": "RUA CARLOS ALVES, 8, SAO JOSE, BELO HORIZONTE, MG", "BANCO": "BDMG", "LINHA_AVAL_NOME": "GIRO", "LATITUDE": "-19.8582879", "LONGITUDE": "-43.9626058", "STATUS_OPERACIONAL": "APLICAR T2", "STATUS": "APLICAR T2", "field_14": null, "field_15": null, "field_16": null }, "geometry": { "type": "Point", "coordinates": [ -43.9626058, -19.8582879 ] } },
{ "type": "Feature", "properties": { "NROCNPJ_PAD": "19326582000129", "STATUS_MAILING": "PRIMEIRA CONSULTORIA REALIZADA PRESENCIAL", "NOME_FANTASIA": "ROSA SHOCK", "RAZAO_SOCIAL": "EVA MARLENE SILVEIRA DUTRA 04220817603", "RESPONSAVEL": "EVA MARLENE SILVEIRA DUTRA", "MUNICIPIO": "BELO HORIZONTE", "ENDEE": "RUA CENTRAL, 1118, JARDIM LEBLON, BELO HORIZONTE, MG", "BANCO": "BDMG", "LINHA_AVAL_NOME": "GIRO", "LATITUDE": "-19.8299084", "LONGITUDE": "-43.9877021", "STATUS_OPERACIONAL": "APLICAR T2", "STATUS": "APLICAR T2", "field_14": null, "field_15": null, "field_16": null }, "geometry": { "type": "Point", "coordinates": [ -43.9877021, -19.8299084 ] } },
{ "type": "Feature", "properties": { "NROCNPJ_PAD": "42877512000180", "STATUS_MAILING": "PRIMEIRA CONSULTORIA REALIZADA PRESENCIAL", "NOME_FANTASIA": "-", "RAZAO_SOCIAL": "SOS ASSISTENCIA TECNICA LTDA", "RESPONSAVEL": "WELLINGTONADRIELDOSSANTOSMEIRA", "MUNICIPIO": "BELO HORIZONTE", "ENDEE": "RUA CENTRAL, 53, COPACABANA, BELO HORIZONTE, MG", "BANCO": "SICOOB", "LINHA_AVAL_NOME": "GIRO", "LATITUDE": "-19.8392632", "LONGITUDE": "-43.9872595", "STATUS_OPERACIONAL": "APLICAR T2", "STATUS": "APLICAR T2", "field_14": null, "field_15": null, "field_16": null }, "geometry": { "type": "Point", "coordinates": [ -43.9872595, -19.8392632 ] } },
{ "type": "Feature", "properties": { "NROCNPJ_PAD": "41748504000171", "STATUS_MAILING": "PRIMEIRA CONSULTORIA REALIZADA PRESENCIAL", "NOME_FANTASIA": "TUDAO & RCARPARTS", "RAZAO_SOCIAL": "RCARPARTS COMERCIO E REPRESENTACOES LTDA", "RESPONSAVEL": "RAPHAEL PEDRO SILVA GUIMARAES", "MUNICIPIO": "BELO HORIZONTE", "ENDEE": "RUA JOINVILLE, 40, COPACABANA, 31550-550, BELO HORIZONTE", "BANCO": "-", "LINHA_AVAL_NOME": "GIRO", "LATITUDE": "-19.8385591", "LONGITUDE": "-43.9830635", "STATUS_OPERACIONAL": "APLICAR T2", "STATUS": "APLICAR T2", "field_14": null, "field_15": null, "field_16": null }, "geometry": { "type": "Point", "coordinates": [ -43.9830635, -19.8385591 ] } },
{ "type": "Feature", "properties": { "NROCNPJ_PAD": "23075130000199", "STATUS_MAILING": "PRIMEIRA CONSULTORIA REALIZADA PRESENCIAL", "NOME_FANTASIA": "ADEGA & CIA", "RAZAO_SOCIAL": "RONNEY VIANA LACERDA", "RESPONSAVEL": "RONNEYVIANALACERDA", "MUNICIPIO": "BELO HORIZONTE", "ENDEE": "RUA JOSE NICODEMOS, 260, SANTA CRUZ, BELO HORIZONTE, MG", "BANCO": "SICOOB", "LINHA_AVAL_NOME": "GIRO", "LATITUDE": "-19.8774859", "LONGITUDE": "-43.934902", "STATUS_OPERACIONAL": "APLICAR T2", "STATUS": "APLICAR T2", "field_14": null, "field_15": null, "field_16": null }, "geometry": { "type": "Point", "coordinates": [ -43.934902, -19.8774859 ] } },
{ "type": "Feature", "properties": { "NROCNPJ_PAD": "07448452000180", "STATUS_MAILING": "PRIMEIRA CONSULTORIA REALIZADA PRESENCIAL", "NOME_FANTASIA": "-", "RAZAO_SOCIAL": "RENASCER PISCINAS E ACABAMENTOS LTDA", "RESPONSAVEL": "DANIEL OLIVEIRA DE ALVARENGA", "MUNICIPIO": "BELO HORIZONTE", "ENDEE": "AVENIDA BERNARDO DE VASCONCELOS, 1784, IPIRANGA, BELO HORIZONTE, MG", "BANCO": "BDMG", "LINHA_AVAL_NOME": "GIRO", "LATITUDE": "-19.8812429", "LONGITUDE": "-43.9356263", "STATUS_OPERACIONAL": "APLICAR T2", "STATUS": "APLICAR T2", "field_14": null, "field_15": null, "field_16": null }, "geometry": { "type": "Point", "coordinates": [ -43.9356263, -19.8812429 ] } },
{ "type": "Feature", "properties": { "NROCNPJ_PAD": "26707116000159", "STATUS_MAILING": "PRIMEIRA CONSULTORIA REALIZADA PRESENCIAL", "NOME_FANTASIA": "4X4 LANTERNAGEM & PINTURA", "RAZAO_SOCIAL": "CASSIO OLIVEIRA LTDA", "RESPONSAVEL": "CASSIOARAUJODEOLIVEIRA", "MUNICIPIO": "BELO HORIZONTE", "ENDEE": "RUA ITAPETINGA - DE 201 A 935 - LADO IMPAR, 405, CACHOEIRINHA, 31130-143, BELO HORIZONTE", "BANCO": "-", "LINHA_AVAL_NOME": "GIRO", "LATITUDE": "-19.8943468", "LONGITUDE": "-43.9478505", "STATUS_OPERACIONAL": "APLICAR T2", "STATUS": "APLICAR T2", "field_14": null, "field_15": null, "field_16": null }, "geometry": { "type": "Point", "coordinates": [ -43.9478505, -19.8943468 ] } },
{ "type": "Feature", "properties": { "NROCNPJ_PAD": "42263279000146", "STATUS_MAILING": "PRIMEIRA CONSULTORIA REALIZADA PRESENCIAL", "NOME_FANTASIA": "ERIC CENTRO AUTOMOTIVO", "RAZAO_SOCIAL": "ERIC SOARES DE FARIA ARANTES 12606038657", "RESPONSAVEL": "ERIC SOARES DE FARIA ARANTES", "MUNICIPIO": "BELO HORIZONTE", "ENDEE": "RUA CORONEL ALVES, 27, CACHOEIRINHA, BELO HORIZONTE, MG", "BANCO": "BDMG", "LINHA_AVAL_NOME": "GIRO", "LATITUDE": "-19.8890859", "LONGITUDE": "-43.9434299", "STATUS_OPERACIONAL": "APLICAR T2", "STATUS": "APLICAR T2", "field_14": null, "field_15": null, "field_16": null }, "geometry": { "type": "Point", "coordinates": [ -43.9434299, -19.8890859 ] } },
{ "type": "Feature", "properties": { "NROCNPJ_PAD": "57620225000168", "STATUS_MAILING": "PRIMEIRA CONSULTORIA REALIZADA PRESENCIAL", "NOME_FANTASIA": "-", "RAZAO_SOCIAL": "KPA ESCORAMENTOS LTDA", "RESPONSAVEL": "ANDREA ROCHA CAVALCANTE|ETELVINA LUCAS DOS SANTOS", "MUNICIPIO": "BELO HORIZONTE", "ENDEE": "RUA ALCIDES LOBO, 35, JOAO PINHEIRO, BELO HORIZONTE, MG", "BANCO": "BDMG", "LINHA_AVAL_NOME": "GIRO", "LATITUDE": "-19.929587", "LONGITUDE": "-43.9938921", "STATUS_OPERACIONAL": "APLICAR T2", "STATUS": "APLICAR T2", "field_14": null, "field_15": null, "field_16": null }, "geometry": { "type": "Point", "coordinates": [ -43.9938921, -19.929587 ] } },
{ "type": "Feature", "properties": { "NROCNPJ_PAD": "07577628000101", "STATUS_MAILING": "PRIMEIRA CONSULTORIA REALIZADA PRESENCIAL", "NOME_FANTASIA": "FEIJAO TROPEIRO", "RAZAO_SOCIAL": "RESTAURANTE J&G LTDA", "RESPONSAVEL": "ANDERSON DA SILVA", "MUNICIPIO": "BELO HORIZONTE", "ENDEE": "RUA BONFIM, 279, BONFIM, BELO HORIZONTE, MG", "BANCO": "ESTÍMULO", "LINHA_AVAL_NOME": "INVESTIMENTO + GIRO", "LATITUDE": "-19.9120138", "LONGITUDE": "-43.9451423", "STATUS_OPERACIONAL": "APLICAR T2", "STATUS": "APLICAR T2", "field_14": null, "field_15": null, "field_16": null }, "geometry": { "type": "Point", "coordinates": [ -43.9451423, -19.9120138 ] } },
{ "type": "Feature", "properties": { "NROCNPJ_PAD": "51818442000180", "STATUS_MAILING": "PRIMEIRA CONSULTORIA REALIZADA PRESENCIAL", "NOME_FANTASIA": "-", "RAZAO_SOCIAL": "51.818.442 CRISTIANE AUXILIADORA MOREIRA SANTOS", "RESPONSAVEL": "CRISTIANEAUXILIADORAMOREIRASANTOS", "MUNICIPIO": "BELO HORIZONTE", "ENDEE": "RUA CERINA, 210, ALTO DOS PINHEIROS, BELO HORIZONTE, MG", "BANCO": "SICOOB", "LINHA_AVAL_NOME": "EMPREENDEDORISMO FEM", "LATITUDE": "-19.9345043", "LONGITUDE": "-44.0015259", "STATUS_OPERACIONAL": "APLICAR T2", "STATUS": "APLICAR T2", "field_14": null, "field_15": null, "field_16": null }, "geometry": { "type": "Point", "coordinates": [ -44.0015259, -19.9345043 ] } },
{ "type": "Feature", "properties": { "NROCNPJ_PAD": "19586567000110", "STATUS_MAILING": "PRIMEIRA CONSULTORIA REALIZADA PRESENCIAL", "NOME_FANTASIA": "BEMVIDROS", "RAZAO_SOCIAL": "BEMVIDROS & JATEAMENTO LTDA", "RESPONSAVEL": "WARLLEY DA SILVA EVANGELISTA", "MUNICIPIO": "BELO HORIZONTE", "ENDEE": "RUA TAPIRI, 92, JARDINOPOLIS, BELO HORIZONTE, MG", "BANCO": "BRADESCO", "LINHA_AVAL_NOME": "GIRO", "LATITUDE": "-19.938389", "LONGITUDE": "-44.0019809", "STATUS_OPERACIONAL": "APLICAR T2", "STATUS": "APLICAR T2", "field_14": null, "field_15": null, "field_16": null }, "geometry": { "type": "Point", "coordinates": [ -44.0019809, -19.938389 ] } },
{ "type": "Feature", "properties": { "NROCNPJ_PAD": "52625004000169", "STATUS_MAILING": "PRIMEIRA CONSULTORIA REALIZADA PRESENCIAL", "NOME_FANTASIA": "0", "RAZAO_SOCIAL": "RODRIGO OLIVEIRA BARBERSHOP LTDA", "RESPONSAVEL": "-", "MUNICIPIO": "BELO HORIZONTE", "ENDEE": "RUA NOGUEIRA DE PAIVA,38,ALTO DOS PINHEIROS,30530-440,BELO HORIZONTE,MG, BRASIL", "BANCO": "BDMG", "LINHA_AVAL_NOME": "0", "LATITUDE": "-19.9324346", "LONGITUDE": "-44.0004582", "STATUS_OPERACIONAL": "APLICAR T2", "STATUS": "APLICAR T2", "field_14": null, "field_15": null, "field_16": null }, "geometry": { "type": "Point", "coordinates": [ -44.0004582, -19.9324346 ] } },
{ "type": "Feature", "properties": { "NROCNPJ_PAD": "25464125000101", "STATUS_MAILING": "PRIMEIRA CONSULTORIA REALIZADA PRESENCIAL", "NOME_FANTASIA": "LIMAO DISTRIBUIDORA", "RAZAO_SOCIAL": "ORGANIZACOES RFB LTDA", "RESPONSAVEL": "RODRIGOFERRAZBASTOS", "MUNICIPIO": "BELO HORIZONTE", "ENDEE": "RUA DO OURO, 1100, SERRA, BELO HORIZONTE, MG", "BANCO": "SICOOB", "LINHA_AVAL_NOME": "GIRO", "LATITUDE": "-19.9407402", "LONGITUDE": "-43.9202486", "STATUS_OPERACIONAL": "APLICAR T2", "STATUS": "APLICAR T2", "field_14": null, "field_15": null, "field_16": null }, "geometry": { "type": "Point", "coordinates": [ -43.9202486, -19.9407402 ] } },
{ "type": "Feature", "properties": { "NROCNPJ_PAD": "71389076000107", "STATUS_MAILING": "PRIMEIRA CONSULTORIA REALIZADA PRESENCIAL", "NOME_FANTASIA": "SABOR DE MINAS", "RAZAO_SOCIAL": "LOURES E ROCHA RESTAURANTE E PIZZARIA LTDA", "RESPONSAVEL": "-", "MUNICIPIO": "BELO HORIZONTE", "ENDEE": "RUA PROFESSOR ARDUINO BOLIVAR,150,SANTO ANTONIO,30350-140,BELO HORIZONTE,MG, BRASIL", "BANCO": "BDMG", "LINHA_AVAL_NOME": "0", "LATITUDE": "-19.9437475", "LONGITUDE": "-43.9457869", "STATUS_OPERACIONAL": "APLICAR T2", "STATUS": "APLICAR T2", "field_14": null, "field_15": null, "field_16": null }, "geometry": { "type": "Point", "coordinates": [ -43.9457869, -19.9437475 ] } },
{ "type": "Feature", "properties": { "NROCNPJ_PAD": "33516615000124", "STATUS_MAILING": "EMPRESA ELEGÍVEL ONLINE SEM SUCESSO NO CONTATO TELEFÔNICO/EMPRESA ELEGÍVEL PRESENCIAL NÃO VISITADA", "NOME_FANTASIA": "DJ VOLKS", "RAZAO_SOCIAL": "JDJ AUTO PECAS LTDA", "RESPONSAVEL": "ANACAROLINADECARVALHO|JOSUEAUGUSTODECARVALHO", "MUNICIPIO": "BELO HORIZONTE", "ENDEE": "RUA RAMOS DE AZEVEDO, 545, MONSENHOR MESSIAS, 30720-470, BELO HORIZONTE", "BANCO": "-", "LINHA_AVAL_NOME": "GIRO", "LATITUDE": "-19.9115332", "LONGITUDE": "-43.9786385", "STATUS_OPERACIONAL": "APLICAR T2", "STATUS": "APLICAR T2", "field_14": null, "field_15": null, "field_16": null }, "geometry": { "type": "Point", "coordinates": [ -43.9786385, -19.9115332 ] } },
{ "type": "Feature", "properties": { "NROCNPJ_PAD": "46548028000169", "STATUS_MAILING": "EMPRESA ELEGÍVEL ONLINE NÃO TRABALHADA NO CONTATO TELEFÔNICO/EMPRESA ELEGÍVEL PRESENCIAL NÃO VISITADA", "NOME_FANTASIA": "WAR POINT COFFEE", "RAZAO_SOCIAL": "WAR POINT COFFEE ATTACK LTDA", "RESPONSAVEL": "SARAH MENEZES GUERRA", "MUNICIPIO": "BELO HORIZONTE", "ENDEE": "AVENIDA SILVA LOBO, 1336, LOJA 05, NOVA GRANADA, 30431-262, BELO HORIZONTE, MG, BRASIL", "BANCO": "SICREDI 2", "LINHA_AVAL_NOME": "Empreendedorismo Fem", "LATITUDE": "-19.9368486", "LONGITUDE": "-43.9701676", "STATUS_OPERACIONAL": "APLICAR T2", "STATUS": "APLICAR T2", "field_14": null, "field_15": null, "field_16": null }, "geometry": { "type": "Point", "coordinates": [ -43.9701676, -19.9368486 ] } },
{ "type": "Feature", "properties": { "NROCNPJ_PAD": "49315453000104", "STATUS_MAILING": "EMPRESA ELEGÍVEL ONLINE NÃO TRABALHADA NO CONTATO TELEFÔNICO/EMPRESA ELEGÍVEL PRESENCIAL NÃO VISITADA", "NOME_FANTASIA": "NADE BEM", "RAZAO_SOCIAL": "NADE BEM COMERCIO LTDA", "RESPONSAVEL": "IGORCOELHONERISAMARAL", "MUNICIPIO": "BELO HORIZONTE", "ENDEE": "RUA ALAGOAS, 601, LOJA 17, SAVASSI, 30130-165, BELO HORIZONTE, MG, BRASIL", "BANCO": "SICOOB", "LINHA_AVAL_NOME": "Giro", "LATITUDE": "-19.932337", "LONGITUDE": "-43.9351562", "STATUS_OPERACIONAL": "APLICAR T2", "STATUS": "APLICAR T2", "field_14": null, "field_15": null, "field_16": null }, "geometry": { "type": "Point", "coordinates": [ -43.9351562, -19.932337 ] } },
{ "type": "Feature", "properties": { "NROCNPJ_PAD": "11519851000161", "STATUS_MAILING": "PRIMEIRA CONSULTORIA REALIZADA PRESENCIAL", "NOME_FANTASIA": "-", "RAZAO_SOCIAL": "SO NISSAN LTDA", "RESPONSAVEL": "FABIANO DIAS MACEDO", "MUNICIPIO": "BELO HORIZONTE", "ENDEE": "AVENIDA DOM PEDRO II, 286, BONFIM, BELO HORIZONTE, MG", "BANCO": "BDMG", "LINHA_AVAL_NOME": "GIRO", "LATITUDE": "-19.9126226", "LONGITUDE": "-43.9463666", "STATUS_OPERACIONAL": "APLICAR T2", "STATUS": "APLICAR T2", "field_14": null, "field_15": null, "field_16": null }, "geometry": { "type": "Point", "coordinates": [ -43.9463666, -19.9126226 ] } },
{ "type": "Feature", "properties": { "NROCNPJ_PAD": "09523736000119", "STATUS_MAILING": "PRIMEIRA CONSULTORIA REALIZADA PRESENCIAL", "NOME_FANTASIA": "RENTALFUROS", "RAZAO_SOCIAL": "RENTALFUROS LOCADORA DE FERRAMENTAS ELETRICAS LTDA", "RESPONSAVEL": "EDVALDO ALVES DE SOUZA|EUDNALDOALVESDESOUZA|JOSIANERESENDEPENA|RAFAELJOSEDEALMEIDA|ROBERTO RODRIGUES DE SOUSA", "MUNICIPIO": "BELO HORIZONTE", "ENDEE": "AVENIDA NOSSA SENHORA DE FATIMA, 1975, CARLOS PRATES, BELO HORIZONTE, MG", "BANCO": "SICOOB", "LINHA_AVAL_NOME": "GIRO", "LATITUDE": "-19.914022", "LONGITUDE": "-43.9494982", "STATUS_OPERACIONAL": "APLICAR T2", "STATUS": "APLICAR T2", "field_14": null, "field_15": null, "field_16": null }, "geometry": { "type": "Point", "coordinates": [ -43.9494982, -19.914022 ] } },
{ "type": "Feature", "properties": { "NROCNPJ_PAD": "19468837000198", "STATUS_MAILING": "PRIMEIRA CONSULTORIA REALIZADA PRESENCIAL", "NOME_FANTASIA": "-", "RAZAO_SOCIAL": "PIMP MY PET PRODUTOS E SERVICOS VETERINARIOS PARA ANIMAIS LTDA", "RESPONSAVEL": "NATHALIAJUNQUEIRAMINZONFERNANDES", "MUNICIPIO": "BELO HORIZONTE", "ENDEE": "AVENIDA DO CONTORNO, 3987, SAO LUCAS, 30110-021, BELO HORIZONTE", "BANCO": "-", "LINHA_AVAL_NOME": "GIRO", "LATITUDE": "-19.9292682", "LONGITUDE": "-43.9214143", "STATUS_OPERACIONAL": "APLICAR T2", "STATUS": "APLICAR T2", "field_14": null, "field_15": null, "field_16": null }, "geometry": { "type": "Point", "coordinates": [ -43.9214143, -19.9292682 ] } },
{ "type": "Feature", "properties": { "NROCNPJ_PAD": "34193278000144", "STATUS_MAILING": "PRIMEIRA CONSULTORIA REALIZADA ONLINE", "NOME_FANTASIA": "MEUCONVITE", "RAZAO_SOCIAL": "MEUCONVITE CONVITES ARTESANAIS LTDA", "RESPONSAVEL": "CLARISSALUCIANACATALANOFERREIRADOSREIS|WAGNERGABRIELDEPAULACOUTINHO", "MUNICIPIO": "BELO HORIZONTE", "ENDEE": "RUA BACUPA, 281, JARAGUA, BELO HORIZONTE, MG", "BANCO": "SICOOB", "LINHA_AVAL_NOME": "EMPREENDEDORISMO FEM", "LATITUDE": "-19.857336", "LONGITUDE": "-43.9527782", "STATUS_OPERACIONAL": "APLICAR T2", "STATUS": "APLICAR T2", "field_14": null, "field_15": null, "field_16": null }, "geometry": { "type": "Point", "coordinates": [ -43.9527782, -19.857336 ] } },
{ "type": "Feature", "properties": { "NROCNPJ_PAD": "60830513000151", "STATUS_MAILING": "PRIMEIRA CONSULTORIA REALIZADA PRESENCIAL", "NOME_FANTASIA": "-", "RAZAO_SOCIAL": "60.830.513 MARIANA FERNANDES DA SILVA", "RESPONSAVEL": "MARIANAFERNANDESDASILVA", "MUNICIPIO": "BELO HORIZONTE", "ENDEE": "AVENIDA PROFESSOR MARIO WERNECK, 1480, ESTORIL, BELO HORIZONTE, MG", "BANCO": "SICOOB", "LINHA_AVAL_NOME": "EMPREENDEDORISMO FEM", "LATITUDE": "-19.9680328", "LONGITUDE": "-43.9556079", "STATUS_OPERACIONAL": "APLICAR T2", "STATUS": "APLICAR T2", "field_14": null, "field_15": null, "field_16": null }, "geometry": { "type": "Point", "coordinates": [ -43.9556079, -19.9680328 ] } },
{ "type": "Feature", "properties": { "NROCNPJ_PAD": "14047505000116", "STATUS_MAILING": "PRIMEIRA CONSULTORIA REALIZADA PRESENCIAL", "NOME_FANTASIA": "TOFOCUS EMPREENDIMENTOS E MARKETING", "RAZAO_SOCIAL": "TOFOCUS EMPREENDIMENTOS E MARKETING LTDA", "RESPONSAVEL": "MATEUS DANIEL PEREIRA DE MACEDO", "MUNICIPIO": "BELO HORIZONTE", "ENDEE": "RUA PONTE NOVA, 745, COLEGIO BATISTA, BELO HORIZONTE, MG", "BANCO": "BDMG", "LINHA_AVAL_NOME": "GIRO", "LATITUDE": "-19.9090629", "LONGITUDE": "-43.9338707", "STATUS_OPERACIONAL": "APLICAR T2", "STATUS": "APLICAR T2", "field_14": null, "field_15": null, "field_16": null }, "geometry": { "type": "Point", "coordinates": [ -43.9338707, -19.9090629 ] } },
{ "type": "Feature", "properties": { "NROCNPJ_PAD": "28577754000128", "STATUS_MAILING": "PRIMEIRA CONSULTORIA REALIZADA PRESENCIAL", "NOME_FANTASIA": "WFE AUTO CENTER", "RAZAO_SOCIAL": "CENTRO AUTOMOTIVO WFE AUTO CENTER LTDA", "RESPONSAVEL": "FLAVIO HENRIQUE DE OLIVEIRA", "MUNICIPIO": "BELO HORIZONTE", "ENDEE": "RUA SENADOR LIMA GUIMARAES, 211, ESTORIL, BELO HORIZONTE, MG", "BANCO": "BRADESCO", "LINHA_AVAL_NOME": "GIRO", "LATITUDE": "-19.9685462", "LONGITUDE": "-43.9607168", "STATUS_OPERACIONAL": "APLICAR T2", "STATUS": "APLICAR T2", "field_14": null, "field_15": null, "field_16": null }, "geometry": { "type": "Point", "coordinates": [ -43.9607168, -19.9685462 ] } },
{ "type": "Feature", "properties": { "NROCNPJ_PAD": "34580237000100", "STATUS_MAILING": "PRIMEIRA CONSULTORIA REALIZADA PRESENCIAL", "NOME_FANTASIA": "FAMILIA VO ABENCOADA", "RAZAO_SOCIAL": "MARIA DAS GRACAS GONCALVES CANTINA", "RESPONSAVEL": "MARIA DAS GRACAS GONCALVES", "MUNICIPIO": "BELO HORIZONTE", "ENDEE": "AVENIDA RAJA GABAGLIA, 1306, GUTIERREZ, BELO HORIZONTE, MG", "BANCO": "SICOOB", "LINHA_AVAL_NOME": "EMPREENDEDORISMO FEM", "LATITUDE": "-19.9464393", "LONGITUDE": "-43.9594468", "STATUS_OPERACIONAL": "APLICAR T2", "STATUS": "APLICAR T2", "field_14": null, "field_15": null, "field_16": null }, "geometry": { "type": "Point", "coordinates": [ -43.9594468, -19.9464393 ] } },
{ "type": "Feature", "properties": { "NROCNPJ_PAD": "56661464000101", "STATUS_MAILING": "PRIMEIRA CONSULTORIA REALIZADA PRESENCIAL", "NOME_FANTASIA": "DEPOSITO CASA DUTRA", "RAZAO_SOCIAL": "CASA DUTRA MATERIAIS DE CONSTRUCAO LTDA", "RESPONSAVEL": "ISLANSALLESDUTRA", "MUNICIPIO": "BELO HORIZONTE", "ENDEE": "RUA LENI AMARAL, 449, SAO SALVADOR, BELO HORIZONTE, MG", "BANCO": "SICOOB", "LINHA_AVAL_NOME": "GIRO", "LATITUDE": "-19.893442", "LONGITUDE": "-44.0192919", "STATUS_OPERACIONAL": "APLICAR T2", "STATUS": "APLICAR T2", "field_14": null, "field_15": null, "field_16": null }, "geometry": { "type": "Point", "coordinates": [ -44.0192919, -19.893442 ] } },
{ "type": "Feature", "properties": { "NROCNPJ_PAD": "28580940000116", "STATUS_MAILING": "PRIMEIRA CONSULTORIA REALIZADA PRESENCIAL", "NOME_FANTASIA": "HARMONIA TREINAMENTO FISICO PERSONALIZADO", "RAZAO_SOCIAL": "CENTRO DE TREINAMENTO HARMONIA LTDA", "RESPONSAVEL": "VAGNERRODRIGUESMIRANDABRITO", "MUNICIPIO": "BELO HORIZONTE", "ENDEE": "RUA VILA RICA, 551, PADRE EUSTAQUIO, BELO HORIZONTE, MG", "BANCO": "SICOOB", "LINHA_AVAL_NOME": "GIRO", "LATITUDE": "-19.9175664", "LONGITUDE": "-43.9820946", "STATUS_OPERACIONAL": "APLICAR T2", "STATUS": "APLICAR T2", "field_14": null, "field_15": null, "field_16": null }, "geometry": { "type": "Point", "coordinates": [ -43.9820946, -19.9175664 ] } },
{ "type": "Feature", "properties": { "NROCNPJ_PAD": "01839793000108", "STATUS_MAILING": "PRIMEIRA CONSULTORIA REALIZADA PRESENCIAL", "NOME_FANTASIA": "ELETRO NOBRE", "RAZAO_SOCIAL": "MARIA APARECIDA FERREIRA CPF 62197967649", "RESPONSAVEL": "-", "MUNICIPIO": "BELO HORIZONTE", "ENDEE": "AVENIDA CRISTIANO MACHADO, 3435, LOJA 38, IPIRANGA ,31160-440 ,BELO HORIZONTE ,MG ,BRASIL", "BANCO": "-", "LINHA_AVAL_NOME": "-", "LATITUDE": "-19.8769721", "LONGITUDE": "-43.9292834", "STATUS_OPERACIONAL": "APLICAR T2", "STATUS": "APLICAR T2", "field_14": null, "field_15": null, "field_16": null }, "geometry": { "type": "Point", "coordinates": [ -43.9292834, -19.8769721 ] } },
{ "type": "Feature", "properties": { "NROCNPJ_PAD": "52459964000104", "STATUS_MAILING": "PRIMEIRA CONSULTORIA REALIZADA PRESENCIAL", "NOME_FANTASIA": "-", "RAZAO_SOCIAL": "MATOS BOUTIQUE LTDA", "RESPONSAVEL": "EDUARDA MATOS FERREIRA DOS SANTOS", "MUNICIPIO": "BELO HORIZONTE", "ENDEE": "RUA FARMACEUTICO GALILEU MARRA, 139, VILA VISTA ALEGRE, BELO HORIZONTE, MG", "BANCO": "BDMG", "LINHA_AVAL_NOME": "GIRO", "LATITUDE": "-19.9521171", "LONGITUDE": "-43.9903474", "STATUS_OPERACIONAL": "APLICAR T2", "STATUS": "APLICAR T2", "field_14": null, "field_15": null, "field_16": null }, "geometry": { "type": "Point", "coordinates": [ -43.9903474, -19.9521171 ] } },
{ "type": "Feature", "properties": { "NROCNPJ_PAD": "20499863000162", "STATUS_MAILING": "EMPRESA ELEGÍVEL ONLINE SEM SUCESSO NO CONTATO TELEFÔNICO/EMPRESA ELEGÍVEL PRESENCIAL E PROPRIETÁRIO AUSENTE", "NOME_FANTASIA": "PRENSADAO FOOD TRUCK DA JANA", "RAZAO_SOCIAL": "PRENSADAO FOOD TRUCK DA JANA LTDA", "RESPONSAVEL": "MARLON FELIPE TORRES MENDES SANTOS", "MUNICIPIO": "BELO HORIZONTE", "ENDEE": "RUA FLOR-DA-ESPERANCA, 80, JARDIM ALVORADA, BELO HORIZONTE, MG", "BANCO": "BDMG", "LINHA_AVAL_NOME": "GIRO", "LATITUDE": "-19.8952844", "LONGITUDE": "-43.9890081", "STATUS_OPERACIONAL": "APLICAR T2", "STATUS": "APLICAR T2", "field_14": null, "field_15": null, "field_16": null }, "geometry": { "type": "Point", "coordinates": [ -43.9890081, -19.8952844 ] } },
{ "type": "Feature", "properties": { "NROCNPJ_PAD": "17772676000104", "STATUS_MAILING": "SEGUNDA CONSULTORIA REALIZADA PRESENCIAL", "NOME_FANTASIA": "-", "RAZAO_SOCIAL": "TIGRE NEGOCIOS IMOBILIARIOS LTDA", "RESPONSAVEL": "LEONIDIAALMEIDATIGREDEOLIVEIRA", "MUNICIPIO": "BELO HORIZONTE", "ENDEE": "RUA GUMERCINDO COUTO E SILVA, 1061, ITAPOA, BELO HORIZONTE, MG", "BANCO": "SICOOB", "LINHA_AVAL_NOME": "EMPREENDEDORISMO FEM", "LATITUDE": "-19.842534", "LONGITUDE": "-43.9550902", "STATUS_OPERACIONAL": "APLICAR T3", "STATUS": "APLICAR T3", "field_14": null, "field_15": null, "field_16": null }, "geometry": { "type": "Point", "coordinates": [ -43.9550902, -19.842534 ] } },
{ "type": "Feature", "properties": { "NROCNPJ_PAD": "63211369000163", "STATUS_MAILING": "SEGUNDA CONSULTORIA REALIZADA ONLINE", "NOME_FANTASIA": "RENOVA ESSENZA", "RAZAO_SOCIAL": "RENOVA ESSENZA CLINIC LTDA", "RESPONSAVEL": "PRISCILADEOLIVEIRACRUZSILVA", "MUNICIPIO": "BELO HORIZONTE", "ENDEE": "AVENIDA SILVA LOBO, 1600, NOVA GRANADA, BELO HORIZONTE, MG", "BANCO": "SICOOB", "LINHA_AVAL_NOME": "EMPREENDEDORISMO FEM", "LATITUDE": "-19.9383875", "LONGITUDE": "-43.9686652", "STATUS_OPERACIONAL": "APLICAR T3", "STATUS": "APLICAR T3", "field_14": null, "field_15": null, "field_16": null }, "geometry": { "type": "Point", "coordinates": [ -43.9686652, -19.9383875 ] } },
{ "type": "Feature", "properties": { "NROCNPJ_PAD": "37608331000119", "STATUS_MAILING": "SEGUNDA CONSULTORIA REALIZADA ONLINE", "NOME_FANTASIA": "FEITO POR ELAS - CONFEITARIA E PRODUTOS CONGELADOS", "RAZAO_SOCIAL": "LC SILVA - CONFEITARIA", "RESPONSAVEL": "LAYSACARVALHODASILVA", "MUNICIPIO": "BELO HORIZONTE", "ENDEE": "RUA VINTE E OITO DE SETEMBRO, 236, ESPLANADA, BELO HORIZONTE, MG", "BANCO": "SICOOB", "LINHA_AVAL_NOME": "EMPREENDEDORISMO FEM", "LATITUDE": "-19.9028374", "LONGITUDE": "-43.9056086", "STATUS_OPERACIONAL": "APLICAR T3", "STATUS": "APLICAR T3", "field_14": null, "field_15": null, "field_16": null }, "geometry": { "type": "Point", "coordinates": [ -43.9056086, -19.9028374 ] } },
{ "type": "Feature", "properties": { "NROCNPJ_PAD": "37728468000107", "STATUS_MAILING": "SEGUNDA CONSULTORIA REALIZADA PRESENCIAL", "NOME_FANTASIA": "-", "RAZAO_SOCIAL": "LUMA NEGOCIOS IMOBILIARIOS LTDA", "RESPONSAVEL": "CRISTOVAO DE SOUZA", "MUNICIPIO": "BELO HORIZONTE", "ENDEE": "RUA DA BAHIA, 905, CENTRO, BELO HORIZONTE, MG", "BANCO": "BDMG", "LINHA_AVAL_NOME": "GIRO", "LATITUDE": "-19.9230221", "LONGITUDE": "-43.9367118", "STATUS_OPERACIONAL": "APLICAR T3", "STATUS": "APLICAR T3", "field_14": null, "field_15": null, "field_16": null }, "geometry": { "type": "Point", "coordinates": [ -43.9367118, -19.9230221 ] } },
{ "type": "Feature", "properties": { "NROCNPJ_PAD": "35516838000117", "STATUS_MAILING": "SEGUNDA CONSULTORIA REALIZADA PRESENCIAL", "NOME_FANTASIA": "HL TRANSPORTE", "RAZAO_SOCIAL": "HL TRANSPORTE EXPRESS LTDA", "RESPONSAVEL": "-", "MUNICIPIO": "BELO HORIZONTE", "ENDEE": "RUA ANTERO DE QUENTAL, 81, SANTA BRANCA, BELO HORIZONTE, MG", "BANCO": "BRADESCO", "LINHA_AVAL_NOME": "GIRO", "LATITUDE": "-19.8365676", "LONGITUDE": "-43.9665238", "STATUS_OPERACIONAL": "APLICAR T3", "STATUS": "APLICAR T3", "field_14": null, "field_15": null, "field_16": null }, "geometry": { "type": "Point", "coordinates": [ -43.9665238, -19.8365676 ] } },
{ "type": "Feature", "properties": { "NROCNPJ_PAD": "07102698000103", "STATUS_MAILING": "SEGUNDA CONSULTORIA REALIZADA PRESENCIAL", "NOME_FANTASIA": "-", "RAZAO_SOCIAL": "OTICA OLHO UNIVERSAL LTDA.", "RESPONSAVEL": "CLAUDIO RODRIGO DA SILVA", "MUNICIPIO": "BELO HORIZONTE", "ENDEE": "RUA DOS CAETES 530, 530, CENTRO, BELO HORIZONTE, MG", "BANCO": "BRADESCO", "LINHA_AVAL_NOME": "GIRO", "LATITUDE": "-19.9161611", "LONGITUDE": "-43.9389472", "STATUS_OPERACIONAL": "APLICAR T3", "STATUS": "APLICAR T3", "field_14": null, "field_15": null, "field_16": null }, "geometry": { "type": "Point", "coordinates": [ -43.9389472, -19.9161611 ] } },
{ "type": "Feature", "properties": { "NROCNPJ_PAD": "04370908000148", "STATUS_MAILING": "SEGUNDA CONSULTORIA REALIZADA PRESENCIAL", "NOME_FANTASIA": "-", "RAZAO_SOCIAL": "GERENCIAL ENGENHARIA CONSULTIVA LTDA", "RESPONSAVEL": "-", "MUNICIPIO": "BELO HORIZONTE", "ENDEE": "RUA DA BAHIA, 504, CENTRO, BELO HORIZONTE, MG", "BANCO": "BRADESCO", "LINHA_AVAL_NOME": "GIRO", "LATITUDE": "-19.9193357", "LONGITUDE": "-43.9361094", "STATUS_OPERACIONAL": "APLICAR T3", "STATUS": "APLICAR T3", "field_14": null, "field_15": null, "field_16": null }, "geometry": { "type": "Point", "coordinates": [ -43.9361094, -19.9193357 ] } },
{ "type": "Feature", "properties": { "NROCNPJ_PAD": "39525296000108", "STATUS_MAILING": "SEGUNDA CONSULTORIA REALIZADA PRESENCIAL", "NOME_FANTASIA": "MOBITECH", "RAZAO_SOCIAL": "MOBITECH TECNOLOGIA & TELECOM LTDA", "RESPONSAVEL": "KARINE DE SALES AMARAL|KARINE DE SALES AMARAL VALAMIER|RAFAEL VALAMIER DE OLIVEIRA", "MUNICIPIO": "BELO HORIZONTE", "ENDEE": "RUA RIO DE JANEIRO, 910, CENTRO, BELO HORIZONTE, MG", "BANCO": "BDMG", "LINHA_AVAL_NOME": "GIRO", "LATITUDE": "-19.9217655", "LONGITUDE": "-43.9398968", "STATUS_OPERACIONAL": "APLICAR T3", "STATUS": "APLICAR T3", "field_14": null, "field_15": null, "field_16": null }, "geometry": { "type": "Point", "coordinates": [ -43.9398968, -19.9217655 ] } },
{ "type": "Feature", "properties": { "NROCNPJ_PAD": "31082212000199", "STATUS_MAILING": "SEGUNDA CONSULTORIA REALIZADA PRESENCIAL", "NOME_FANTASIA": "CASA CARNAVAL", "RAZAO_SOCIAL": "CASA CARNAVAL, FESTAS E FANTASIAS LTDA", "RESPONSAVEL": "GERSONPEREIRADEAZEVEDOJUNIOR|WALLACEFERNANDES", "MUNICIPIO": "BELO HORIZONTE", "ENDEE": "AVENIDA OLEGARIO MACIEL, 800, CENTRO, BELO HORIZONTE, MG", "BANCO": "SICOOB", "LINHA_AVAL_NOME": "GIRO", "LATITUDE": "-19.9212579", "LONGITUDE": "-43.9449029", "STATUS_OPERACIONAL": "APLICAR T3", "STATUS": "APLICAR T3", "field_14": null, "field_15": null, "field_16": null }, "geometry": { "type": "Point", "coordinates": [ -43.9449029, -19.9212579 ] } },
{ "type": "Feature", "properties": { "NROCNPJ_PAD": "25303214000168", "STATUS_MAILING": "SEGUNDA CONSULTORIA REALIZADA PRESENCIAL", "NOME_FANTASIA": "ANDARILHO DA LUZ", "RAZAO_SOCIAL": "AL VIAGENS LTDA", "RESPONSAVEL": "CIRLENESOARESDOREGO|MARCUSPAIXAOPAVANI", "MUNICIPIO": "BELO HORIZONTE", "ENDEE": "RUA IRMA CELESTE, 110, PLANALTO, BELO HORIZONTE, MG", "BANCO": "SICOOB", "LINHA_AVAL_NOME": "GIRO", "LATITUDE": "-19.8405962", "LONGITUDE": "-43.9468267", "STATUS_OPERACIONAL": "APLICAR T3", "STATUS": "APLICAR T3", "field_14": null, "field_15": null, "field_16": null }, "geometry": { "type": "Point", "coordinates": [ -43.9468267, -19.8405962 ] } },
{ "type": "Feature", "properties": { "NROCNPJ_PAD": "49263994000128", "STATUS_MAILING": "SEGUNDA CONSULTORIA REALIZADA PRESENCIAL", "NOME_FANTASIA": "LIDER BPO SOLUCOES EMPRESARIAIS E CONTABILIDADE", "RAZAO_SOCIAL": "LIDER BPO SOLUCOES EMPRESARIAIS E CONTABILIDADE LTDA", "RESPONSAVEL": "AUREATAVEIRAGOMIDESREIS|LUZIAMARTINSFERREIRAQUARESMA|WALLACEDESOUZAMENEZES", "MUNICIPIO": "BELO HORIZONTE", "ENDEE": "AVENIDA AMAZONAS, 491, CENTRO, BELO HORIZONTE, MG", "BANCO": "SICOOB", "LINHA_AVAL_NOME": "GIRO", "LATITUDE": "-19.9197907", "LONGITUDE": "-43.939615", "STATUS_OPERACIONAL": "APLICAR T3", "STATUS": "APLICAR T3", "field_14": null, "field_15": null, "field_16": null }, "geometry": { "type": "Point", "coordinates": [ -43.939615, -19.9197907 ] } },
{ "type": "Feature", "properties": { "NROCNPJ_PAD": "38115934000141", "STATUS_MAILING": "SEGUNDA CONSULTORIA REALIZADA PRESENCIAL", "NOME_FANTASIA": "-", "RAZAO_SOCIAL": "LUCIOLI MOTOPARTS LTDA", "RESPONSAVEL": "HELIODEOLIVEIRALUCIOLI", "MUNICIPIO": "BELO HORIZONTE", "ENDEE": "AVENIDA ALPHONSUS DE GUIMARAES, 81, POMPEIA, BELO HORIZONTE, MG", "BANCO": "SICOOB", "LINHA_AVAL_NOME": "GIRO", "LATITUDE": "-19.9157593", "LONGITUDE": "-43.9084804", "STATUS_OPERACIONAL": "APLICAR T3", "STATUS": "APLICAR T3", "field_14": null, "field_15": null, "field_16": null }, "geometry": { "type": "Point", "coordinates": [ -43.9084804, -19.9157593 ] } },
{ "type": "Feature", "properties": { "NROCNPJ_PAD": "17701648000198", "STATUS_MAILING": "SEGUNDA CONSULTORIA REALIZADA ONLINE", "NOME_FANTASIA": "RICOTEC ESCOLA DIGITAL", "RAZAO_SOCIAL": "OCA EMPREENDIMENTOS CULTURAIS LTDA", "RESPONSAVEL": "KARINE ROLIM SANTIAGO|OLAN JORGE DO COUTO", "MUNICIPIO": "BELO HORIZONTE", "ENDEE": "RUA CANAA, 855, NOVA GRANADA, BELO HORIZONTE, MG", "BANCO": "BDMG", "LINHA_AVAL_NOME": "GIRO", "LATITUDE": "-19.9370349", "LONGITUDE": "-43.9704488", "STATUS_OPERACIONAL": "APLICAR T3", "STATUS": "APLICAR T3", "field_14": null, "field_15": null, "field_16": null }, "geometry": { "type": "Point", "coordinates": [ -43.9704488, -19.9370349 ] } },
{ "type": "Feature", "properties": { "NROCNPJ_PAD": "22884439000167", "STATUS_MAILING": "SEGUNDA CONSULTORIA REALIZADA ONLINE", "NOME_FANTASIA": "-", "RAZAO_SOCIAL": "22.884.439 IONA GUIMARAES FIGUEIREDO", "RESPONSAVEL": "IONA GUIMARAES FIGUEIREDO", "MUNICIPIO": "BELO HORIZONTE", "ENDEE": "RUA CARVALHAIS DE PAIVA, 30, CIDADE NOVA, BELO HORIZONTE, MG", "BANCO": "BDMG", "LINHA_AVAL_NOME": "GIRO", "LATITUDE": "-19.8872183", "LONGITUDE": "-43.9252573", "STATUS_OPERACIONAL": "APLICAR T3", "STATUS": "APLICAR T3", "field_14": null, "field_15": null, "field_16": null }, "geometry": { "type": "Point", "coordinates": [ -43.9252573, -19.8872183 ] } },
{ "type": "Feature", "properties": { "NROCNPJ_PAD": "10940001000170", "STATUS_MAILING": "SEGUNDA CONSULTORIA REALIZADA PRESENCIAL", "NOME_FANTASIA": "SEGUNDA PELE", "RAZAO_SOCIAL": "LINGERIE CLUB LTDA", "RESPONSAVEL": "VERA LUCIA MOREIRA SILVA", "MUNICIPIO": "BELO HORIZONTE", "ENDEE": "AVENIDA DOM PEDRO I, 402, ITAPOA, BELO HORIZONTE, MG", "BANCO": "BDMG", "LINHA_AVAL_NOME": "GIRO", "LATITUDE": "-19.8404752", "LONGITUDE": "-43.9665597", "STATUS_OPERACIONAL": "APLICAR T3", "STATUS": "APLICAR T3", "field_14": null, "field_15": null, "field_16": null }, "geometry": { "type": "Point", "coordinates": [ -43.9665597, -19.8404752 ] } },
{ "type": "Feature", "properties": { "NROCNPJ_PAD": "16594326000124", "STATUS_MAILING": "SEGUNDA CONSULTORIA REALIZADA PRESENCIAL", "NOME_FANTASIA": "RMA HOME CENTER", "RAZAO_SOCIAL": "GALPAO FERRAGENS LTDA", "RESPONSAVEL": "ROSARIAMANOELAANDRADE", "MUNICIPIO": "BELO HORIZONTE", "ENDEE": "AVENIDA BRIGADEIRO EDUARDO GOMES, 1949, GLORIA, BELO HORIZONTE, MG", "BANCO": "SICOOB", "LINHA_AVAL_NOME": "EMPREENDEDORISMO FEM", "LATITUDE": "-19.8981841", "LONGITUDE": "-44.0100709", "STATUS_OPERACIONAL": "APLICAR T3", "STATUS": "APLICAR T3", "field_14": null, "field_15": null, "field_16": null }, "geometry": { "type": "Point", "coordinates": [ -44.0100709, -19.8981841 ] } },
{ "type": "Feature", "properties": { "NROCNPJ_PAD": "01208961000159", "STATUS_MAILING": "SEGUNDA CONSULTORIA REALIZADA PRESENCIAL", "NOME_FANTASIA": "IMPERIO DAS EMBALAGENS", "RAZAO_SOCIAL": "PLASTILANDIA LTDA", "RESPONSAVEL": "HILDONDIAS|JOAOPAULOGONCALVES", "MUNICIPIO": "BELO HORIZONTE", "ENDEE": "RUA RIO GRANDE DO SUL, 416, BARRO PRETO, BELO HORIZONTE, MG", "BANCO": "SICOOB", "LINHA_AVAL_NOME": "GIRO", "LATITUDE": "-19.9201934", "LONGITUDE": "-43.9459618", "STATUS_OPERACIONAL": "APLICAR T3", "STATUS": "APLICAR T3", "field_14": null, "field_15": null, "field_16": null }, "geometry": { "type": "Point", "coordinates": [ -43.9459618, -19.9201934 ] } },
{ "type": "Feature", "properties": { "NROCNPJ_PAD": "01208961000310", "STATUS_MAILING": "SEGUNDA CONSULTORIA REALIZADA PRESENCIAL", "NOME_FANTASIA": "-", "RAZAO_SOCIAL": "PLASTILANDIA LTDA", "RESPONSAVEL": "HILDONDIAS|JOAOPAULOGONCALVES", "MUNICIPIO": "BELO HORIZONTE", "ENDEE": "RUA DOS TUPIS, 889, CENTRO, BELO HORIZONTE, MG", "BANCO": "SICOOB", "LINHA_AVAL_NOME": "GIRO", "LATITUDE": "-19.9202223", "LONGITUDE": "-43.9453175", "STATUS_OPERACIONAL": "APLICAR T3", "STATUS": "APLICAR T3", "field_14": null, "field_15": null, "field_16": null }, "geometry": { "type": "Point", "coordinates": [ -43.9453175, -19.9202223 ] } },
{ "type": "Feature", "properties": { "NROCNPJ_PAD": "26136031000168", "STATUS_MAILING": "SEGUNDA CONSULTORIA REALIZADA PRESENCIAL", "NOME_FANTASIA": "SO HONDA PECAS AUTOMOTIVAS", "RAZAO_SOCIAL": "BARBIERI AUTOPECAS LTDA", "RESPONSAVEL": "PEDRO HENRIQUE SILVA BARBIERI", "MUNICIPIO": "BELO HORIZONTE", "ENDEE": "AVENIDA DOM PEDRO II, 3812, MONSENHOR MESSIAS, BELO HORIZONTE, MG", "BANCO": "BDMG", "LINHA_AVAL_NOME": "GIRO", "LATITUDE": "-19.912234", "LONGITUDE": "-43.9768914", "STATUS_OPERACIONAL": "APLICAR T3", "STATUS": "APLICAR T3", "field_14": null, "field_15": null, "field_16": null }, "geometry": { "type": "Point", "coordinates": [ -43.9768914, -19.912234 ] } },
{ "type": "Feature", "properties": { "NROCNPJ_PAD": "17498064000167", "STATUS_MAILING": "SEGUNDA CONSULTORIA REALIZADA PRESENCIAL", "NOME_FANTASIA": "-", "RAZAO_SOCIAL": "TECIDOS JOTALIRA LTDA", "RESPONSAVEL": "MARIA HELENA LIRA DE OLIVEIRA CARNEIRO|MARISA LIRA DE OLIVEIRA", "MUNICIPIO": "BELO HORIZONTE", "ENDEE": "RUA DOS GOITACAZES, 1017, CENTRO, BELO HORIZONTE, MG", "BANCO": "BDMG", "LINHA_AVAL_NOME": "GIRO", "LATITUDE": "-19.9211841", "LONGITUDE": "-43.9465406", "STATUS_OPERACIONAL": "APLICAR T3", "STATUS": "APLICAR T3", "field_14": null, "field_15": null, "field_16": null }, "geometry": { "type": "Point", "coordinates": [ -43.9465406, -19.9211841 ] } },
{ "type": "Feature", "properties": { "NROCNPJ_PAD": "23584744000104", "STATUS_MAILING": "SEGUNDA CONSULTORIA REALIZADA PRESENCIAL", "NOME_FANTASIA": "-", "RAZAO_SOCIAL": "PVTECH ETIQUETAS LTDA", "RESPONSAVEL": "PRISCILAPEREIRABELARMINO|VIVIANERODRIGUESRABELO", "MUNICIPIO": "BELO HORIZONTE", "ENDEE": "AVENIDA AMINTAS JACQUES DE MORAES, 307, GLORIA, BELO HORIZONTE, MG", "BANCO": "SICOOB", "LINHA_AVAL_NOME": "EMPREENDEDORISMO FEM", "LATITUDE": "-19.8966571", "LONGITUDE": "-44.0143187", "STATUS_OPERACIONAL": "APLICAR T3", "STATUS": "APLICAR T3", "field_14": null, "field_15": null, "field_16": null }, "geometry": { "type": "Point", "coordinates": [ -44.0143187, -19.8966571 ] } },
{ "type": "Feature", "properties": { "NROCNPJ_PAD": "53834264000107", "STATUS_MAILING": "SEGUNDA CONSULTORIA REALIZADA PRESENCIAL", "NOME_FANTASIA": "CRIA CAFE CAFES ESPECIAIS", "RAZAO_SOCIAL": "CRIA CAFE CAFES ESPECIAIS COMERCIO LTDA", "RESPONSAVEL": "ALEXSANDRO JUNIO DE ALMEIDA|JESSICA APARECIDA MACEDO ALMEIDA", "MUNICIPIO": "BELO HORIZONTE", "ENDEE": "RUA GONCALVES DIAS, 1933, LOURDES, BELO HORIZONTE, MG", "BANCO": "BDMG", "LINHA_AVAL_NOME": "GIRO", "LATITUDE": "-19.9299906", "LONGITUDE": "-43.9428538", "STATUS_OPERACIONAL": "APLICAR T3", "STATUS": "APLICAR T3", "field_14": null, "field_15": null, "field_16": null }, "geometry": { "type": "Point", "coordinates": [ -43.9428538, -19.9299906 ] } },
{ "type": "Feature", "properties": { "NROCNPJ_PAD": "42280763000183", "STATUS_MAILING": "SEGUNDA CONSULTORIA REALIZADA PRESENCIAL", "NOME_FANTASIA": "PLAST DISTRIBUIDORA", "RAZAO_SOCIAL": "PLAST DISTRIBUIDORA LTDA", "RESPONSAVEL": "ANDREZATHIAGOSOARESGODINHO", "MUNICIPIO": "BELO HORIZONTE", "ENDEE": "RUA HEBRON, 93, GLORIA, BELO HORIZONTE, MG", "BANCO": "SICOOB", "LINHA_AVAL_NOME": "GIRO", "LATITUDE": "-19.8998758", "LONGITUDE": "-44.014556", "STATUS_OPERACIONAL": "APLICAR T3", "STATUS": "APLICAR T3", "field_14": null, "field_15": null, "field_16": null }, "geometry": { "type": "Point", "coordinates": [ -44.014556, -19.8998758 ] } },
{ "type": "Feature", "properties": { "NROCNPJ_PAD": "45646144000158", "STATUS_MAILING": "SEGUNDA CONSULTORIA REALIZADA PRESENCIAL", "NOME_FANTASIA": "-", "RAZAO_SOCIAL": "EMPORIO CHICO BALA LTDA", "RESPONSAVEL": "FRANCISCO DE ASSIS ARCANJO", "MUNICIPIO": "BELO HORIZONTE", "ENDEE": "AVENIDA BRIGADEIRO EDUARDO GOMES, 1799, GLORIA, BELO HORIZONTE, MG", "BANCO": "BDMG", "LINHA_AVAL_NOME": "GIRO", "LATITUDE": "-19.8992183", "LONGITUDE": "-44.0078386", "STATUS_OPERACIONAL": "APLICAR T3", "STATUS": "APLICAR T3", "field_14": null, "field_15": null, "field_16": null }, "geometry": { "type": "Point", "coordinates": [ -44.0078386, -19.8992183 ] } },
{ "type": "Feature", "properties": { "NROCNPJ_PAD": "12084671000167", "STATUS_MAILING": "SEGUNDA CONSULTORIA REALIZADA PRESENCIAL", "NOME_FANTASIA": "-", "RAZAO_SOCIAL": "VALDINEIA LUCIA BRANDAO 02767604689", "RESPONSAVEL": "VALDINEIALUCIABRANDAO", "MUNICIPIO": "BELO HORIZONTE", "ENDEE": "AVENIDA DOUTOR CRISTIANO GUIMARAES, 1416, PLANALTO, BELO HORIZONTE, MG", "BANCO": "SICOOB", "LINHA_AVAL_NOME": "GIRO", "LATITUDE": "-19.8327645", "LONGITUDE": "-43.9557526", "STATUS_OPERACIONAL": "APLICAR T3", "STATUS": "APLICAR T3", "field_14": null, "field_15": null, "field_16": null }, "geometry": { "type": "Point", "coordinates": [ -43.9557526, -19.8327645 ] } },
{ "type": "Feature", "properties": { "NROCNPJ_PAD": "36833506000129", "STATUS_MAILING": "SEGUNDA CONSULTORIA REALIZADA PRESENCIAL", "NOME_FANTASIA": "-", "RAZAO_SOCIAL": "LUCIANA FERNANDES RIBEIRO ALMEIDA SILVA 01267288604", "RESPONSAVEL": "LUCIANAFERNANDESRIBEIROALMEIDASILVA", "MUNICIPIO": "BELO HORIZONTE", "ENDEE": "RUA ONDINA PEDROSA NAHAS, 436, SERRANO, BELO HORIZONTE, MG", "BANCO": "SICOOB", "LINHA_AVAL_NOME": "GIRO", "LATITUDE": "-19.8788791", "LONGITUDE": "-44.0108732", "STATUS_OPERACIONAL": "APLICAR T3", "STATUS": "APLICAR T3", "field_14": null, "field_15": null, "field_16": null }, "geometry": { "type": "Point", "coordinates": [ -44.0108732, -19.8788791 ] } },
{ "type": "Feature", "properties": { "NROCNPJ_PAD": "07654709000150", "STATUS_MAILING": "SEGUNDA CONSULTORIA REALIZADA PRESENCIAL", "NOME_FANTASIA": "-", "RAZAO_SOCIAL": "CANTINA MINEIRA RESTAURANTE E PIZZARIA LTDA", "RESPONSAVEL": "JOSIEMARYLUCASPEREIRA", "MUNICIPIO": "BELO HORIZONTE", "ENDEE": "RUA GENERAL CARLOS GUEDES, 88, PLANALTO, BELO HORIZONTE, MG", "BANCO": "SICOOB", "LINHA_AVAL_NOME": "GIRO", "LATITUDE": "-19.8396399", "LONGITUDE": "-43.9501914", "STATUS_OPERACIONAL": "APLICAR T3", "STATUS": "APLICAR T3", "field_14": null, "field_15": null, "field_16": null }, "geometry": { "type": "Point", "coordinates": [ -43.9501914, -19.8396399 ] } },
{ "type": "Feature", "properties": { "NROCNPJ_PAD": "31866322000141", "STATUS_MAILING": "SEGUNDA CONSULTORIA REALIZADA PRESENCIAL", "NOME_FANTASIA": "-", "RAZAO_SOCIAL": "FLOR MORENA LTDA", "RESPONSAVEL": "LILIANETEIXEIRAMARINHOMOREIRA|LORRAYNECRISTINAMOREIRAMARINHO", "MUNICIPIO": "BELO HORIZONTE", "ENDEE": "AVENIDA GENERAL CARLOS GUEDES, 405, PLANALTO, BELO HORIZONTE, MG", "BANCO": "SICOOB", "LINHA_AVAL_NOME": "GIRO", "LATITUDE": "-19.8373208", "LONGITUDE": "-43.9482236", "STATUS_OPERACIONAL": "APLICAR T3", "STATUS": "APLICAR T3", "field_14": null, "field_15": null, "field_16": null }, "geometry": { "type": "Point", "coordinates": [ -43.9482236, -19.8373208 ] } },
{ "type": "Feature", "properties": { "NROCNPJ_PAD": "40369926000173", "STATUS_MAILING": "SEGUNDA CONSULTORIA REALIZADA PRESENCIAL", "NOME_FANTASIA": "ARENA 7 BAR", "RAZAO_SOCIAL": "ARENA 7 BAR LTDA", "RESPONSAVEL": "PEDROHENRIQUEDASILVAMAESTRI", "MUNICIPIO": "BELO HORIZONTE", "ENDEE": "RUA DOS LAGOS, 210, CONJUNTO CELSO MACHADO, BELO HORIZONTE, MG", "BANCO": "SICOOB", "LINHA_AVAL_NOME": "GIRO", "LATITUDE": "-19.8847764", "LONGITUDE": "-44.0066606", "STATUS_OPERACIONAL": "APLICAR T3", "STATUS": "APLICAR T3", "field_14": null, "field_15": null, "field_16": null }, "geometry": { "type": "Point", "coordinates": [ -44.0066606, -19.8847764 ] } },
{ "type": "Feature", "properties": { "NROCNPJ_PAD": "23144724000104", "STATUS_MAILING": "SEGUNDA CONSULTORIA REALIZADA PRESENCIAL", "NOME_FANTASIA": "TOTAL FREE ALIMENTOS", "RAZAO_SOCIAL": "TOTAL FREE INDUSTRIA DE ALIMENTOS LTDA", "RESPONSAVEL": "VALERIA PINTO FERNANDES DE SOUZA", "MUNICIPIO": "BELO HORIZONTE", "ENDEE": "RUA APOLO, 300, MONSENHOR MESSIAS, BELO HORIZONTE, MG", "BANCO": "BDMG", "LINHA_AVAL_NOME": "GIRO", "LATITUDE": "-19.9078688", "LONGITUDE": "-43.9775652", "STATUS_OPERACIONAL": "APLICAR T3", "STATUS": "APLICAR T3", "field_14": null, "field_15": null, "field_16": null }, "geometry": { "type": "Point", "coordinates": [ -43.9775652, -19.9078688 ] } },
{ "type": "Feature", "properties": { "NROCNPJ_PAD": "50361102000100", "STATUS_MAILING": "SEGUNDA CONSULTORIA REALIZADA PRESENCIAL", "NOME_FANTASIA": "YES", "RAZAO_SOCIAL": "MRF ARTIGOS DO VESTUARIO E ACESSORIOS LTDA", "RESPONSAVEL": "MARCIAROSADEFREITAS", "MUNICIPIO": "BELO HORIZONTE", "ENDEE": "RUA ARAGUARI, 692, BARRO PRETO, BELO HORIZONTE, MG", "BANCO": "SICOOB", "LINHA_AVAL_NOME": "EMPREENDEDORISMO FEM", "LATITUDE": "-19.9243862", "LONGITUDE": "-43.9498999", "STATUS_OPERACIONAL": "APLICAR T3", "STATUS": "APLICAR T3", "field_14": null, "field_15": null, "field_16": null }, "geometry": { "type": "Point", "coordinates": [ -43.9498999, -19.9243862 ] } },
{ "type": "Feature", "properties": { "NROCNPJ_PAD": "41471986000165", "STATUS_MAILING": "SEGUNDA CONSULTORIA REALIZADA PRESENCIAL", "NOME_FANTASIA": "CABELOS & APLIQUES", "RAZAO_SOCIAL": "CABELOS & APLIQUES LTDA", "RESPONSAVEL": "RAYANE STEFANY DA SILVA", "MUNICIPIO": "BELO HORIZONTE", "ENDEE": "RUA SAO PAULO 656, 656, CENTRO, BELO HORIZONTE, MG", "BANCO": "BDMG", "LINHA_AVAL_NOME": "GIRO", "LATITUDE": "-19.9191765", "LONGITUDE": "-43.9401717", "STATUS_OPERACIONAL": "APLICAR T3", "STATUS": "APLICAR T3", "field_14": null, "field_15": null, "field_16": null }, "geometry": { "type": "Point", "coordinates": [ -43.9401717, -19.9191765 ] } },
{ "type": "Feature", "properties": { "NROCNPJ_PAD": "38492816000152", "STATUS_MAILING": "SEGUNDA CONSULTORIA REALIZADA PRESENCIAL", "NOME_FANTASIA": "MALTA", "RAZAO_SOCIAL": "MALTA ADMINISTRACAO, CONSERVACAO. LIMPEZA LTDA", "RESPONSAVEL": "JULIO CARIAS DE FREITAS MARTINI", "MUNICIPIO": "BELO HORIZONTE", "ENDEE": "RUA RIO DE JANEIRO, 441, CENTRO, BELO HORIZONTE, MG", "BANCO": "BDMG", "LINHA_AVAL_NOME": "GIRO", "LATITUDE": "-19.9183858", "LONGITUDE": "-43.9382264", "STATUS_OPERACIONAL": "APLICAR T3", "STATUS": "APLICAR T3", "field_14": null, "field_15": null, "field_16": null }, "geometry": { "type": "Point", "coordinates": [ -43.9382264, -19.9183858 ] } },
{ "type": "Feature", "properties": { "NROCNPJ_PAD": "34381652000135", "STATUS_MAILING": "SEGUNDA CONSULTORIA REALIZADA PRESENCIAL", "NOME_FANTASIA": "MY FITNESS", "RAZAO_SOCIAL": "DLR FITNESS LTDA", "RESPONSAVEL": "RENATAPATRICIABORGES", "MUNICIPIO": "BELO HORIZONTE", "ENDEE": "RUA MANOEL ELIAS DE AGUIAR, 269, OURO PRETO, BELO HORIZONTE, MG", "BANCO": "SICOOB", "LINHA_AVAL_NOME": "EMPREENDEDORISMO FEM", "LATITUDE": "-19.8749244", "LONGITUDE": "-43.9907079", "STATUS_OPERACIONAL": "APLICAR T3", "STATUS": "APLICAR T3", "field_14": null, "field_15": null, "field_16": null }, "geometry": { "type": "Point", "coordinates": [ -43.9907079, -19.8749244 ] } },
{ "type": "Feature", "properties": { "NROCNPJ_PAD": "26465615000187", "STATUS_MAILING": "SEGUNDA CONSULTORIA REALIZADA PRESENCIAL", "NOME_FANTASIA": "A BAILAR", "RAZAO_SOCIAL": "ABAILAR CONFECCAO E COMERCIO DE ARTIGOS DE DANCA LTDA", "RESPONSAVEL": "INGRID CRISTINA DOS SANTOS VAZ DE MELO", "MUNICIPIO": "BELO HORIZONTE", "ENDEE": "AVENIDA GUARAPARI, 669, SANTA AMELIA, BELO HORIZONTE, MG", "BANCO": "BDMG", "LINHA_AVAL_NOME": "GIRO", "LATITUDE": "-19.8397361", "LONGITUDE": "-43.9778144", "STATUS_OPERACIONAL": "APLICAR T3", "STATUS": "APLICAR T3", "field_14": null, "field_15": null, "field_16": null }, "geometry": { "type": "Point", "coordinates": [ -43.9778144, -19.8397361 ] } },
{ "type": "Feature", "properties": { "NROCNPJ_PAD": "14755963000100", "STATUS_MAILING": "SEGUNDA CONSULTORIA REALIZADA PRESENCIAL", "NOME_FANTASIA": "VIDA CRIATTIVA", "RAZAO_SOCIAL": "MAGAZINE VIDA CRIATIVA LTDA", "RESPONSAVEL": "RAFAEL DINIZ SILVA NEVES", "MUNICIPIO": "BELO HORIZONTE", "ENDEE": "RUA MANOEL ELIAS DE AGUIAR, 132, OURO PRETO, BELO HORIZONTE, MG", "BANCO": "BRADESCO", "LINHA_AVAL_NOME": "GIRO", "LATITUDE": "-19.874431", "LONGITUDE": "-43.9897156", "STATUS_OPERACIONAL": "APLICAR T3", "STATUS": "APLICAR T3", "field_14": null, "field_15": null, "field_16": null }, "geometry": { "type": "Point", "coordinates": [ -43.9897156, -19.874431 ] } },
{ "type": "Feature", "properties": { "NROCNPJ_PAD": "48081405000128", "STATUS_MAILING": "SEGUNDA CONSULTORIA REALIZADA PRESENCIAL", "NOME_FANTASIA": "-", "RAZAO_SOCIAL": "PONTO M ADMINISTRACAO LTDA", "RESPONSAVEL": "FERNANDO DA SILVA MENEGATI|JULIANA PATRICIA SILVA MENEGATI", "MUNICIPIO": "BELO HORIZONTE", "ENDEE": "RUA HELENO RODRIGUES DA SILVA, 148, MANTIQUEIRA, BELO HORIZONTE, MG", "BANCO": "BDMG", "LINHA_AVAL_NOME": "GIRO", "LATITUDE": "-19.7975799", "LONGITUDE": "-43.9830812", "STATUS_OPERACIONAL": "APLICAR T3", "STATUS": "APLICAR T3", "field_14": null, "field_15": null, "field_16": null }, "geometry": { "type": "Point", "coordinates": [ -43.9830812, -19.7975799 ] } },
{ "type": "Feature", "properties": { "NROCNPJ_PAD": "32838867000107", "STATUS_MAILING": "SEGUNDA CONSULTORIA REALIZADA PRESENCIAL", "NOME_FANTASIA": "CARDOSO DISTRIBUIDORA DE BEBIDAS", "RAZAO_SOCIAL": "CARDOSO DISTRIBUIDORA DE BEBIDAS LTDA", "RESPONSAVEL": "THIAGOCARDOSODESOUZA", "MUNICIPIO": "BELO HORIZONTE", "ENDEE": "RUA NELSON JOSE DE ALMEIDA, 130, LAGOA, BELO HORIZONTE, MG", "BANCO": "SICOOB", "LINHA_AVAL_NOME": "GIRO", "LATITUDE": "-19.8097747", "LONGITUDE": "-43.9982589", "STATUS_OPERACIONAL": "APLICAR T3", "STATUS": "APLICAR T3", "field_14": null, "field_15": null, "field_16": null }, "geometry": { "type": "Point", "coordinates": [ -43.9982589, -19.8097747 ] } },
{ "type": "Feature", "properties": { "NROCNPJ_PAD": "22755456000102", "STATUS_MAILING": "SEGUNDA CONSULTORIA REALIZADA PRESENCIAL", "NOME_FANTASIA": "SABOR NA PRACA RESTAURANTE E LANCHONETE", "RAZAO_SOCIAL": "RESTAURANTE SABOR NA PRACA LTDA", "RESPONSAVEL": "FERNANDO GONCALVES FILHO", "MUNICIPIO": "BELO HORIZONTE", "ENDEE": "AVENIDA AMAZONAS, 1394, BARRO PRETO, BELO HORIZONTE, MG", "BANCO": "ESTÍMULO", "LINHA_AVAL_NOME": "INVESTIMENTO + GIRO", "LATITUDE": "-19.923493", "LONGITUDE": "-43.9468848", "STATUS_OPERACIONAL": "APLICAR T3", "STATUS": "APLICAR T3", "field_14": null, "field_15": null, "field_16": null }, "geometry": { "type": "Point", "coordinates": [ -43.9468848, -19.923493 ] } },
{ "type": "Feature", "properties": { "NROCNPJ_PAD": "48322582000159", "STATUS_MAILING": "SEGUNDA CONSULTORIA REALIZADA PRESENCIAL", "NOME_FANTASIA": "-", "RAZAO_SOCIAL": "TJP EMPREENDIMENTOS LTDA", "RESPONSAVEL": "-", "MUNICIPIO": "BELO HORIZONTE", "ENDEE": "RUA DOS TUPIS, 343, CENTRO, BELO HORIZONTE, MG", "BANCO": "SICOOB", "LINHA_AVAL_NOME": "GIRO", "LATITUDE": "-19.9214975", "LONGITUDE": "-43.9400312", "STATUS_OPERACIONAL": "APLICAR T3", "STATUS": "APLICAR T3", "field_14": null, "field_15": null, "field_16": null }, "geometry": { "type": "Point", "coordinates": [ -43.9400312, -19.9214975 ] } },
{ "type": "Feature", "properties": { "NROCNPJ_PAD": "51343268000167", "STATUS_MAILING": "SEGUNDA CONSULTORIA REALIZADA PRESENCIAL", "NOME_FANTASIA": "-", "RAZAO_SOCIAL": "O CEU DA BOCA LTDA", "RESPONSAVEL": "CAIORIBEIROPARANHOS|SAMUELFIGUEIREDOANDRADE", "MUNICIPIO": "BELO HORIZONTE", "ENDEE": "AVENIDA BRASIL, 283, SANTA EFIGENIA, BELO HORIZONTE, MG", "BANCO": "SICOOB", "LINHA_AVAL_NOME": "GIRO", "LATITUDE": "-19.9251059", "LONGITUDE": "-43.9232654", "STATUS_OPERACIONAL": "APLICAR T3", "STATUS": "APLICAR T3", "field_14": null, "field_15": null, "field_16": null }, "geometry": { "type": "Point", "coordinates": [ -43.9232654, -19.9251059 ] } },
{ "type": "Feature", "properties": { "NROCNPJ_PAD": "08337634000146", "STATUS_MAILING": "SEGUNDA CONSULTORIA REALIZADA PRESENCIAL", "NOME_FANTASIA": "PBRASIL FOOD SERVICE", "RAZAO_SOCIAL": "PANETTERIA BRASIL LTDA", "RESPONSAVEL": "KATIADEARAUJOSANTOSPEREIRA|ROBERTOGONCALVESPEREIRA", "MUNICIPIO": "BELO HORIZONTE", "ENDEE": "RUA CEARA, 640, SANTA EFIGENIA, BELO HORIZONTE, MG", "BANCO": "SICOOB", "LINHA_AVAL_NOME": "GIRO", "LATITUDE": "-19.9268356", "LONGITUDE": "-43.9271538", "STATUS_OPERACIONAL": "APLICAR T3", "STATUS": "APLICAR T3", "field_14": null, "field_15": null, "field_16": null }, "geometry": { "type": "Point", "coordinates": [ -43.9271538, -19.9268356 ] } },
{ "type": "Feature", "properties": { "NROCNPJ_PAD": "57786836000180", "STATUS_MAILING": "SEGUNDA CONSULTORIA REALIZADA PRESENCIAL", "NOME_FANTASIA": "B.S ACESSORIOS E PRESENTES", "RAZAO_SOCIAL": "B.S ACESSORIOS E PRESENTES LTDA", "RESPONSAVEL": "LETICIA PEREIRA SOUZA GAVIAO", "MUNICIPIO": "BELO HORIZONTE", "ENDEE": "AVENIDA BRASIL, 283, SANTA EFIGENIA, BELO HORIZONTE, MG", "BANCO": "BDMG", "LINHA_AVAL_NOME": "GIRO", "LATITUDE": "-19.9251059", "LONGITUDE": "-43.9232654", "STATUS_OPERACIONAL": "APLICAR T3", "STATUS": "APLICAR T3", "field_14": null, "field_15": null, "field_16": null }, "geometry": { "type": "Point", "coordinates": [ -43.9232654, -19.9251059 ] } },
{ "type": "Feature", "properties": { "NROCNPJ_PAD": "46628800000152", "STATUS_MAILING": "SEGUNDA CONSULTORIA REALIZADA PRESENCIAL", "NOME_FANTASIA": "-", "RAZAO_SOCIAL": "ELETRICASA LTDA", "RESPONSAVEL": "THIAGO LUIZ DE ARAUJO", "MUNICIPIO": "BELO HORIZONTE", "ENDEE": "AVENIDA SERRANA, 486, SERRANO, BELO HORIZONTE, MG", "BANCO": "BDMG", "LINHA_AVAL_NOME": "GIRO", "LATITUDE": "-19.8813117", "LONGITUDE": "-44.0115618", "STATUS_OPERACIONAL": "APLICAR T3", "STATUS": "APLICAR T3", "field_14": null, "field_15": null, "field_16": null }, "geometry": { "type": "Point", "coordinates": [ -44.0115618, -19.8813117 ] } },
{ "type": "Feature", "properties": { "NROCNPJ_PAD": "35963845000167", "STATUS_MAILING": "SEGUNDA CONSULTORIA REALIZADA PRESENCIAL", "NOME_FANTASIA": "BEAGA EMBALAGEM", "RAZAO_SOCIAL": "BEAGA EMBALAGEM LTDA", "RESPONSAVEL": "PAULAGRAZIELEDASILVA", "MUNICIPIO": "BELO HORIZONTE", "ENDEE": "RUA HERBERT DE SOUZA, 235, SERRANO, BELO HORIZONTE, MG", "BANCO": "SICOOB", "LINHA_AVAL_NOME": "EMPREENDEDORISMO FEM", "LATITUDE": "-19.8776404", "LONGITUDE": "-44.0145302", "STATUS_OPERACIONAL": "APLICAR T3", "STATUS": "APLICAR T3", "field_14": null, "field_15": null, "field_16": null }, "geometry": { "type": "Point", "coordinates": [ -44.0145302, -19.8776404 ] } },
{ "type": "Feature", "properties": { "NROCNPJ_PAD": "60713207000135", "STATUS_MAILING": "SEGUNDA CONSULTORIA REALIZADA PRESENCIAL", "NOME_FANTASIA": "-", "RAZAO_SOCIAL": "60.713.207 FERNANDO WAGNER DE CASTRO SOUZA", "RESPONSAVEL": "FERNANDOWAGNERDECASTROSOUZA", "MUNICIPIO": "BELO HORIZONTE", "ENDEE": "RUA SOARES NOGUEIRA, 351, CAMARGOS, BELO HORIZONTE, MG", "BANCO": "SICOOB", "LINHA_AVAL_NOME": "GIRO", "LATITUDE": "-19.9400396", "LONGITUDE": "-44.0217191", "STATUS_OPERACIONAL": "APLICAR T3", "STATUS": "APLICAR T3", "field_14": null, "field_15": null, "field_16": null }, "geometry": { "type": "Point", "coordinates": [ -44.0217191, -19.9400396 ] } },
{ "type": "Feature", "properties": { "NROCNPJ_PAD": "42653010000176", "STATUS_MAILING": "SEGUNDA CONSULTORIA REALIZADA PRESENCIAL", "NOME_FANTASIA": "OLIVEIRA INTERIORES", "RAZAO_SOCIAL": "OLIVEIRA INTERIORES MOVEIS PLANEJADOS LTDA", "RESPONSAVEL": "JULIADONASCIMENTOOLIVEIRA", "MUNICIPIO": "BELO HORIZONTE", "ENDEE": "RUA JULITA NOGUEIRA SOARES, 620, SANTA TEREZINHA, BELO HORIZONTE, MG", "BANCO": "SICOOB", "LINHA_AVAL_NOME": "EMPREENDEDORISMO FEM", "LATITUDE": "-19.8696777", "LONGITUDE": "-44.0063706", "STATUS_OPERACIONAL": "APLICAR T3", "STATUS": "APLICAR T3", "field_14": null, "field_15": null, "field_16": null }, "geometry": { "type": "Point", "coordinates": [ -44.0063706, -19.8696777 ] } },
{ "type": "Feature", "properties": { "NROCNPJ_PAD": "22130654000172", "STATUS_MAILING": "SEGUNDA CONSULTORIA REALIZADA PRESENCIAL", "NOME_FANTASIA": "-", "RAZAO_SOCIAL": "ROSELEIDE EVARISTO GUSMAO 84615648634", "RESPONSAVEL": "ROSELEIDEEVARISTOGUSMAO", "MUNICIPIO": "BELO HORIZONTE", "ENDEE": "AVENIDA SANTA TEREZINHA, 952, SANTA TEREZINHA, BELO HORIZONTE, MG", "BANCO": "SICOOB", "LINHA_AVAL_NOME": "EMPREENDEDORISMO FEM", "LATITUDE": "-19.8723135", "LONGITUDE": "-44.0039734", "STATUS_OPERACIONAL": "APLICAR T3", "STATUS": "APLICAR T3", "field_14": null, "field_15": null, "field_16": null }, "geometry": { "type": "Point", "coordinates": [ -44.0039734, -19.8723135 ] } },
{ "type": "Feature", "properties": { "NROCNPJ_PAD": "52622857000147", "STATUS_MAILING": "SEGUNDA CONSULTORIA REALIZADA PRESENCIAL", "NOME_FANTASIA": "-", "RAZAO_SOCIAL": "ARMANELLI CASTELO COMERCIO DE UTILIDADE DOMESTICA LTDA", "RESPONSAVEL": "VIVIANEALMEIDADEMENEZES", "MUNICIPIO": "BELO HORIZONTE", "ENDEE": "AVENIDA DOS ENGENHEIROS, 688, CASTELO, BELO HORIZONTE, MG", "BANCO": "SICOOB", "LINHA_AVAL_NOME": "GIRO", "LATITUDE": "-19.8904749", "LONGITUDE": "-43.9999557", "STATUS_OPERACIONAL": "APLICAR T3", "STATUS": "APLICAR T3", "field_14": null, "field_15": null, "field_16": null }, "geometry": { "type": "Point", "coordinates": [ -43.9999557, -19.8904749 ] } },
{ "type": "Feature", "properties": { "NROCNPJ_PAD": "33211873000100", "STATUS_MAILING": "SEGUNDA CONSULTORIA REALIZADA PRESENCIAL", "NOME_FANTASIA": "ANA TORRES CLINICAS DOS PES", "RAZAO_SOCIAL": "ANA TORRES CLINICA DOS PES LTDA", "RESPONSAVEL": "ANALUIZATORRESDESOUZA", "MUNICIPIO": "BELO HORIZONTE", "ENDEE": "AVENIDA SEBASTIAO DE BRITO, 805, DONA CLARA, BELO HORIZONTE, MG", "BANCO": "SICOOB", "LINHA_AVAL_NOME": "GIRO", "LATITUDE": "-19.8617301", "LONGITUDE": "-43.9395934", "STATUS_OPERACIONAL": "APLICAR T3", "STATUS": "APLICAR T3", "field_14": null, "field_15": null, "field_16": null }, "geometry": { "type": "Point", "coordinates": [ -43.9395934, -19.8617301 ] } },
{ "type": "Feature", "properties": { "NROCNPJ_PAD": "26350758000143", "STATUS_MAILING": "SEGUNDA CONSULTORIA REALIZADA PRESENCIAL", "NOME_FANTASIA": "R3 ANALISE TECNICA", "RAZAO_SOCIAL": "R3 ANALISE TECNICA LTDA", "RESPONSAVEL": "-", "MUNICIPIO": "BELO HORIZONTE", "ENDEE": "AVENIDA VILARINHO, 1420, PARQUE SAO PEDRO, BELO HORIZONTE, MG", "BANCO": "BRADESCO", "LINHA_AVAL_NOME": "-", "LATITUDE": "-19.8147529", "LONGITUDE": "-43.9547595", "STATUS_OPERACIONAL": "APLICAR T3", "STATUS": "APLICAR T3", "field_14": null, "field_15": null, "field_16": null }, "geometry": { "type": "Point", "coordinates": [ -43.9547595, -19.8147529 ] } },
{ "type": "Feature", "properties": { "NROCNPJ_PAD": "52348023000195", "STATUS_MAILING": "SEGUNDA CONSULTORIA REALIZADA PRESENCIAL", "NOME_FANTASIA": "INOVACAR AUTOMOVEIS", "RAZAO_SOCIAL": "INOVACAR COMERCIO DE AUTOMOVEIS E SERVICOS LTDA", "RESPONSAVEL": "DANIEL MENDES TEIXEIRA DE SOUZA", "MUNICIPIO": "BELO HORIZONTE", "ENDEE": "AVENIDA VILARINHO, 695, VILA CLORIS, BELO HORIZONTE, MG", "BANCO": "BRADESCO", "LINHA_AVAL_NOME": "GIRO", "LATITUDE": "-19.8206997", "LONGITUDE": "-43.9500027", "STATUS_OPERACIONAL": "APLICAR T3", "STATUS": "APLICAR T3", "field_14": null, "field_15": null, "field_16": null }, "geometry": { "type": "Point", "coordinates": [ -43.9500027, -19.8206997 ] } },
{ "type": "Feature", "properties": { "NROCNPJ_PAD": "00969294000164", "STATUS_MAILING": "SEGUNDA CONSULTORIA REALIZADA PRESENCIAL", "NOME_FANTASIA": "AUTOFIAT PAMPULHA", "RAZAO_SOCIAL": "AUTOFIAT PAMPULHA LTDA", "RESPONSAVEL": "MONIQUE DESIREE SOUZA E SILVA GUEDES", "MUNICIPIO": "BELO HORIZONTE", "ENDEE": "AVENIDA VILARINHO, 2220, MINASCAIXA, BELO HORIZONTE, MG", "BANCO": "BRADESCO", "LINHA_AVAL_NOME": "GIRO", "LATITUDE": "-19.8118463", "LONGITUDE": "-43.9610878", "STATUS_OPERACIONAL": "APLICAR T3", "STATUS": "APLICAR T3", "field_14": null, "field_15": null, "field_16": null }, "geometry": { "type": "Point", "coordinates": [ -43.9610878, -19.8118463 ] } },
{ "type": "Feature", "properties": { "NROCNPJ_PAD": "09264392000170", "STATUS_MAILING": "QUARTA CONSULTORIA REALIZADA ONLINE", "NOME_FANTASIA": "LOJA DA CLAUDIA", "RAZAO_SOCIAL": "CLAUDIA DOS SANTOS", "RESPONSAVEL": "CLAUDIA DOS SANTOS", "MUNICIPIO": "BELO HORIZONTE", "ENDEE": "RUA SANTA CRUZ, 355, VENDA NOVA, BELO HORIZONTE, MG", "BANCO": "BDMG", "LINHA_AVAL_NOME": "GIRO", "LATITUDE": "-19.8151786", "LONGITUDE": "-43.9632016", "STATUS_OPERACIONAL": "APLICAR T3", "STATUS": "APLICAR T3", "field_14": null, "field_15": null, "field_16": null }, "geometry": { "type": "Point", "coordinates": [ -43.9632016, -19.8151786 ] } },
{ "type": "Feature", "properties": { "NROCNPJ_PAD": "40849897000147", "STATUS_MAILING": "SEGUNDA CONSULTORIA REALIZADA PRESENCIAL", "NOME_FANTASIA": "-", "RAZAO_SOCIAL": "TOGGO STORE VESTUARIO LTDA", "RESPONSAVEL": "CAROLINESTEFFANERODRIGUESDASILVA", "MUNICIPIO": "BELO HORIZONTE", "ENDEE": "RUA PADRE PEDRO PINTO, 1251, VENDA NOVA, BELO HORIZONTE, MG", "BANCO": "SICOOB", "LINHA_AVAL_NOME": "GIRO", "LATITUDE": "-19.8139417", "LONGITUDE": "-43.9613899", "STATUS_OPERACIONAL": "APLICAR T3", "STATUS": "APLICAR T3", "field_14": null, "field_15": null, "field_16": null }, "geometry": { "type": "Point", "coordinates": [ -43.9613899, -19.8139417 ] } },
{ "type": "Feature", "properties": { "NROCNPJ_PAD": "52997736000180", "STATUS_MAILING": "SEGUNDA CONSULTORIA REALIZADA PRESENCIAL", "NOME_FANTASIA": "MEGA VISTORIAS LTDA", "RAZAO_SOCIAL": "SM VISTORIA E LAUDO CAUTELAR LTDA", "RESPONSAVEL": "DUARTE SERVULO BARBOSA|JOAO VICTOR ARAUJO DE PAULA", "MUNICIPIO": "BELO HORIZONTE", "ENDEE": "RUA MARCIANA CARNEIRO, 57, PARQUE SAO PEDRO, BELO HORIZONTE, MG", "BANCO": "BDMG", "LINHA_AVAL_NOME": "GIRO", "LATITUDE": "-19.8167054", "LONGITUDE": "-43.9515565", "STATUS_OPERACIONAL": "APLICAR T3", "STATUS": "APLICAR T3", "field_14": null, "field_15": null, "field_16": null }, "geometry": { "type": "Point", "coordinates": [ -43.9515565, -19.8167054 ] } },
{ "type": "Feature", "properties": { "NROCNPJ_PAD": "21245502000152", "STATUS_MAILING": "SEGUNDA CONSULTORIA REALIZADA PRESENCIAL", "NOME_FANTASIA": "LIDER CIRURGICA PAPELARIA E EMPREENDIMENTOS FINANCEIROS", "RAZAO_SOCIAL": "RIBEIRO E NASCIMENTO ARTIGOS MEDICOS E ORTOPEDICOS LTDA", "RESPONSAVEL": "PAULOMARCIODONASCIMENTOCANDIDO|RODRIGORIBEIRODESOUZA", "MUNICIPIO": "BELO HORIZONTE", "ENDEE": "RUA DAS GABIROBAS, 108, VILA CLORIS, BELO HORIZONTE, MG", "BANCO": "SICOOB", "LINHA_AVAL_NOME": "GIRO", "LATITUDE": "-19.8186249", "LONGITUDE": "-43.948893", "STATUS_OPERACIONAL": "APLICAR T3", "STATUS": "APLICAR T3", "field_14": null, "field_15": null, "field_16": null }, "geometry": { "type": "Point", "coordinates": [ -43.948893, -19.8186249 ] } },
{ "type": "Feature", "properties": { "NROCNPJ_PAD": "42546356000175", "STATUS_MAILING": "SEGUNDA CONSULTORIA REALIZADA PRESENCIAL", "NOME_FANTASIA": "-", "RAZAO_SOCIAL": "GONTIJO REDE DE NEGOCIOS LTDA", "RESPONSAVEL": "LEONARDODIASGONTIJOSOARES", "MUNICIPIO": "BELO HORIZONTE", "ENDEE": "RUA PADRE WILLIAN SILVA, 155, PLANALTO, BELO HORIZONTE, MG", "BANCO": "SICOOB", "LINHA_AVAL_NOME": "GIRO", "LATITUDE": "-19.8276977", "LONGITUDE": "-43.9554771", "STATUS_OPERACIONAL": "APLICAR T3", "STATUS": "APLICAR T3", "field_14": null, "field_15": null, "field_16": null }, "geometry": { "type": "Point", "coordinates": [ -43.9554771, -19.8276977 ] } },
{ "type": "Feature", "properties": { "NROCNPJ_PAD": "11383895000107", "STATUS_MAILING": "SEGUNDA CONSULTORIA REALIZADA PRESENCIAL", "NOME_FANTASIA": "UNIR PECAS", "RAZAO_SOCIAL": "UNIR PECAS DIESEL LTDA", "RESPONSAVEL": "ILDEU MESSIAS ANDREATA|MARILIA DE MOURA ANDREATA", "MUNICIPIO": "BELO HORIZONTE", "ENDEE": "AVENIDA ELIAS ANTONIO ISSA, 144, LETICIA, BELO HORIZONTE, MG", "BANCO": "BDMG", "LINHA_AVAL_NOME": "GIRO", "LATITUDE": "-19.8068869", "LONGITUDE": "-43.9733888", "STATUS_OPERACIONAL": "APLICAR T3", "STATUS": "APLICAR T3", "field_14": null, "field_15": null, "field_16": null }, "geometry": { "type": "Point", "coordinates": [ -43.9733888, -19.8068869 ] } },
{ "type": "Feature", "properties": { "NROCNPJ_PAD": "51841783000177", "STATUS_MAILING": "SEGUNDA CONSULTORIA REALIZADA PRESENCIAL", "NOME_FANTASIA": "FC CONSTRUCOES", "RAZAO_SOCIAL": "FLAVIANE & CARLOS CONSTRUCOES LTDA", "RESPONSAVEL": "-", "MUNICIPIO": "BELO HORIZONTE", "ENDEE": "RUA SARAH CARVALHO MACHADO, 251, CEU AZUL, BELO HORIZONTE, MG", "BANCO": "BRADESCO", "LINHA_AVAL_NOME": "-", "LATITUDE": "-19.8176958", "LONGITUDE": "-43.9991746", "STATUS_OPERACIONAL": "APLICAR T3", "STATUS": "APLICAR T3", "field_14": null, "field_15": null, "field_16": null }, "geometry": { "type": "Point", "coordinates": [ -43.9991746, -19.8176958 ] } },
{ "type": "Feature", "properties": { "NROCNPJ_PAD": "54599739000190", "STATUS_MAILING": "SEGUNDA CONSULTORIA REALIZADA PRESENCIAL", "NOME_FANTASIA": "-", "RAZAO_SOCIAL": "AM FISIOLOGIA PERFORMANCE LTDA", "RESPONSAVEL": "ALEXANDREDEMENDONCASANTOS", "MUNICIPIO": "BELO HORIZONTE", "ENDEE": "RUA GERALDA CIRINO FLOR DE MAIO, 111, SANTA MONICA, BELO HORIZONTE, MG", "BANCO": "SICOOB", "LINHA_AVAL_NOME": "GIRO", "LATITUDE": "-19.828101", "LONGITUDE": "-43.9681399", "STATUS_OPERACIONAL": "APLICAR T3", "STATUS": "APLICAR T3", "field_14": null, "field_15": null, "field_16": null }, "geometry": { "type": "Point", "coordinates": [ -43.9681399, -19.828101 ] } },
{ "type": "Feature", "properties": { "NROCNPJ_PAD": "47613130000163", "STATUS_MAILING": "SEGUNDA CONSULTORIA REALIZADA PRESENCIAL", "NOME_FANTASIA": "OLIVAN MOVEIS PLANEJADOS", "RAZAO_SOCIAL": "R.SILVA MOVEIS PLANEJADOS LTDA", "RESPONSAVEL": "MARCO TULIO RAMOS SILVA|MARCOTULIORAMOSSILVA", "MUNICIPIO": "BELO HORIZONTE", "ENDEE": "RUA DOUTOR ALVARO CAMARGOS, 1000, SAO JOAO BATISTA, BELO HORIZONTE, MG", "BANCO": "BDMG", "LINHA_AVAL_NOME": "GIRO", "LATITUDE": "-19.8246975", "LONGITUDE": "-43.9589231", "STATUS_OPERACIONAL": "APLICAR T3", "STATUS": "APLICAR T3", "field_14": null, "field_15": null, "field_16": null }, "geometry": { "type": "Point", "coordinates": [ -43.9589231, -19.8246975 ] } },
{ "type": "Feature", "properties": { "NROCNPJ_PAD": "46924154000170", "STATUS_MAILING": "SEGUNDA CONSULTORIA REALIZADA PRESENCIAL", "NOME_FANTASIA": "-", "RAZAO_SOCIAL": "CASA DE CARNES EDL LTDA", "RESPONSAVEL": "MARIO SOUZA", "MUNICIPIO": "BELO HORIZONTE", "ENDEE": "AVENIDA PORTUGAL, 2881, SANTA AMELIA, BELO HORIZONTE, MG", "BANCO": "BRADESCO", "LINHA_AVAL_NOME": "GIRO", "LATITUDE": "-19.8427834", "LONGITUDE": "-43.9715144", "STATUS_OPERACIONAL": "APLICAR T3", "STATUS": "APLICAR T3", "field_14": null, "field_15": null, "field_16": null }, "geometry": { "type": "Point", "coordinates": [ -43.9715144, -19.8427834 ] } },
{ "type": "Feature", "properties": { "NROCNPJ_PAD": "48301613000195", "STATUS_MAILING": "SEGUNDA CONSULTORIA REALIZADA PRESENCIAL", "NOME_FANTASIA": "AVANTIS", "RAZAO_SOCIAL": "AVANTIS MEDICINA DO TRABALHO E DIAGNOSTICO LTDA", "RESPONSAVEL": "LIVIADEPINHOFERREIRA", "MUNICIPIO": "BELO HORIZONTE", "ENDEE": "RUA CURITIBA, 656, CENTRO, BELO HORIZONTE, MG", "BANCO": "SICOOB", "LINHA_AVAL_NOME": "EMPREENDEDORISMO FEM", "LATITUDE": "-19.91836", "LONGITUDE": "-43.94124", "STATUS_OPERACIONAL": "APLICAR T3", "STATUS": "APLICAR T3", "field_14": null, "field_15": null, "field_16": null }, "geometry": { "type": "Point", "coordinates": [ -43.94124, -19.91836 ] } },
{ "type": "Feature", "properties": { "NROCNPJ_PAD": "46025356000180", "STATUS_MAILING": "SEGUNDA CONSULTORIA REALIZADA PRESENCIAL", "NOME_FANTASIA": "-", "RAZAO_SOCIAL": "R.O.S. CAFETERIA GOURMET LTDA", "RESPONSAVEL": "ROGERIO DE OLIVEIRA SILVA", "MUNICIPIO": "BELO HORIZONTE", "ENDEE": "RUA SERGIPE, 33, BOA VIAGEM, BELO HORIZONTE, MG", "BANCO": "BDMG", "LINHA_AVAL_NOME": "GIRO", "LATITUDE": "-19.926774", "LONGITUDE": "-43.9351067", "STATUS_OPERACIONAL": "APLICAR T3", "STATUS": "APLICAR T3", "field_14": null, "field_15": null, "field_16": null }, "geometry": { "type": "Point", "coordinates": [ -43.9351067, -19.926774 ] } },
{ "type": "Feature", "properties": { "NROCNPJ_PAD": "07755707000157", "STATUS_MAILING": "SEGUNDA CONSULTORIA REALIZADA PRESENCIAL", "NOME_FANTASIA": "-", "RAZAO_SOCIAL": "NATTIVE TECNOLOGIA LTDA", "RESPONSAVEL": "DÉRIKS MARQUES ALVES", "MUNICIPIO": "BELO HORIZONTE", "ENDEE": "RUA DA BAHIA, 2696, LOURDES, BELO HORIZONTE, MG", "BANCO": "BDMG", "LINHA_AVAL_NOME": "GIRO", "LATITUDE": "-19.9386392", "LONGITUDE": "-43.9417271", "STATUS_OPERACIONAL": "APLICAR T3", "STATUS": "APLICAR T3", "field_14": null, "field_15": null, "field_16": null }, "geometry": { "type": "Point", "coordinates": [ -43.9417271, -19.9386392 ] } },
{ "type": "Feature", "properties": { "NROCNPJ_PAD": "32818302000168", "STATUS_MAILING": "SEGUNDA CONSULTORIA REALIZADA PRESENCIAL", "NOME_FANTASIA": "EIFERMED", "RAZAO_SOCIAL": "EIFER COMERCIO E SOLUCOES HOSPITALARES LTDA", "RESPONSAVEL": "RENATO LIMA GOMES|RODRIGO EDUARDO SAMPAIO ARAUJO", "MUNICIPIO": "BELO HORIZONTE", "ENDEE": "RUA DOS GUAJAJARAS, 581, LOURDES, BELO HORIZONTE, MG", "BANCO": "BDMG", "LINHA_AVAL_NOME": "GIRO", "LATITUDE": "-19.9355736", "LONGITUDE": "-43.9534109", "STATUS_OPERACIONAL": "APLICAR T3", "STATUS": "APLICAR T3", "field_14": null, "field_15": null, "field_16": null }, "geometry": { "type": "Point", "coordinates": [ -43.9534109, -19.9355736 ] } },
{ "type": "Feature", "properties": { "NROCNPJ_PAD": "49156241000113", "STATUS_MAILING": "SEGUNDA CONSULTORIA REALIZADA PRESENCIAL", "NOME_FANTASIA": "BELLAMARI CALCADOS E ACESSORIOS", "RAZAO_SOCIAL": "49.156.241 RODRIGO LUIZ DUELIS MARTINS", "RESPONSAVEL": "RODRIGO LUIZ DUELIS MARTINS", "MUNICIPIO": "BELO HORIZONTE", "ENDEE": "RUA SAO PAULO, 815, CENTRO, BELO HORIZONTE, MG", "BANCO": "BDMG", "LINHA_AVAL_NOME": "GIRO", "LATITUDE": "-19.9208931", "LONGITUDE": "-43.9402721", "STATUS_OPERACIONAL": "APLICAR T3", "STATUS": "APLICAR T3", "field_14": null, "field_15": null, "field_16": null }, "geometry": { "type": "Point", "coordinates": [ -43.9402721, -19.9208931 ] } },
{ "type": "Feature", "properties": { "NROCNPJ_PAD": "37177511000193", "STATUS_MAILING": "SEGUNDA CONSULTORIA REALIZADA PRESENCIAL", "NOME_FANTASIA": "DISTRITAL IMOVEIS", "RAZAO_SOCIAL": "DISTRITAL IMOVEIS LTDA", "RESPONSAVEL": "LEONARDOPESSOAMOREIRASANTOS", "MUNICIPIO": "BELO HORIZONTE", "ENDEE": "RUA ALAGOAS, 1314, SAVASSI, BELO HORIZONTE, MG", "BANCO": "SICOOB", "LINHA_AVAL_NOME": "GIRO", "LATITUDE": "-19.938271", "LONGITUDE": "-43.937176", "STATUS_OPERACIONAL": "APLICAR T3", "STATUS": "APLICAR T3", "field_14": null, "field_15": null, "field_16": null }, "geometry": { "type": "Point", "coordinates": [ -43.937176, -19.938271 ] } },
{ "type": "Feature", "properties": { "NROCNPJ_PAD": "36888842000179", "STATUS_MAILING": "SEGUNDA CONSULTORIA REALIZADA PRESENCIAL", "NOME_FANTASIA": "-", "RAZAO_SOCIAL": "ODONTOLOGIA SALGADO FILHO LTDA", "RESPONSAVEL": "AMANDA LODRON ALVIM", "MUNICIPIO": "BELO HORIZONTE", "ENDEE": "RUA CARMELITA PRATES DA SILVA, 650, SALGADO FILHO, BELO HORIZONTE, MG", "BANCO": "SICOOB", "LINHA_AVAL_NOME": "EMPREENDEDORISMO FEM", "LATITUDE": "-19.9408354", "LONGITUDE": "-43.9848237", "STATUS_OPERACIONAL": "APLICAR T3", "STATUS": "APLICAR T3", "field_14": null, "field_15": null, "field_16": null }, "geometry": { "type": "Point", "coordinates": [ -43.9848237, -19.9408354 ] } },
{ "type": "Feature", "properties": { "NROCNPJ_PAD": "65186793000120", "STATUS_MAILING": "SEGUNDA CONSULTORIA REALIZADA PRESENCIAL", "NOME_FANTASIA": "-", "RAZAO_SOCIAL": "HOMEOPATIA MAGNA MATER PRODUTOS NATURAIS LTDA", "RESPONSAVEL": "VITORIA MARTINS SCHEMBRI", "MUNICIPIO": "BELO HORIZONTE", "ENDEE": "RUA MONTES CLAROS, 509, CARMO SION, BELO HORIZONTE, MG", "BANCO": "BDMG", "LINHA_AVAL_NOME": "GIRO", "LATITUDE": "-19.9448131", "LONGITUDE": "-43.930614", "STATUS_OPERACIONAL": "APLICAR T3", "STATUS": "APLICAR T3", "field_14": null, "field_15": null, "field_16": null }, "geometry": { "type": "Point", "coordinates": [ -43.930614, -19.9448131 ] } },
{ "type": "Feature", "properties": { "NROCNPJ_PAD": "16515149000143", "STATUS_MAILING": "SEGUNDA CONSULTORIA REALIZADA PRESENCIAL", "NOME_FANTASIA": "-", "RAZAO_SOCIAL": "VISUAL AUTO PARTS E ACESSORIOS LTDA", "RESPONSAVEL": "DANIEL FENATI CABRAL RIBEIRO|RAFAEL FENATI CABRAL RIBEIRO", "MUNICIPIO": "BELO HORIZONTE", "ENDEE": "AVENIDA NOSSA SENHORA DO CARMO, 371, SION, BELO HORIZONTE, MG", "BANCO": "BDMG", "LINHA_AVAL_NOME": "GIRO", "LATITUDE": "-19.9433933", "LONGITUDE": "-43.9337741", "STATUS_OPERACIONAL": "APLICAR T3", "STATUS": "APLICAR T3", "field_14": null, "field_15": null, "field_16": null }, "geometry": { "type": "Point", "coordinates": [ -43.9337741, -19.9433933 ] } },
{ "type": "Feature", "properties": { "NROCNPJ_PAD": "46856965000181", "STATUS_MAILING": "SEGUNDA CONSULTORIA REALIZADA PRESENCIAL", "NOME_FANTASIA": "AUTO GONTIJO CENTRO AUTOMOTIVO", "RAZAO_SOCIAL": "WICTOR AUTO GONTIJO LTDA", "RESPONSAVEL": "WICTORNASCIMENTOSILVA", "MUNICIPIO": "BELO HORIZONTE", "ENDEE": "RUA CORCOVADO, 233, JARDIM AMERICA, BELO HORIZONTE, MG", "BANCO": "SICOOB", "LINHA_AVAL_NOME": "GIRO", "LATITUDE": "-19.9403944", "LONGITUDE": "-43.9775516", "STATUS_OPERACIONAL": "APLICAR T3", "STATUS": "APLICAR T3", "field_14": null, "field_15": null, "field_16": null }, "geometry": { "type": "Point", "coordinates": [ -43.9775516, -19.9403944 ] } },
{ "type": "Feature", "properties": { "NROCNPJ_PAD": "04416589000164", "STATUS_MAILING": "SEGUNDA CONSULTORIA REALIZADA PRESENCIAL", "NOME_FANTASIA": "BELTA TECNOLOGIA", "RAZAO_SOCIAL": "BELTA TECNOLOGIA LTDA", "RESPONSAVEL": "MARCUS DE SOUZA LACERDA", "MUNICIPIO": "BELO HORIZONTE", "ENDEE": "RUA HELENA MESQUITA, 204, NOVA SUISSA, BELO HORIZONTE, MG", "BANCO": "BDMG", "LINHA_AVAL_NOME": "GIRO", "LATITUDE": "-19.93474", "LONGITUDE": "-43.9798707", "STATUS_OPERACIONAL": "APLICAR T3", "STATUS": "APLICAR T3", "field_14": null, "field_15": null, "field_16": null }, "geometry": { "type": "Point", "coordinates": [ -43.9798707, -19.93474 ] } },
{ "type": "Feature", "properties": { "NROCNPJ_PAD": "06302829000125", "STATUS_MAILING": "SEGUNDA CONSULTORIA REALIZADA PRESENCIAL", "NOME_FANTASIA": "COPIA & ARTE", "RAZAO_SOCIAL": "COPIA & ARTE SOLUCOES GRAFICAS LTDA", "RESPONSAVEL": "GETULIO BARTOLOMEU DIAS", "MUNICIPIO": "BELO HORIZONTE", "ENDEE": "RUA DOM JOSE GASPAR, 745, CORACAO EUCARISTICO, BELO HORIZONTE, MG", "BANCO": "SICOOB", "LINHA_AVAL_NOME": "GIRO", "LATITUDE": "-19.9253564", "LONGITUDE": "-43.9918515", "STATUS_OPERACIONAL": "APLICAR T3", "STATUS": "APLICAR T3", "field_14": null, "field_15": null, "field_16": null }, "geometry": { "type": "Point", "coordinates": [ -43.9918515, -19.9253564 ] } },
{ "type": "Feature", "properties": { "NROCNPJ_PAD": "06952092000196", "STATUS_MAILING": "SEGUNDA CONSULTORIA REALIZADA PRESENCIAL", "NOME_FANTASIA": "ALVORADA AUTO VIDROS", "RAZAO_SOCIAL": "ALVORADA AUTO VIDROS LTDA", "RESPONSAVEL": "MARCELORIBEIRODASILVA|VANIADEPAULASILVA", "MUNICIPIO": "BELO HORIZONTE", "ENDEE": "AVENIDA DOM PEDRO II, 4251, PADRE EUSTAQUIO, BELO HORIZONTE, MG", "BANCO": "SICOOB", "LINHA_AVAL_NOME": "GIRO", "LATITUDE": "-19.9121559", "LONGITUDE": "-43.9812749", "STATUS_OPERACIONAL": "APLICAR T3", "STATUS": "APLICAR T3", "field_14": null, "field_15": null, "field_16": null }, "geometry": { "type": "Point", "coordinates": [ -43.9812749, -19.9121559 ] } },
{ "type": "Feature", "properties": { "NROCNPJ_PAD": "54424352000101", "STATUS_MAILING": "SEGUNDA CONSULTORIA REALIZADA PRESENCIAL", "NOME_FANTASIA": "SEONG AUTO PECAS", "RAZAO_SOCIAL": "SEONG AUTO PARTS LTDA", "RESPONSAVEL": "LEONARDOMENEZESDEOLIVEIRA", "MUNICIPIO": "BELO HORIZONTE", "ENDEE": "AVENIDA SERRANA, 72, SERRANO, BELO HORIZONTE, MG", "BANCO": "SICOOB", "LINHA_AVAL_NOME": "GIRO", "LATITUDE": "-19.8847036", "LONGITUDE": "-44.0121654", "STATUS_OPERACIONAL": "APLICAR T3", "STATUS": "APLICAR T3", "field_14": null, "field_15": null, "field_16": null }, "geometry": { "type": "Point", "coordinates": [ -44.0121654, -19.8847036 ] } },
{ "type": "Feature", "properties": { "NROCNPJ_PAD": "32758546000100", "STATUS_MAILING": "SEGUNDA CONSULTORIA REALIZADA PRESENCIAL", "NOME_FANTASIA": "PLURAL MIDIAS", "RAZAO_SOCIAL": "PLURAL MIDIAS IMPRESSAS LTDA", "RESPONSAVEL": "ROSANGELA DE FATIMA DANTAS", "MUNICIPIO": "BELO HORIZONTE", "ENDEE": "RUA CARMELITA PRATES DA SILVA, 401, SALGADO FILHO, BELO HORIZONTE, MG", "BANCO": "BDMG", "LINHA_AVAL_NOME": "GIRO", "LATITUDE": "-19.9386008", "LONGITUDE": "-43.9841846", "STATUS_OPERACIONAL": "APLICAR T3", "STATUS": "APLICAR T3", "field_14": null, "field_15": null, "field_16": null }, "geometry": { "type": "Point", "coordinates": [ -43.9841846, -19.9386008 ] } },
{ "type": "Feature", "properties": { "NROCNPJ_PAD": "22083237000116", "STATUS_MAILING": "SEGUNDA CONSULTORIA REALIZADA PRESENCIAL", "NOME_FANTASIA": "SOS GARRIDES", "RAZAO_SOCIAL": "REMOCOES SOUZA E GARRIDES LTDA", "RESPONSAVEL": "-", "MUNICIPIO": "BELO HORIZONTE", "ENDEE": "RUA CAMPINA VERDE, 427, SALGADO FILHO, BELO HORIZONTE, MG", "BANCO": "SICOOB", "LINHA_AVAL_NOME": "EMPREENDEDORISMO FEM", "LATITUDE": "-19.9443312", "LONGITUDE": "-43.9845409", "STATUS_OPERACIONAL": "APLICAR T3", "STATUS": "APLICAR T3", "field_14": null, "field_15": null, "field_16": null }, "geometry": { "type": "Point", "coordinates": [ -43.9845409, -19.9443312 ] } },
{ "type": "Feature", "properties": { "NROCNPJ_PAD": "22399063000103", "STATUS_MAILING": "SEGUNDA CONSULTORIA REALIZADA PRESENCIAL", "NOME_FANTASIA": "REDE MIGUEL", "RAZAO_SOCIAL": "DROGARIA REDE MIGUEL LTDA", "RESPONSAVEL": "TULIA GRAZIELLA FERREIRA DIAS", "MUNICIPIO": "BELO HORIZONTE", "ENDEE": "RUA LUIZA EFIGENIA SILVA, 210, CAMARGOS, BELO HORIZONTE, MG", "BANCO": "BDMG", "LINHA_AVAL_NOME": "GIRO", "LATITUDE": "-19.9382767", "LONGITUDE": "-44.01908", "STATUS_OPERACIONAL": "APLICAR T3", "STATUS": "APLICAR T3", "field_14": null, "field_15": null, "field_16": null }, "geometry": { "type": "Point", "coordinates": [ -44.01908, -19.9382767 ] } },
{ "type": "Feature", "properties": { "NROCNPJ_PAD": "51632174000108", "STATUS_MAILING": "SEGUNDA CONSULTORIA REALIZADA PRESENCIAL", "NOME_FANTASIA": "DONA ENI RESTAURANTE", "RAZAO_SOCIAL": "CAROL TEIXEIRA COMERCIO DE ALIMENTOS LTDA.", "RESPONSAVEL": "-", "MUNICIPIO": "BELO HORIZONTE", "ENDEE": "RUA DOS CARIJOS, 101, CENTRO, BELO HORIZONTE, MG", "BANCO": "BRADESCO", "LINHA_AVAL_NOME": "GIRO", "LATITUDE": "-19.9196286", "LONGITUDE": "-43.9369467", "STATUS_OPERACIONAL": "APLICAR T3", "STATUS": "APLICAR T3", "field_14": null, "field_15": null, "field_16": null }, "geometry": { "type": "Point", "coordinates": [ -43.9369467, -19.9196286 ] } },
{ "type": "Feature", "properties": { "NROCNPJ_PAD": "51992009000167", "STATUS_MAILING": "SEGUNDA CONSULTORIA REALIZADA PRESENCIAL", "NOME_FANTASIA": "-", "RAZAO_SOCIAL": "RESTAURANTE E LANCHONETE TIA MALUKA LTDA", "RESPONSAVEL": "SIMONETELESMENDANHA", "MUNICIPIO": "BELO HORIZONTE", "ENDEE": "RUA KIMBERLITA, 20, SANTA TEREZA, BELO HORIZONTE, MG", "BANCO": "SICOOB", "LINHA_AVAL_NOME": "EMPREENDEDORISMO FEM", "LATITUDE": "-19.9137691", "LONGITUDE": "-43.9136839", "STATUS_OPERACIONAL": "APLICAR T3", "STATUS": "APLICAR T3", "field_14": null, "field_15": null, "field_16": null }, "geometry": { "type": "Point", "coordinates": [ -43.9136839, -19.9137691 ] } },
{ "type": "Feature", "properties": { "NROCNPJ_PAD": "45737650000152", "STATUS_MAILING": "SEGUNDA CONSULTORIA REALIZADA PRESENCIAL", "NOME_FANTASIA": "BAR BOCAIUVA", "RAZAO_SOCIAL": "BAR, LANCHONETE E RESTAURANTE BOCAIUVA LTDA", "RESPONSAVEL": "CARLOS EDUARDO DA SILVA|CARLOSEDUARDODASILVA", "MUNICIPIO": "BELO HORIZONTE", "ENDEE": "RUA PARAISOPOLIS, 550, SANTA TEREZA, BELO HORIZONTE, MG", "BANCO": "BDMG", "LINHA_AVAL_NOME": "GIRO", "LATITUDE": "-19.9138244", "LONGITUDE": "-43.9134245", "STATUS_OPERACIONAL": "APLICAR T3", "STATUS": "APLICAR T3", "field_14": null, "field_15": null, "field_16": null }, "geometry": { "type": "Point", "coordinates": [ -43.9134245, -19.9138244 ] } },
{ "type": "Feature", "properties": { "NROCNPJ_PAD": "04284417000184", "STATUS_MAILING": "SEGUNDA CONSULTORIA REALIZADA PRESENCIAL", "NOME_FANTASIA": "CASA DOS QUADRINHOS ESCOLA DE ARTES", "RAZAO_SOCIAL": "ESCOLA DE ARTES SOL LTDA", "RESPONSAVEL": "CRISTIANOSEIXASMENDESDECARVALHO|DOROTIGAIASEIXAS", "MUNICIPIO": "BELO HORIZONTE", "ENDEE": "AVENIDA JOAO PINHEIRO, 277, BOA VIAGEM, BELO HORIZONTE, MG", "BANCO": "SICOOB", "LINHA_AVAL_NOME": "GIRO", "LATITUDE": "-19.9277464", "LONGITUDE": "-43.9365992", "STATUS_OPERACIONAL": "APLICAR T3", "STATUS": "APLICAR T3", "field_14": null, "field_15": null, "field_16": null }, "geometry": { "type": "Point", "coordinates": [ -43.9365992, -19.9277464 ] } },
{ "type": "Feature", "properties": { "NROCNPJ_PAD": "16689041000177", "STATUS_MAILING": "SEGUNDA CONSULTORIA REALIZADA PRESENCIAL", "NOME_FANTASIA": "-", "RAZAO_SOCIAL": "BITACA DO BAC LTDA", "RESPONSAVEL": "BRUNOCAMPOSPEREIRA", "MUNICIPIO": "BELO HORIZONTE", "ENDEE": "RUA CONEGO FELICIO, 83, GAMELEIRA, BELO HORIZONTE, MG", "BANCO": "SICOOB", "LINHA_AVAL_NOME": "GIRO", "LATITUDE": "-19.9260012", "LONGITUDE": "-43.9859624", "STATUS_OPERACIONAL": "APLICAR T3", "STATUS": "APLICAR T3", "field_14": null, "field_15": null, "field_16": null }, "geometry": { "type": "Point", "coordinates": [ -43.9859624, -19.9260012 ] } },
{ "type": "Feature", "properties": { "NROCNPJ_PAD": "53842616000176", "STATUS_MAILING": "SEGUNDA CONSULTORIA REALIZADA ONLINE", "NOME_FANTASIA": "-", "RAZAO_SOCIAL": "ARQA SOLUCOES ARQUITETONICAS LTDA", "RESPONSAVEL": "DANIELPAULINODORNELAS|RUBENSVIEIRAMARTINS", "MUNICIPIO": "BELO HORIZONTE", "ENDEE": "RUA BELTERRA, 11, OURO PRETO, BELO HORIZONTE, MG", "BANCO": "SICOOB", "LINHA_AVAL_NOME": "GIRO", "LATITUDE": "-19.8738885", "LONGITUDE": "-43.987032", "STATUS_OPERACIONAL": "APLICAR T3", "STATUS": "APLICAR T3", "field_14": null, "field_15": null, "field_16": null }, "geometry": { "type": "Point", "coordinates": [ -43.987032, -19.8738885 ] } },
{ "type": "Feature", "properties": { "NROCNPJ_PAD": "18278877000104", "STATUS_MAILING": "SEGUNDA CONSULTORIA REALIZADA ONLINE", "NOME_FANTASIA": "-", "RAZAO_SOCIAL": "SOMA INSTALACOES E MONTAGENS TECNICAS LTDA", "RESPONSAVEL": "GISELLE PENA DE OLIVEIRA", "MUNICIPIO": "BELO HORIZONTE", "ENDEE": "AVENIDA BARAO HOMEM DE MELO, 1963, ALPES, BELO HORIZONTE, MG", "BANCO": "SICOOB", "LINHA_AVAL_NOME": "EMPREENDEDORISMO FEM", "LATITUDE": "-19.9533267", "LONGITUDE": "-43.9667988", "STATUS_OPERACIONAL": "APLICAR T3", "STATUS": "APLICAR T3", "field_14": null, "field_15": null, "field_16": null }, "geometry": { "type": "Point", "coordinates": [ -43.9667988, -19.9533267 ] } },
{ "type": "Feature", "properties": { "NROCNPJ_PAD": "62941437000187", "STATUS_MAILING": "SEGUNDA CONSULTORIA REALIZADA ONLINE", "NOME_FANTASIA": "-", "RAZAO_SOCIAL": "QUE TUTTI DE MINAS LTDA", "RESPONSAVEL": "-", "MUNICIPIO": "BELO HORIZONTE", "ENDEE": "PRACA COMENDADOR NEGRAO DE LIMA, 30, FLORESTA, BELO HORIZONTE, MG", "BANCO": "SICOOB", "LINHA_AVAL_NOME": "GIRO", "LATITUDE": "-19.9114821", "LONGITUDE": "-43.9302673", "STATUS_OPERACIONAL": "APLICAR T3", "STATUS": "APLICAR T3", "field_14": null, "field_15": null, "field_16": null }, "geometry": { "type": "Point", "coordinates": [ -43.9302673, -19.9114821 ] } },
{ "type": "Feature", "properties": { "NROCNPJ_PAD": "46602147000152", "STATUS_MAILING": "TERCEIRA CONSULTORIA REALIZADA ONLINE", "NOME_FANTASIA": "-", "RAZAO_SOCIAL": "AMERICA TRIPAS LTDA", "RESPONSAVEL": "GABRIELAGONCALVESDESOUZA|MICAELLOPESDESOUZA", "MUNICIPIO": "BELO HORIZONTE", "ENDEE": "RUA AUGUSTO FRANCO, 580, SAO JOAO BATISTA, BELO HORIZONTE, MG", "BANCO": "SICOOB", "LINHA_AVAL_NOME": "GIRO", "LATITUDE": "-19.8277884", "LONGITUDE": "-43.9637697", "STATUS_OPERACIONAL": "APLICAR T4", "STATUS": "APLICAR T4", "field_14": null, "field_15": null, "field_16": null }, "geometry": { "type": "Point", "coordinates": [ -43.9637697, -19.8277884 ] } },
{ "type": "Feature", "properties": { "NROCNPJ_PAD": "25284466000197", "STATUS_MAILING": "EMPRESA ELEGÍVEL PRESENCIAL E PROPRIETÁRIO AUSENTE", "NOME_FANTASIA": "TOTAL POINT CONTROLE DE PONTO, ACESSO E INFORMATICA", "RAZAO_SOCIAL": "TOTAL POINT CONTROLE DE PONTO E ACESSO LTDA", "RESPONSAVEL": "ALEXANDRE NORBERTO MOURA DE SA", "MUNICIPIO": "BELO HORIZONTE", "ENDEE": "AVENIDA DO CONTORNO, 2333, SANTA TEREZA, BELO HORIZONTE, MG", "BANCO": "BDMG", "LINHA_AVAL_NOME": "GIRO", "LATITUDE": "-19.9189657", "LONGITUDE": "-43.9249177", "STATUS_OPERACIONAL": "CARTEIRA", "STATUS": "CARTEIRA", "field_14": null, "field_15": null, "field_16": null }, "geometry": { "type": "Point", "coordinates": [ -43.9249177, -19.9189657 ] } },
{ "type": "Feature", "properties": { "NROCNPJ_PAD": "25202011000185", "STATUS_MAILING": "EMPRESA ELEGÍVEL PRESENCIAL E PROPRIETÁRIO AUSENTE", "NOME_FANTASIA": "TM ENGENHARIA E MEIO AMBIENTE", "RAZAO_SOCIAL": "TM TORRES MIARI PROJETOS LTDA", "RESPONSAVEL": "RAFAEL MIARI CUNHA|RAFAELMIARICUNHA|RENATA TORRES MIARI CUNHA|RENATATORRESMIARICUNHA|ROBSONDIASCUNHA", "MUNICIPIO": "BELO HORIZONTE", "ENDEE": "AVENIDA GETULIO VARGAS, 874, SAVASSI, BELO HORIZONTE, MG", "BANCO": "SICOOB", "LINHA_AVAL_NOME": "GIRO", "LATITUDE": "-19.935764", "LONGITUDE": "-43.9317335", "STATUS_OPERACIONAL": "CARTEIRA", "STATUS": "CARTEIRA", "field_14": null, "field_15": null, "field_16": null }, "geometry": { "type": "Point", "coordinates": [ -43.9317335, -19.935764 ] } },
{ "type": "Feature", "properties": { "NROCNPJ_PAD": "45840031000199", "STATUS_MAILING": "EMPRESA ELEGÍVEL ONLINE NÃO TRABALHADA NO CONTATO TELEFÔNICO/EMPRESA ELEGÍVEL PRESENCIAL NÃO VISITADA", "NOME_FANTASIA": "ANJOS DO AMOR", "RAZAO_SOCIAL": "ANJOS DO AMOR COMERCIO VAREJISTA DE PRODUTOS LTDA", "RESPONSAVEL": "MARIANA GUALBERTO DA SILVA", "MUNICIPIO": "BELO HORIZONTE", "ENDEE": "AVENIDA DO CONTORNO, 2312, LOJA 02, FLORESTA, 30110-012, BELO HORIZONTE, MG, BRASIL", "BANCO": "BDMG", "LINHA_AVAL_NOME": "Giro", "LATITUDE": "-19.9197151", "LONGITUDE": "-43.925316", "STATUS_OPERACIONAL": "CARTEIRA", "STATUS": "CARTEIRA", "field_14": null, "field_15": null, "field_16": null }, "geometry": { "type": "Point", "coordinates": [ -43.925316, -19.9197151 ] } },
{ "type": "Feature", "properties": { "NROCNPJ_PAD": "21360272000172", "STATUS_MAILING": "EMPRESA ELEGÍVEL ONLINE NÃO TRABALHADA NO CONTATO TELEFÔNICO/EMPRESA ELEGÍVEL PRESENCIAL NÃO VISITADA", "NOME_FANTASIA": "FOFOVANS", "RAZAO_SOCIAL": "FOFOVANS LOGISTICA E EVENTOS LTDA", "RESPONSAVEL": "-", "MUNICIPIO": "BELO HORIZONTE", "ENDEE": "RUA VIRGEM PEREGRINA,15,MARIA HELENA,31680-260,BELO HORIZONTE,-, BRASIL", "BANCO": "BRADESCO", "LINHA_AVAL_NOME": "0", "LATITUDE": "-19.7971341", "LONGITUDE": "-43.9968256", "STATUS_OPERACIONAL": "CARTEIRA", "STATUS": "CARTEIRA", "field_14": null, "field_15": null, "field_16": null }, "geometry": { "type": "Point", "coordinates": [ -43.9968256, -19.7971341 ] } },
{ "type": "Feature", "properties": { "NROCNPJ_PAD": "31571579000176", "STATUS_MAILING": "EMPRESA ELEGÍVEL ONLINE NÃO TRABALHADA NO CONTATO TELEFÔNICO/EMPRESA ELEGÍVEL PRESENCIAL NÃO VISITADA", "NOME_FANTASIA": "EMPREITEIRA SOUZA TEC", "RAZAO_SOCIAL": "SOUZA TEC CONSTRUTORA LTDA", "RESPONSAVEL": "LEANDROMARQUESDESOUZA", "MUNICIPIO": "BELO HORIZONTE", "ENDEE": "RUA CAMBUI, 250, CASA, GUARANI, 31840-120, BELO HORIZONTE", "BANCO": "-", "LINHA_AVAL_NOME": "GIRO", "LATITUDE": "-19.843554", "LONGITUDE": "-43.9266256", "STATUS_OPERACIONAL": "CARTEIRA", "STATUS": "CARTEIRA", "field_14": null, "field_15": null, "field_16": null }, "geometry": { "type": "Point", "coordinates": [ -43.9266256, -19.843554 ] } },
{ "type": "Feature", "properties": { "NROCNPJ_PAD": "24243441000182", "STATUS_MAILING": "EMPRESA ELEGÍVEL ONLINE NÃO TRABALHADA NO CONTATO TELEFÔNICO/EMPRESA ELEGÍVEL PRESENCIAL NÃO VISITADA", "NOME_FANTASIA": "PRATKO COSMETICOS", "RAZAO_SOCIAL": "D & F COSMETICOS LTDA", "RESPONSAVEL": "-", "MUNICIPIO": "BELO HORIZONTE", "ENDEE": "RUA FERREIRA,263,EYMARD,31930-650,BELO HORIZONTE,-, BRASIL", "BANCO": "BRADESCO", "LINHA_AVAL_NOME": "0", "LATITUDE": "-19.8607244", "LONGITUDE": "-43.9148801", "STATUS_OPERACIONAL": "CARTEIRA", "STATUS": "CARTEIRA", "field_14": null, "field_15": null, "field_16": null }, "geometry": { "type": "Point", "coordinates": [ -43.9148801, -19.8607244 ] } },
{ "type": "Feature", "properties": { "NROCNPJ_PAD": "61062297000104", "STATUS_MAILING": "EMPRESA ELEGÍVEL ONLINE NÃO TRABALHADA NO CONTATO TELEFÔNICO/EMPRESA ELEGÍVEL PRESENCIAL NÃO VISITADA", "NOME_FANTASIA": "STARLING STORE", "RAZAO_SOCIAL": "STARLING EXPRESS LTDA", "RESPONSAVEL": "EDUARDO TORRES STARLING MOSCI", "MUNICIPIO": "BELO HORIZONTE", "ENDEE": "RUA CASTELO DE EDIMBURGO, 272, SALA 01, CASTELO, 31330-240, BELO HORIZONTE", "BANCO": "-", "LINHA_AVAL_NOME": "GIRO", "LATITUDE": "-19.8778633", "LONGITUDE": "-44.0006255", "STATUS_OPERACIONAL": "CARTEIRA", "STATUS": "CARTEIRA", "field_14": null, "field_15": null, "field_16": null }, "geometry": { "type": "Point", "coordinates": [ -44.0006255, -19.8778633 ] } },
{ "type": "Feature", "properties": { "NROCNPJ_PAD": "15439879000140", "STATUS_MAILING": "EMPRESA ELEGÍVEL ONLINE NÃO TRABALHADA NO CONTATO TELEFÔNICO/EMPRESA ELEGÍVEL PRESENCIAL NÃO VISITADA", "NOME_FANTASIA": "TOP FESTAS BRASIL", "RAZAO_SOCIAL": "TOP FESTAS BRASIL LTDA", "RESPONSAVEL": "BRUNODEMOURACAMPOSZAMBONI", "MUNICIPIO": "BELO HORIZONTE", "ENDEE": "RUA ENEIDA, 789, CASA A, NOVO GLORIA, 30881-520, BELO HORIZONTE", "BANCO": "-", "LINHA_AVAL_NOME": "GIRO", "LATITUDE": "-19.9020526", "LONGITUDE": "-44.0157876", "STATUS_OPERACIONAL": "CARTEIRA", "STATUS": "CARTEIRA", "field_14": null, "field_15": null, "field_16": null }, "geometry": { "type": "Point", "coordinates": [ -44.0157876, -19.9020526 ] } },
{ "type": "Feature", "properties": { "NROCNPJ_PAD": "13063339000189", "STATUS_MAILING": "EMPRESA ELEGÍVEL ONLINE NÃO TRABALHADA NO CONTATO TELEFÔNICO/EMPRESA ELEGÍVEL PRESENCIAL NÃO VISITADA", "NOME_FANTASIA": "MOLECULARSR LTDA", "RAZAO_SOCIAL": "MOLECULARSR LTDA", "RESPONSAVEL": "-", "MUNICIPIO": "BELO HORIZONTE", "ENDEE": "RUA ITAPAGIPE,780,CONCORDIA,31110-590,BELO HORIZONTE,MG, BRASIL", "BANCO": "BDMG", "LINHA_AVAL_NOME": "0", "LATITUDE": "-19.9023566", "LONGITUDE": "-43.9336994", "STATUS_OPERACIONAL": "CARTEIRA", "STATUS": "CARTEIRA", "field_14": null, "field_15": null, "field_16": null }, "geometry": { "type": "Point", "coordinates": [ -43.9336994, -19.9023566 ] } },
{ "type": "Feature", "properties": { "NROCNPJ_PAD": "47134230000107", "STATUS_MAILING": "EMPRESA ELEGÍVEL ONLINE NÃO TRABALHADA NO CONTATO TELEFÔNICO/EMPRESA ELEGÍVEL PRESENCIAL NÃO VISITADA", "NOME_FANTASIA": "SUIMINAS ALIMENTOS", "RAZAO_SOCIAL": "SUIMINAS ALIMENTOS LTDA", "RESPONSAVEL": "ANDREJACINTOMENEZESDECAMPOSDUTRA", "MUNICIPIO": "BELO HORIZONTE", "ENDEE": "RUA BENJAMIM JOSE DOS SANTOS, 60, CALIFORNIA, 30855-190, BELO HORIZONTE", "BANCO": "-", "LINHA_AVAL_NOME": "GIRO", "LATITUDE": "-19.9255289", "LONGITUDE": "-44.0153517", "STATUS_OPERACIONAL": "CARTEIRA", "STATUS": "CARTEIRA", "field_14": null, "field_15": null, "field_16": null }, "geometry": { "type": "Point", "coordinates": [ -44.0153517, -19.9255289 ] } },
{ "type": "Feature", "properties": { "NROCNPJ_PAD": "51096502000107", "STATUS_MAILING": "EMPRESA ELEGÍVEL ONLINE NÃO TRABALHADA NO CONTATO TELEFÔNICO/EMPRESA ELEGÍVEL PRESENCIAL NÃO VISITADA", "NOME_FANTASIA": "-", "RAZAO_SOCIAL": "SOLUCOES CORPORATIVAS MARCO JUSTINO LTDA.", "RESPONSAVEL": "MARCOAURELIOSILVAJUSTINO", "MUNICIPIO": "BELO HORIZONTE", "ENDEE": "RUA GOIAS, 317, APT 303, CENTRO, 30190-030, BELO HORIZONTE", "BANCO": "-", "LINHA_AVAL_NOME": "GIRO", "LATITUDE": "-19.9262184", "LONGITUDE": "-43.9351752", "STATUS_OPERACIONAL": "CARTEIRA", "STATUS": "CARTEIRA", "field_14": null, "field_15": null, "field_16": null }, "geometry": { "type": "Point", "coordinates": [ -43.9351752, -19.9262184 ] } },
{ "type": "Feature", "properties": { "NROCNPJ_PAD": "50962934000182", "STATUS_MAILING": "EMPRESA ELEGÍVEL ONLINE NÃO TRABALHADA NO CONTATO TELEFÔNICO/EMPRESA ELEGÍVEL PRESENCIAL NÃO VISITADA", "NOME_FANTASIA": "RSOLUCOES ENERGETICAS", "RAZAO_SOCIAL": "RSOLUCOES ENERGETICAS LTDA", "RESPONSAVEL": "RODRIGOSOARESALVES", "MUNICIPIO": "BELO HORIZONTE", "ENDEE": "RUA MARANHAO, 493, SANTA EFIGENIA, 30150-334, BELO HORIZONTE", "BANCO": "-", "LINHA_AVAL_NOME": "GIRO", "LATITUDE": "-19.9262465", "LONGITUDE": "-43.9238056", "STATUS_OPERACIONAL": "CARTEIRA", "STATUS": "CARTEIRA", "field_14": null, "field_15": null, "field_16": null }, "geometry": { "type": "Point", "coordinates": [ -43.9238056, -19.9262465 ] } },
{ "type": "Feature", "properties": { "NROCNPJ_PAD": "14214595000192", "STATUS_MAILING": "EMPRESA ELEGÍVEL ONLINE NÃO TRABALHADA NO CONTATO TELEFÔNICO/EMPRESA ELEGÍVEL PRESENCIAL NÃO VISITADA", "NOME_FANTASIA": "LIMA E MARQUES TRANSPORTES LTDA", "RAZAO_SOCIAL": "LIMA E MARQUES TRANSPORTES LTDA", "RESPONSAVEL": "-", "MUNICIPIO": "BELO HORIZONTE", "ENDEE": "RUA BUENO DO PRADO,895,ALTO DOS PINHEIROS,30530-430,BELO HORIZONTE,-, BRASIL", "BANCO": "BRADESCO", "LINHA_AVAL_NOME": "0", "LATITUDE": "-19.9280126", "LONGITUDE": "-44.0050758", "STATUS_OPERACIONAL": "CARTEIRA", "STATUS": "CARTEIRA", "field_14": null, "field_15": null, "field_16": null }, "geometry": { "type": "Point", "coordinates": [ -44.0050758, -19.9280126 ] } },
{ "type": "Feature", "properties": { "NROCNPJ_PAD": "46622926000110", "STATUS_MAILING": "EMPRESA ELEGÍVEL ONLINE NÃO TRABALHADA NO CONTATO TELEFÔNICO/EMPRESA ELEGÍVEL PRESENCIAL NÃO VISITADA", "NOME_FANTASIA": "0", "RAZAO_SOCIAL": "NATALIA OLIVEIRA MENDES ADMINISTRACAO", "RESPONSAVEL": "-", "MUNICIPIO": "BELO HORIZONTE", "ENDEE": "RUA CATETE,118,BARROCA,30431-089,BELO HORIZONTE,MG, BRASIL", "BANCO": "BDMG", "LINHA_AVAL_NOME": "0", "LATITUDE": "-19.9335059", "LONGITUDE": "-43.9638462", "STATUS_OPERACIONAL": "CARTEIRA", "STATUS": "CARTEIRA", "field_14": null, "field_15": null, "field_16": null }, "geometry": { "type": "Point", "coordinates": [ -43.9638462, -19.9335059 ] } },
{ "type": "Feature", "properties": { "NROCNPJ_PAD": "28137879000137", "STATUS_MAILING": "EMPRESA ELEGÍVEL ONLINE NÃO TRABALHADA NO CONTATO TELEFÔNICO/EMPRESA ELEGÍVEL PRESENCIAL NÃO VISITADA", "NOME_FANTASIA": "SAP - MARKETING E PRODUCOES", "RAZAO_SOCIAL": "SAP - MARKETING DIGITAL LTDA", "RESPONSAVEL": "-", "MUNICIPIO": "BELO HORIZONTE", "ENDEE": "RUA GETULIO VARGAS,671,SAVASSI,30112-021,BELO HORIZONTE,SP, BRASIL", "BANCO": "ESTÍMULO", "LINHA_AVAL_NOME": "0", "LATITUDE": "-19.9351397", "LONGITUDE": "-43.9297975", "STATUS_OPERACIONAL": "CARTEIRA", "STATUS": "CARTEIRA", "field_14": null, "field_15": null, "field_16": null }, "geometry": { "type": "Point", "coordinates": [ -43.9297975, -19.9351397 ] } },
{ "type": "Feature", "properties": { "NROCNPJ_PAD": "47395767000120", "STATUS_MAILING": "EMPRESA ELEGÍVEL ONLINE NÃO TRABALHADA NO CONTATO TELEFÔNICO/EMPRESA ELEGÍVEL PRESENCIAL NÃO VISITADA", "NOME_FANTASIA": "SEESTEL LTDA", "RAZAO_SOCIAL": "SEESTEL LTDA", "RESPONSAVEL": "-", "MUNICIPIO": "BELO HORIZONTE", "ENDEE": "RUA LINDOLFO DE AZEVEDO,2284,JARDIM AMERICA,30421-480,BELO HORIZONTE,MG, BRASIL", "BANCO": "SICOOB", "LINHA_AVAL_NOME": "0", "LATITUDE": "-19.9518923", "LONGITUDE": "-43.9694166", "STATUS_OPERACIONAL": "CARTEIRA", "STATUS": "CARTEIRA", "field_14": null, "field_15": null, "field_16": null }, "geometry": { "type": "Point", "coordinates": [ -43.9694166, -19.9518923 ] } },
{ "type": "Feature", "properties": { "NROCNPJ_PAD": "15825336000160", "STATUS_MAILING": "EMPRESA ELEGÍVEL ONLINE NÃO TRABALHADA NO CONTATO TELEFÔNICO/EMPRESA ELEGÍVEL PRESENCIAL NÃO VISITADA", "NOME_FANTASIA": "MAIS REDE TELECOM", "RAZAO_SOCIAL": "MAIS REDE SERVICOS DE TELECOMUNICACOES LTDA", "RESPONSAVEL": "-", "MUNICIPIO": "BELO HORIZONTE", "ENDEE": "RUA URSULA PAULINO,1422,BETANIA,30580-002,BELO HORIZONTE,MG, BRASIL", "BANCO": "SICOOB", "LINHA_AVAL_NOME": "0", "LATITUDE": "-19.9596529", "LONGITUDE": "-43.9894888", "STATUS_OPERACIONAL": "CARTEIRA", "STATUS": "CARTEIRA", "field_14": null, "field_15": null, "field_16": null }, "geometry": { "type": "Point", "coordinates": [ -43.9894888, -19.9596529 ] } },
{ "type": "Feature", "properties": { "NROCNPJ_PAD": "57618029000159", "STATUS_MAILING": "EMPRESA ELEGÍVEL ONLINE NÃO TRABALHADA NO CONTATO TELEFÔNICO/EMPRESA ELEGÍVEL PRESENCIAL NÃO VISITADA", "NOME_FANTASIA": "POSTO 06", "RAZAO_SOCIAL": "POSTO 6 COMERCIO DE ALIMENTOS E BEBIDAS LTDA", "RESPONSAVEL": "-", "MUNICIPIO": "BELO HORIZONTE", "ENDEE": "RUA SINFRONIO BROCHADO,1257,BARREIRO,30640-000,BELO HORIZONTE,MG, BRASIL", "BANCO": "SICOOB", "LINHA_AVAL_NOME": "0", "LATITUDE": "-19.9779899", "LONGITUDE": "-44.024183", "STATUS_OPERACIONAL": "CARTEIRA", "STATUS": "CARTEIRA", "field_14": null, "field_15": null, "field_16": null }, "geometry": { "type": "Point", "coordinates": [ -44.024183, -19.9779899 ] } },
{ "type": "Feature", "properties": { "NROCNPJ_PAD": "49894404000165", "STATUS_MAILING": "EMPRESA ELEGÍVEL ONLINE NÃO TRABALHADA NO CONTATO TELEFÔNICO/EMPRESA ELEGÍVEL PRESENCIAL NÃO VISITADA", "NOME_FANTASIA": "LORENE GENTILINI FONOAUDIOLOGIA", "RAZAO_SOCIAL": "LORENE GENTILINI FONOAUDIOLOGIA LTDA", "RESPONSAVEL": "-", "MUNICIPIO": "BELO HORIZONTE", "ENDEE": "RUA MARIA BLEME,90,BARREIRO,30640-760,BELO HORIZONTE,SP, BRASIL", "BANCO": "ESTÍMULO", "LINHA_AVAL_NOME": "0", "LATITUDE": "-19.9831394", "LONGITUDE": "-44.0234482", "STATUS_OPERACIONAL": "CARTEIRA", "STATUS": "CARTEIRA", "field_14": null, "field_15": null, "field_16": null }, "geometry": { "type": "Point", "coordinates": [ -44.0234482, -19.9831394 ] } },
{ "type": "Feature", "properties": { "NROCNPJ_PAD": "63900655000136", "STATUS_MAILING": "EMPRESA ELEGÍVEL ONLINE SEM SUCESSO NO CONTATO TELEFÔNICO/EMPRESA ELEGÍVEL PRESENCIAL E PROPRIETÁRIO AUSENTE", "NOME_FANTASIA": "-", "RAZAO_SOCIAL": "H M SERRA VERDE LTDA", "RESPONSAVEL": "BRUNODECARVALHOFERREIRA|HENRIQUEAUGUSTOQUINTAOFONSECA", "MUNICIPIO": "BELO HORIZONTE", "ENDEE": "RODOVIA PAPA JOAO PAULO II, 4143, SERRA VERDE, BELO HORIZONTE, MG", "BANCO": "SICOOB", "LINHA_AVAL_NOME": "GIRO", "LATITUDE": "-19.7822599", "LONGITUDE": "-43.9515228", "STATUS_OPERACIONAL": "CARTEIRA", "STATUS": "CARTEIRA", "field_14": null, "field_15": null, "field_16": null }, "geometry": { "type": "Point", "coordinates": [ -43.9515228, -19.7822599 ] } },
{ "type": "Feature", "properties": { "NROCNPJ_PAD": "35587081000152", "STATUS_MAILING": "EMPRESA ELEGÍVEL ONLINE SEM SUCESSO NO CONTATO TELEFÔNICO/EMPRESA ELEGÍVEL PRESENCIAL E PROPRIETÁRIO AUSENTE", "NOME_FANTASIA": "RENOVE LAR E CONSTRUCAO", "RAZAO_SOCIAL": "ELAINE MARTINS DELFINO", "RESPONSAVEL": "ELAINEMARTINSDELFINO", "MUNICIPIO": "BELO HORIZONTE", "ENDEE": "RUA SETE DE OUTUBRO, 970, JARDIM DOS COMERCIARIOS, BELO HORIZONTE, MG", "BANCO": "SICOOB", "LINHA_AVAL_NOME": "EMPREENDEDORISMO FEM", "LATITUDE": "-19.7887063", "LONGITUDE": "-43.9768786", "STATUS_OPERACIONAL": "CARTEIRA", "STATUS": "CARTEIRA", "field_14": null, "field_15": null, "field_16": null }, "geometry": { "type": "Point", "coordinates": [ -43.9768786, -19.7887063 ] } },
{ "type": "Feature", "properties": { "NROCNPJ_PAD": "43565101000112", "STATUS_MAILING": "EMPRESA ELEGÍVEL ONLINE SEM SUCESSO NO CONTATO TELEFÔNICO/EMPRESA ELEGÍVEL PRESENCIAL E PROPRIETÁRIO AUSENTE", "NOME_FANTASIA": "BLD ENGENHARIA", "RAZAO_SOCIAL": "BLD ENGENHARIA LTDA", "RESPONSAVEL": "BEATRIZ DE OLIVEIRA SANCHES|LANY MARTINS DE SIQUEIRA", "MUNICIPIO": "BELO HORIZONTE", "ENDEE": "RUA MARECHAL FALCONIERE, 721, EUROPA, BELO HORIZONTE, MG", "BANCO": "BDMG", "LINHA_AVAL_NOME": "GIRO", "LATITUDE": "-19.8009992", "LONGITUDE": "-43.9657407", "STATUS_OPERACIONAL": "CARTEIRA", "STATUS": "CARTEIRA", "field_14": null, "field_15": null, "field_16": null }, "geometry": { "type": "Point", "coordinates": [ -43.9657407, -19.8009992 ] } },
{ "type": "Feature", "properties": { "NROCNPJ_PAD": "11256342000193", "STATUS_MAILING": "EMPRESA ELEGÍVEL ONLINE SEM SUCESSO NO CONTATO TELEFÔNICO/EMPRESA ELEGÍVEL PRESENCIAL E PROPRIETÁRIO AUSENTE", "NOME_FANTASIA": "-", "RAZAO_SOCIAL": "MARIA P. DE MIRANDA", "RESPONSAVEL": "MARIAPAULADEMIRANDA", "MUNICIPIO": "BELO HORIZONTE", "ENDEE": "RUA BILBAU, 80, EUROPA, BELO HORIZONTE, MG", "BANCO": "SICOOB", "LINHA_AVAL_NOME": "EMPREENDEDORISMO FEM", "LATITUDE": "-19.8016096", "LONGITUDE": "-43.9696008", "STATUS_OPERACIONAL": "CARTEIRA", "STATUS": "CARTEIRA", "field_14": null, "field_15": null, "field_16": null }, "geometry": { "type": "Point", "coordinates": [ -43.9696008, -19.8016096 ] } },
{ "type": "Feature", "properties": { "NROCNPJ_PAD": "42668536000120", "STATUS_MAILING": "EMPRESA ELEGÍVEL ONLINE SEM SUCESSO NO CONTATO TELEFÔNICO/EMPRESA ELEGÍVEL PRESENCIAL E PROPRIETÁRIO AUSENTE", "NOME_FANTASIA": "-", "RAZAO_SOCIAL": "SRFVASCONCELOS SERVICOS MEDICOS LTDA", "RESPONSAVEL": "SANZIORAFAELFARIADEVASCONCELOS", "MUNICIPIO": "BELO HORIZONTE", "ENDEE": "RUA JOAO MAURO, 124, RIO BRANCO, BELO HORIZONTE, MG", "BANCO": "SICOOB", "LINHA_AVAL_NOME": "GIRO", "LATITUDE": "-19.8207688", "LONGITUDE": "-43.9820542", "STATUS_OPERACIONAL": "CARTEIRA", "STATUS": "CARTEIRA", "field_14": null, "field_15": null, "field_16": null }, "geometry": { "type": "Point", "coordinates": [ -43.9820542, -19.8207688 ] } },
{ "type": "Feature", "properties": { "NROCNPJ_PAD": "41607226000132", "STATUS_MAILING": "EMPRESA ELEGÍVEL ONLINE SEM SUCESSO NO CONTATO TELEFÔNICO/EMPRESA ELEGÍVEL PRESENCIAL E PROPRIETÁRIO AUSENTE", "NOME_FANTASIA": "DROGA BORGES", "RAZAO_SOCIAL": "DROGARIA E PERFUMARIA ANTUNES BORGES LTDA", "RESPONSAVEL": "ANA CLAUDIA ANTUNES BORGES|EDMAR LUCIO BORGES", "MUNICIPIO": "BELO HORIZONTE", "ENDEE": "RUA SERRA DO SINCORA, 1016, RIBEIRO DE ABREU, BELO HORIZONTE, MG", "BANCO": "BDMG", "LINHA_AVAL_NOME": "GIRO", "LATITUDE": "-19.8271774", "LONGITUDE": "-43.9012463", "STATUS_OPERACIONAL": "CARTEIRA", "STATUS": "CARTEIRA", "field_14": null, "field_15": null, "field_16": null }, "geometry": { "type": "Point", "coordinates": [ -43.9012463, -19.8271774 ] } },
{ "type": "Feature", "properties": { "NROCNPJ_PAD": "57812900000150", "STATUS_MAILING": "EMPRESA ELEGÍVEL ONLINE SEM SUCESSO NO CONTATO TELEFÔNICO/EMPRESA ELEGÍVEL PRESENCIAL E PROPRIETÁRIO AUSENTE", "NOME_FANTASIA": "EMBUTIDOS AMARAL", "RAZAO_SOCIAL": "EMBUTIDOS AMARAL LTDA", "RESPONSAVEL": "ADELMOJOSEAMARAL", "MUNICIPIO": "BELO HORIZONTE", "ENDEE": "RUA SENHORA IMACULADA CONCEICAO, 41, TREVO, BELO HORIZONTE, MG", "BANCO": "SICOOB", "LINHA_AVAL_NOME": "GIRO", "LATITUDE": "-19.8333283", "LONGITUDE": "-44.015702", "STATUS_OPERACIONAL": "CARTEIRA", "STATUS": "CARTEIRA", "field_14": null, "field_15": null, "field_16": null }, "geometry": { "type": "Point", "coordinates": [ -44.015702, -19.8333283 ] } },
{ "type": "Feature", "properties": { "NROCNPJ_PAD": "22083889000150", "STATUS_MAILING": "EMPRESA ELEGÍVEL ONLINE SEM SUCESSO NO CONTATO TELEFÔNICO/EMPRESA ELEGÍVEL PRESENCIAL E PROPRIETÁRIO AUSENTE", "NOME_FANTASIA": "LORIN PNEUS", "RAZAO_SOCIAL": "BRUNO SILVA DE MORAIS", "RESPONSAVEL": "CARLOS HENRIQUE EVANGELISTA JUNIOR", "MUNICIPIO": "BELO HORIZONTE", "ENDEE": "AVENIDA GASTAO DEMETRIO MAIA, 547, FLORAMAR, BELO HORIZONTE, MG", "BANCO": "BRADESCO", "LINHA_AVAL_NOME": "-", "LATITUDE": "-19.8356762", "LONGITUDE": "-43.930857", "STATUS_OPERACIONAL": "CARTEIRA", "STATUS": "CARTEIRA", "field_14": null, "field_15": null, "field_16": null }, "geometry": { "type": "Point", "coordinates": [ -43.930857, -19.8356762 ] } },
{ "type": "Feature", "properties": { "NROCNPJ_PAD": "11943112000100", "STATUS_MAILING": "EMPRESA ELEGÍVEL ONLINE SEM SUCESSO NO CONTATO TELEFÔNICO/EMPRESA ELEGÍVEL PRESENCIAL E PROPRIETÁRIO AUSENTE", "NOME_FANTASIA": "-", "RAZAO_SOCIAL": "METALMINAS LZ INDUSTRIA E COMERCIO LTDA", "RESPONSAVEL": "ZENEIDE PECANHA CORDEIRO RODRIGUES", "MUNICIPIO": "BELO HORIZONTE", "ENDEE": "RUA CHIQUINHA GONZAGA, 244, LAJEDO, BELO HORIZONTE, MG", "BANCO": "SICOOB", "LINHA_AVAL_NOME": "EMPREENDEDORISMO FEM", "LATITUDE": "-19.8370936", "LONGITUDE": "-43.9127964", "STATUS_OPERACIONAL": "CARTEIRA", "STATUS": "CARTEIRA", "field_14": null, "field_15": null, "field_16": null }, "geometry": { "type": "Point", "coordinates": [ -43.9127964, -19.8370936 ] } },
{ "type": "Feature", "properties": { "NROCNPJ_PAD": "57035862000177", "STATUS_MAILING": "EMPRESA ELEGÍVEL ONLINE SEM SUCESSO NO CONTATO TELEFÔNICO/EMPRESA ELEGÍVEL PRESENCIAL E PROPRIETÁRIO AUSENTE", "NOME_FANTASIA": "LOCARUBER", "RAZAO_SOCIAL": "LOCARUBER LOCACAO LTDA", "RESPONSAVEL": "GIOVANNI PEREIRA RODRIGUES", "MUNICIPIO": "BELO HORIZONTE", "ENDEE": "RUA MACAUBAS, 251, GUARANI, BELO HORIZONTE, MG", "BANCO": "BDMG", "LINHA_AVAL_NOME": "GIRO", "LATITUDE": "-19.8432299", "LONGITUDE": "-43.9263207", "STATUS_OPERACIONAL": "CARTEIRA", "STATUS": "CARTEIRA", "field_14": null, "field_15": null, "field_16": null }, "geometry": { "type": "Point", "coordinates": [ -43.9263207, -19.8432299 ] } },
{ "type": "Feature", "properties": { "NROCNPJ_PAD": "41246751000170", "STATUS_MAILING": "EMPRESA ELEGÍVEL ONLINE SEM SUCESSO NO CONTATO TELEFÔNICO/EMPRESA ELEGÍVEL PRESENCIAL E PROPRIETÁRIO AUSENTE", "NOME_FANTASIA": "SAFE WORLD SST", "RAZAO_SOCIAL": "SAFE WORLD CONSULTORIA SAUDE E SEGURANCA DO TRABALHO LTDA", "RESPONSAVEL": "ANDERSON AGRIPINO DA SILVA|RAFAEL SILVA DE OLIVEIRA", "MUNICIPIO": "BELO HORIZONTE", "ENDEE": "RUA WALDOMIRO LOBO, 42, GUARANI, BELO HORIZONTE, MG", "BANCO": "BDMG", "LINHA_AVAL_NOME": "GIRO", "LATITUDE": "-19.8464712", "LONGITUDE": "-43.9192526", "STATUS_OPERACIONAL": "CARTEIRA", "STATUS": "CARTEIRA", "field_14": null, "field_15": null, "field_16": null }, "geometry": { "type": "Point", "coordinates": [ -43.9192526, -19.8464712 ] } },
{ "type": "Feature", "properties": { "NROCNPJ_PAD": "15376771000155", "STATUS_MAILING": "EMPRESA ELEGÍVEL ONLINE SEM SUCESSO NO CONTATO TELEFÔNICO/EMPRESA ELEGÍVEL PRESENCIAL E PROPRIETÁRIO AUSENTE", "NOME_FANTASIA": "CLINICA WALQUIRIA MAGALHAES", "RAZAO_SOCIAL": "CLINICA WALQUIRIA MAGALHAES LTDA", "RESPONSAVEL": "VIVIANE MAGALHAES SILVA FERREIRA", "MUNICIPIO": "BELO HORIZONTE", "ENDEE": "AVENIDA PORTUGAL, 2316, JARDIM ATLANTICO, BELO HORIZONTE, MG", "BANCO": "BDMG", "LINHA_AVAL_NOME": "GIRO", "LATITUDE": "-19.8468083", "LONGITUDE": "-43.9752914", "STATUS_OPERACIONAL": "CARTEIRA", "STATUS": "CARTEIRA", "field_14": null, "field_15": null, "field_16": null }, "geometry": { "type": "Point", "coordinates": [ -43.9752914, -19.8468083 ] } },
{ "type": "Feature", "properties": { "NROCNPJ_PAD": "08583151000121", "STATUS_MAILING": "EMPRESA ELEGÍVEL ONLINE SEM SUCESSO NO CONTATO TELEFÔNICO/EMPRESA ELEGÍVEL PRESENCIAL E PROPRIETÁRIO AUSENTE", "NOME_FANTASIA": "L & D - SERVICOS EXPRESSOS", "RAZAO_SOCIAL": "LOPES & DINIZ - SERVICOS EXPRESSOS LTDA", "RESPONSAVEL": "ABRAO LOPES DA SILVA|JOAO PEDRO LOPES E SILVA", "MUNICIPIO": "BELO HORIZONTE", "ENDEE": "RUA MAE D'AGUA, 455, SAO GABRIEL, BELO HORIZONTE, MG", "BANCO": "BDMG", "LINHA_AVAL_NOME": "GIRO", "LATITUDE": "-19.8494578", "LONGITUDE": "-43.9169455", "STATUS_OPERACIONAL": "CARTEIRA", "STATUS": "CARTEIRA", "field_14": null, "field_15": null, "field_16": null }, "geometry": { "type": "Point", "coordinates": [ -43.9169455, -19.8494578 ] } },
{ "type": "Feature", "properties": { "NROCNPJ_PAD": "54515452000135", "STATUS_MAILING": "EMPRESA ELEGÍVEL ONLINE SEM SUCESSO NO CONTATO TELEFÔNICO/EMPRESA ELEGÍVEL PRESENCIAL E PROPRIETÁRIO AUSENTE", "NOME_FANTASIA": "TOP MODAS", "RAZAO_SOCIAL": "WAGNER FERREIRA EPIFANIO MODA E ACESSORIOS", "RESPONSAVEL": "MIRELLA SILVA PINHO", "MUNICIPIO": "BELO HORIZONTE", "ENDEE": "RUA PIRRO, 39, NAZARE, BELO HORIZONTE, MG", "BANCO": "SICOOB", "LINHA_AVAL_NOME": "GIRO", "LATITUDE": "-19.8503497", "LONGITUDE": "-43.8987092", "STATUS_OPERACIONAL": "CARTEIRA", "STATUS": "CARTEIRA", "field_14": null, "field_15": null, "field_16": null }, "geometry": { "type": "Point", "coordinates": [ -43.8987092, -19.8503497 ] } },
{ "type": "Feature", "properties": { "NROCNPJ_PAD": "17401324000134", "STATUS_MAILING": "EMPRESA ELEGÍVEL ONLINE SEM SUCESSO NO CONTATO TELEFÔNICO/EMPRESA ELEGÍVEL PRESENCIAL E PROPRIETÁRIO AUSENTE", "NOME_FANTASIA": "DROGAMAIS", "RAZAO_SOCIAL": "DROGARIA KITTY LTDA", "RESPONSAVEL": "IVONEMARIADESOUZA|RODRIGO DO NASCIMENTO SOUZA|RODRIGODONASCIMENTOSOUZA", "MUNICIPIO": "BELO HORIZONTE", "ENDEE": "RUA AMERICO MARTINS DA COSTA, 1158, PROVIDENCIA, BELO HORIZONTE, MG", "BANCO": "SICOOB", "LINHA_AVAL_NOME": "EMPREENDEDORISMO FEM", "LATITUDE": "-19.850688", "LONGITUDE": "-43.9261699", "STATUS_OPERACIONAL": "CARTEIRA", "STATUS": "CARTEIRA", "field_14": null, "field_15": null, "field_16": null }, "geometry": { "type": "Point", "coordinates": [ -43.9261699, -19.850688 ] } },
{ "type": "Feature", "properties": { "NROCNPJ_PAD": "35084119000174", "STATUS_MAILING": "EMPRESA ELEGÍVEL ONLINE SEM SUCESSO NO CONTATO TELEFÔNICO/EMPRESA ELEGÍVEL PRESENCIAL E PROPRIETÁRIO AUSENTE", "NOME_FANTASIA": "-", "RAZAO_SOCIAL": "MAURICIO DE ALMEIDA NUNES 04151814531", "RESPONSAVEL": "MAURICIODEALMEIDANUNES", "MUNICIPIO": "BELO HORIZONTE", "ENDEE": "RUA MARECHAL FLORIANO, 175, JARDIM VITORIA, BELO HORIZONTE, MG", "BANCO": "SICOOB", "LINHA_AVAL_NOME": "GIRO", "LATITUDE": "-19.8511273", "LONGITUDE": "-43.8871185", "STATUS_OPERACIONAL": "CARTEIRA", "STATUS": "CARTEIRA", "field_14": null, "field_15": null, "field_16": null }, "geometry": { "type": "Point", "coordinates": [ -43.8871185, -19.8511273 ] } },
{ "type": "Feature", "properties": { "NROCNPJ_PAD": "40544420000153", "STATUS_MAILING": "EMPRESA ELEGÍVEL ONLINE SEM SUCESSO NO CONTATO TELEFÔNICO/EMPRESA ELEGÍVEL PRESENCIAL E PROPRIETÁRIO AUSENTE", "NOME_FANTASIA": "ALJ INTERMEDIACAO DE NEGOCIOS", "RAZAO_SOCIAL": "ALJ IMPORTS LTDA", "RESPONSAVEL": "GLADSON GUILHERME OLIVEIRA PULIT", "MUNICIPIO": "BELO HORIZONTE", "ENDEE": "RUA JOSE RACHEL DE PINHO, 641, JARDIM VITORIA, BELO HORIZONTE, MG", "BANCO": "BRADESCO", "LINHA_AVAL_NOME": "GIRO", "LATITUDE": "-19.8528725", "LONGITUDE": "-43.8832573", "STATUS_OPERACIONAL": "CARTEIRA", "STATUS": "CARTEIRA", "field_14": null, "field_15": null, "field_16": null }, "geometry": { "type": "Point", "coordinates": [ -43.8832573, -19.8528725 ] } },
{ "type": "Feature", "properties": { "NROCNPJ_PAD": "26302659000196", "STATUS_MAILING": "EMPRESA ELEGÍVEL ONLINE SEM SUCESSO NO CONTATO TELEFÔNICO/EMPRESA ELEGÍVEL PRESENCIAL E PROPRIETÁRIO AUSENTE", "NOME_FANTASIA": "-", "RAZAO_SOCIAL": "ANDREIA DE SOUZA MACHADO 05803807699", "RESPONSAVEL": "ANDREIADESOUZAMACHADO", "MUNICIPIO": "BELO HORIZONTE", "ENDEE": "RUA DOS ARGENTINOS, 15, JARDIM VITORIA, BELO HORIZONTE, MG", "BANCO": "SICOOB", "LINHA_AVAL_NOME": "GIRO", "LATITUDE": "-19.8529334", "LONGITUDE": "-43.8884596", "STATUS_OPERACIONAL": "CARTEIRA", "STATUS": "CARTEIRA", "field_14": null, "field_15": null, "field_16": null }, "geometry": { "type": "Point", "coordinates": [ -43.8884596, -19.8529334 ] } },
{ "type": "Feature", "properties": { "NROCNPJ_PAD": "23659993000103", "STATUS_MAILING": "EMPRESA ELEGÍVEL ONLINE SEM SUCESSO NO CONTATO TELEFÔNICO/EMPRESA ELEGÍVEL PRESENCIAL E PROPRIETÁRIO AUSENTE", "NOME_FANTASIA": "MINEIRA BUS", "RAZAO_SOCIAL": "MINEIRA BUS LTDA", "RESPONSAVEL": "-", "MUNICIPIO": "BELO HORIZONTE", "ENDEE": "RUA RIO GRANDE, 648, MINASLANDIA, BELO HORIZONTE, MG", "BANCO": "BRADESCO", "LINHA_AVAL_NOME": "GIRO", "LATITUDE": "-19.8540975", "LONGITUDE": "-43.9331848", "STATUS_OPERACIONAL": "CARTEIRA", "STATUS": "CARTEIRA", "field_14": null, "field_15": null, "field_16": null }, "geometry": { "type": "Point", "coordinates": [ -43.9331848, -19.8540975 ] } },
{ "type": "Feature", "properties": { "NROCNPJ_PAD": "05409983000138", "STATUS_MAILING": "EMPRESA ELEGÍVEL ONLINE SEM SUCESSO NO CONTATO TELEFÔNICO/EMPRESA ELEGÍVEL PRESENCIAL E PROPRIETÁRIO AUSENTE", "NOME_FANTASIA": "-", "RAZAO_SOCIAL": "DROGARIA E PERFUMARIA SAO GABRIEL LTDA", "RESPONSAVEL": "ARIANE PEDRELINA DE OLIVEIRA", "MUNICIPIO": "BELO HORIZONTE", "ENDEE": "RUA ILHA DE MALTA, 544, SAO GABRIEL, BELO HORIZONTE, MG", "BANCO": "BDMG", "LINHA_AVAL_NOME": "GIRO", "LATITUDE": "-19.854852", "LONGITUDE": "-43.915018", "STATUS_OPERACIONAL": "CARTEIRA", "STATUS": "CARTEIRA", "field_14": null, "field_15": null, "field_16": null }, "geometry": { "type": "Point", "coordinates": [ -43.915018, -19.854852 ] } },
{ "type": "Feature", "properties": { "NROCNPJ_PAD": "37850574000169", "STATUS_MAILING": "EMPRESA ELEGÍVEL ONLINE SEM SUCESSO NO CONTATO TELEFÔNICO/EMPRESA ELEGÍVEL PRESENCIAL E PROPRIETÁRIO AUSENTE", "NOME_FANTASIA": "-", "RAZAO_SOCIAL": "E-LOG SOLUCOES LOGISTICAS E SERVICOS LTDA", "RESPONSAVEL": "DANIELFABRICIOGONCALVESRODRIGUES", "MUNICIPIO": "BELO HORIZONTE", "ENDEE": "RUA VINHO, 205, GOIANIA, BELO HORIZONTE, MG", "BANCO": "SICOOB", "LINHA_AVAL_NOME": "GIRO", "LATITUDE": "-19.8589629", "LONGITUDE": "-43.8954151", "STATUS_OPERACIONAL": "CARTEIRA", "STATUS": "CARTEIRA", "field_14": null, "field_15": null, "field_16": null }, "geometry": { "type": "Point", "coordinates": [ -43.8954151, -19.8589629 ] } },
{ "type": "Feature", "properties": { "NROCNPJ_PAD": "36692231000150", "STATUS_MAILING": "EMPRESA ELEGÍVEL ONLINE SEM SUCESSO NO CONTATO TELEFÔNICO/EMPRESA ELEGÍVEL PRESENCIAL E PROPRIETÁRIO AUSENTE", "NOME_FANTASIA": "-", "RAZAO_SOCIAL": "JOSE WALTER RODRIGUES 08514035657", "RESPONSAVEL": "JOSEWALTERRODRIGUES", "MUNICIPIO": "BELO HORIZONTE", "ENDEE": "RUA PADRE CYR ASSUMPCAO, 47, PRIMEIRO DE MAIO, BELO HORIZONTE, MG", "BANCO": "SICOOB", "LINHA_AVAL_NOME": "GIRO", "LATITUDE": "-19.8615289", "LONGITUDE": "-43.9296828", "STATUS_OPERACIONAL": "CARTEIRA", "STATUS": "CARTEIRA", "field_14": null, "field_15": null, "field_16": null }, "geometry": { "type": "Point", "coordinates": [ -43.9296828, -19.8615289 ] } },
{ "type": "Feature", "properties": { "NROCNPJ_PAD": "23352663000170", "STATUS_MAILING": "EMPRESA ELEGÍVEL ONLINE SEM SUCESSO NO CONTATO TELEFÔNICO/EMPRESA ELEGÍVEL PRESENCIAL E PROPRIETÁRIO AUSENTE", "NOME_FANTASIA": "-", "RAZAO_SOCIAL": "ANA CLAUDIA GOMES LOPES 06028708607", "RESPONSAVEL": "ANACLAUDIAGOMESLOPES", "MUNICIPIO": "BELO HORIZONTE", "ENDEE": "RUA AVESTRUZ, 55, GOIANIA, BELO HORIZONTE, MG", "BANCO": "SICOOB", "LINHA_AVAL_NOME": "GIRO", "LATITUDE": "-19.8639408", "LONGITUDE": "-43.895653", "STATUS_OPERACIONAL": "CARTEIRA", "STATUS": "CARTEIRA", "field_14": null, "field_15": null, "field_16": null }, "geometry": { "type": "Point", "coordinates": [ -43.895653, -19.8639408 ] } },
{ "type": "Feature", "properties": { "NROCNPJ_PAD": "49264085000104", "STATUS_MAILING": "EMPRESA ELEGÍVEL ONLINE SEM SUCESSO NO CONTATO TELEFÔNICO/EMPRESA ELEGÍVEL PRESENCIAL E PROPRIETÁRIO AUSENTE", "NOME_FANTASIA": "-", "RAZAO_SOCIAL": "ATOMICA CORRETORA DE SEGUROS LTDA", "RESPONSAVEL": "FABIANAVICTORIAALMEIDAFIUZA|MARCELOLUCASDASILVA", "MUNICIPIO": "BELO HORIZONTE", "ENDEE": "RUA TITO ALVES PINTO, 360, BANDEIRANTES, BELO HORIZONTE, MG", "BANCO": "SICOOB", "LINHA_AVAL_NOME": "EMPREENDEDORISMO FEM", "LATITUDE": "-19.8645937", "LONGITUDE": "-44.0008278", "STATUS_OPERACIONAL": "CARTEIRA", "STATUS": "CARTEIRA", "field_14": null, "field_15": null, "field_16": null }, "geometry": { "type": "Point", "coordinates": [ -44.0008278, -19.8645937 ] } },
{ "type": "Feature", "properties": { "NROCNPJ_PAD": "53959147000170", "STATUS_MAILING": "EMPRESA ELEGÍVEL ONLINE SEM SUCESSO NO CONTATO TELEFÔNICO/EMPRESA ELEGÍVEL PRESENCIAL E PROPRIETÁRIO AUSENTE", "NOME_FANTASIA": "WM PROTECAO AMBIENTAL", "RAZAO_SOCIAL": "WM PROTECAO AMBIENTAL LTDA", "RESPONSAVEL": "EDUARDA CHRISTINA FERREIRA", "MUNICIPIO": "BELO HORIZONTE", "ENDEE": "RUA EXPEDITO RIBEIRO SILVA, 5, SUZANA, BELO HORIZONTE, MG", "BANCO": "BDMG", "LINHA_AVAL_NOME": "GIRO", "LATITUDE": "-19.8662357", "LONGITUDE": "-43.9316916", "STATUS_OPERACIONAL": "CARTEIRA", "STATUS": "CARTEIRA", "field_14": null, "field_15": null, "field_16": null }, "geometry": { "type": "Point", "coordinates": [ -43.9316916, -19.8662357 ] } },
{ "type": "Feature", "properties": { "NROCNPJ_PAD": "03101547000171", "STATUS_MAILING": "EMPRESA ELEGÍVEL ONLINE SEM SUCESSO NO CONTATO TELEFÔNICO/EMPRESA ELEGÍVEL PRESENCIAL E PROPRIETÁRIO AUSENTE", "NOME_FANTASIA": "ESCRITORIO DE HISTORIAS", "RAZAO_SOCIAL": "ESCRITORIO DE HISTORIAS LTDA", "RESPONSAVEL": "OSIAS RIBEIRO NEVES", "MUNICIPIO": "BELO HORIZONTE", "ENDEE": "RUA ISAURA SILVIA, 360, PAQUETA, BELO HORIZONTE, MG", "BANCO": "BDMG", "LINHA_AVAL_NOME": "GIRO", "LATITUDE": "-19.8668579", "LONGITUDE": "-43.9926944", "STATUS_OPERACIONAL": "CARTEIRA", "STATUS": "CARTEIRA", "field_14": null, "field_15": null, "field_16": null }, "geometry": { "type": "Point", "coordinates": [ -43.9926944, -19.8668579 ] } },
{ "type": "Feature", "properties": { "NROCNPJ_PAD": "51766078000152", "STATUS_MAILING": "EMPRESA ELEGÍVEL ONLINE SEM SUCESSO NO CONTATO TELEFÔNICO/EMPRESA ELEGÍVEL PRESENCIAL E PROPRIETÁRIO AUSENTE", "NOME_FANTASIA": "BF SERVICOS", "RAZAO_SOCIAL": "BF DOCUMENTACOES E SERVICOS LTDA", "RESPONSAVEL": "BRENNOWILLIAMDEMEDEIROSFERREIRA", "MUNICIPIO": "BELO HORIZONTE", "ENDEE": "RUA RITA, 159, PIRAJA, BELO HORIZONTE, MG", "BANCO": "SICOOB", "LINHA_AVAL_NOME": "GIRO", "LATITUDE": "-19.8670022", "LONGITUDE": "-43.9174744", "STATUS_OPERACIONAL": "CARTEIRA", "STATUS": "CARTEIRA", "field_14": null, "field_15": null, "field_16": null }, "geometry": { "type": "Point", "coordinates": [ -43.9174744, -19.8670022 ] } },
{ "type": "Feature", "properties": { "NROCNPJ_PAD": "40976387000130", "STATUS_MAILING": "EMPRESA ELEGÍVEL ONLINE SEM SUCESSO NO CONTATO TELEFÔNICO/EMPRESA ELEGÍVEL PRESENCIAL E PROPRIETÁRIO AUSENTE", "NOME_FANTASIA": "-", "RAZAO_SOCIAL": "FH BUSS TURISMO E FRETAMENTO LTDA", "RESPONSAVEL": "-", "MUNICIPIO": "BELO HORIZONTE", "ENDEE": "RUA MANOEL TAVARES DE ABREU, 276, GOIANIA, BELO HORIZONTE, MG", "BANCO": "BRADESCO", "LINHA_AVAL_NOME": "GIRO", "LATITUDE": "-19.8683517", "LONGITUDE": "-43.9022765", "STATUS_OPERACIONAL": "CARTEIRA", "STATUS": "CARTEIRA", "field_14": null, "field_15": null, "field_16": null }, "geometry": { "type": "Point", "coordinates": [ -43.9022765, -19.8683517 ] } },
{ "type": "Feature", "properties": { "NROCNPJ_PAD": "29938832000135", "STATUS_MAILING": "EMPRESA ELEGÍVEL ONLINE SEM SUCESSO NO CONTATO TELEFÔNICO/EMPRESA ELEGÍVEL PRESENCIAL E PROPRIETÁRIO AUSENTE", "NOME_FANTASIA": "EBSYSTEM CONSULTING", "RAZAO_SOCIAL": "EBSYSTEM HOSPITAL TECHNOLOGY LTDA", "RESPONSAVEL": "EMILIAELENCHRISTIANBICCA", "MUNICIPIO": "BELO HORIZONTE", "ENDEE": "RUA DORESOPOLIS, 233, FERNAO DIAS, BELO HORIZONTE, MG", "BANCO": "SICOOB", "LINHA_AVAL_NOME": "EMPREENDEDORISMO FEM", "LATITUDE": "-19.8710821", "LONGITUDE": "-43.9217871", "STATUS_OPERACIONAL": "CARTEIRA", "STATUS": "CARTEIRA", "field_14": null, "field_15": null, "field_16": null }, "geometry": { "type": "Point", "coordinates": [ -43.9217871, -19.8710821 ] } },
{ "type": "Feature", "properties": { "NROCNPJ_PAD": "08548601000145", "STATUS_MAILING": "EMPRESA ELEGÍVEL ONLINE SEM SUCESSO NO CONTATO TELEFÔNICO/EMPRESA ELEGÍVEL PRESENCIAL E PROPRIETÁRIO AUSENTE", "NOME_FANTASIA": "FUJIYAMA", "RAZAO_SOCIAL": "TAKA LANCHES LTDA", "RESPONSAVEL": "EDER DE OLIVEIRA DE ALMEIDA|NANCY MIEKO VELIT HIGUCHI", "MUNICIPIO": "BELO HORIZONTE", "ENDEE": "AVENIDA CRISTIANO MACHADO, 4000, UNIAO, BELO HORIZONTE, MG", "BANCO": "BDMG", "LINHA_AVAL_NOME": "GIRO", "LATITUDE": "-19.8737879", "LONGITUDE": "-43.9263898", "STATUS_OPERACIONAL": "CARTEIRA", "STATUS": "CARTEIRA", "field_14": null, "field_15": null, "field_16": null }, "geometry": { "type": "Point", "coordinates": [ -43.9263898, -19.8737879 ] } },
{ "type": "Feature", "properties": { "NROCNPJ_PAD": "17510470000106", "STATUS_MAILING": "EMPRESA ELEGÍVEL ONLINE SEM SUCESSO NO CONTATO TELEFÔNICO/EMPRESA ELEGÍVEL PRESENCIAL E PROPRIETÁRIO AUSENTE", "NOME_FANTASIA": "-", "RAZAO_SOCIAL": "EPSILON ENGENHARIA LTDA", "RESPONSAVEL": "PAULO ANGELO LEAO", "MUNICIPIO": "BELO HORIZONTE", "ENDEE": "RUA JOAO DONADA, 336, SANTA TEREZINHA, BELO HORIZONTE, MG", "BANCO": "BDMG", "LINHA_AVAL_NOME": "GIRO", "LATITUDE": "-19.8742709", "LONGITUDE": "-44.0086903", "STATUS_OPERACIONAL": "CARTEIRA", "STATUS": "CARTEIRA", "field_14": null, "field_15": null, "field_16": null }, "geometry": { "type": "Point", "coordinates": [ -44.0086903, -19.8742709 ] } },
{ "type": "Feature", "properties": { "NROCNPJ_PAD": "47522294000185", "STATUS_MAILING": "EMPRESA ELEGÍVEL ONLINE SEM SUCESSO NO CONTATO TELEFÔNICO/EMPRESA ELEGÍVEL PRESENCIAL E PROPRIETÁRIO AUSENTE", "NOME_FANTASIA": "PRO ORTO ODONTOLOGIA", "RAZAO_SOCIAL": "PRO ORTO UNIAO CLINICA ODONTOLOGICA LTDA", "RESPONSAVEL": "PATRICIAADELIAABDALATUDEIA", "MUNICIPIO": "BELO HORIZONTE", "ENDEE": "RUA CORONEL JAIRO PEREIRA, 275, PALMARES, BELO HORIZONTE, MG", "BANCO": "SICOOB", "LINHA_AVAL_NOME": "EMPREENDEDORISMO FEM", "LATITUDE": "-19.8748397", "LONGITUDE": "-43.9324008", "STATUS_OPERACIONAL": "CARTEIRA", "STATUS": "CARTEIRA", "field_14": null, "field_15": null, "field_16": null }, "geometry": { "type": "Point", "coordinates": [ -43.9324008, -19.8748397 ] } },
{ "type": "Feature", "properties": { "NROCNPJ_PAD": "23739284000138", "STATUS_MAILING": "EMPRESA ELEGÍVEL ONLINE SEM SUCESSO NO CONTATO TELEFÔNICO/EMPRESA ELEGÍVEL PRESENCIAL E PROPRIETÁRIO AUSENTE", "NOME_FANTASIA": "RODOLANA TRANSPORTES", "RAZAO_SOCIAL": "EJSL TRANSPORTES LTDA", "RESPONSAVEL": "NAYARA GIFFONI LANA", "MUNICIPIO": "BELO HORIZONTE", "ENDEE": "RUA OTAVIO MUNIZ CARVALHO, 56, OURO PRETO, BELO HORIZONTE, MG", "BANCO": "BRADESCO", "LINHA_AVAL_NOME": "GIRO", "LATITUDE": "-19.8776171", "LONGITUDE": "-43.9855665", "STATUS_OPERACIONAL": "CARTEIRA", "STATUS": "CARTEIRA", "field_14": null, "field_15": null, "field_16": null }, "geometry": { "type": "Point", "coordinates": [ -43.9855665, -19.8776171 ] } },
{ "type": "Feature", "properties": { "NROCNPJ_PAD": "55014371000114", "STATUS_MAILING": "EMPRESA ELEGÍVEL ONLINE SEM SUCESSO NO CONTATO TELEFÔNICO/EMPRESA ELEGÍVEL PRESENCIAL E PROPRIETÁRIO AUSENTE", "NOME_FANTASIA": "LM TREINOS PERSONALIZADOS", "RAZAO_SOCIAL": "LUCAS MARTINS TREINAMENTOS LTDA", "RESPONSAVEL": "LUCASSIQUEIRAMARTINS", "MUNICIPIO": "BELO HORIZONTE", "ENDEE": "RUA PAULO TIMOTEO NASCIMENTO, 9, SANTA CRUZ, BELO HORIZONTE, MG", "BANCO": "SICOOB", "LINHA_AVAL_NOME": "GIRO", "LATITUDE": "-19.8790099", "LONGITUDE": "-43.9479085", "STATUS_OPERACIONAL": "CARTEIRA", "STATUS": "CARTEIRA", "field_14": null, "field_15": null, "field_16": null }, "geometry": { "type": "Point", "coordinates": [ -43.9479085, -19.8790099 ] } },
{ "type": "Feature", "properties": { "NROCNPJ_PAD": "40811178000137", "STATUS_MAILING": "EMPRESA ELEGÍVEL ONLINE SEM SUCESSO NO CONTATO TELEFÔNICO/EMPRESA ELEGÍVEL PRESENCIAL E PROPRIETÁRIO AUSENTE", "NOME_FANTASIA": "-", "RAZAO_SOCIAL": "LOGOS IT SOLUTIONS LTDA", "RESPONSAVEL": "FELIPE NOGUEIRA GOMES", "MUNICIPIO": "BELO HORIZONTE", "ENDEE": "RUA JULIO SOARES SANTANA, 85, OURO PRETO, BELO HORIZONTE, MG", "BANCO": "BDMG", "LINHA_AVAL_NOME": "GIRO", "LATITUDE": "-19.8807883", "LONGITUDE": "-43.9829474", "STATUS_OPERACIONAL": "CARTEIRA", "STATUS": "CARTEIRA", "field_14": null, "field_15": null, "field_16": null }, "geometry": { "type": "Point", "coordinates": [ -43.9829474, -19.8807883 ] } },
{ "type": "Feature", "properties": { "NROCNPJ_PAD": "26284306000100", "STATUS_MAILING": "EMPRESA ELEGÍVEL ONLINE SEM SUCESSO NO CONTATO TELEFÔNICO/EMPRESA ELEGÍVEL PRESENCIAL E PROPRIETÁRIO AUSENTE", "NOME_FANTASIA": "-", "RAZAO_SOCIAL": "TEMPERO DE FAMILIA MINEIRA LTDA", "RESPONSAVEL": "DAIANA DENEFF COSTA", "MUNICIPIO": "BELO HORIZONTE", "ENDEE": "RUA MARECHAL TEIXEIRA LOTT, 63, CACHOEIRINHA, BELO HORIZONTE, MG", "BANCO": "BDMG", "LINHA_AVAL_NOME": "GIRO", "LATITUDE": "-19.8815959", "LONGITUDE": "-43.948458", "STATUS_OPERACIONAL": "CARTEIRA", "STATUS": "CARTEIRA", "field_14": null, "field_15": null, "field_16": null }, "geometry": { "type": "Point", "coordinates": [ -43.948458, -19.8815959 ] } },
{ "type": "Feature", "properties": { "NROCNPJ_PAD": "07632806000141", "STATUS_MAILING": "EMPRESA ELEGÍVEL ONLINE SEM SUCESSO NO CONTATO TELEFÔNICO/EMPRESA ELEGÍVEL PRESENCIAL E PROPRIETÁRIO AUSENTE", "NOME_FANTASIA": "-", "RAZAO_SOCIAL": "JARDINS COMERCIO DE PLANTAS LTDA", "RESPONSAVEL": "CARLA MARIA PITA LEITE|ERNANE WANDEBILDES LEITE", "MUNICIPIO": "BELO HORIZONTE", "ENDEE": "RUA HENRIQUE DINIZ, 425, NOVA CACHOEIRINHA, BELO HORIZONTE, MG", "BANCO": "BDMG", "LINHA_AVAL_NOME": "GIRO", "LATITUDE": "-19.8837818", "LONGITUDE": "-43.9561353", "STATUS_OPERACIONAL": "CARTEIRA", "STATUS": "CARTEIRA", "field_14": null, "field_15": null, "field_16": null }, "geometry": { "type": "Point", "coordinates": [ -43.9561353, -19.8837818 ] } },
{ "type": "Feature", "properties": { "NROCNPJ_PAD": "47060011000120", "STATUS_MAILING": "EMPRESA ELEGÍVEL ONLINE SEM SUCESSO NO CONTATO TELEFÔNICO/EMPRESA ELEGÍVEL PRESENCIAL E PROPRIETÁRIO AUSENTE", "NOME_FANTASIA": "CONTABILIDADE LJ", "RAZAO_SOCIAL": "LJ SERVICOS CONTABEIS LTDA", "RESPONSAVEL": "-", "MUNICIPIO": "BELO HORIZONTE", "ENDEE": "AVENIDA DEL REY, 111, CAICARAS, BELO HORIZONTE, MG", "BANCO": "BRADESCO", "LINHA_AVAL_NOME": "GIRO", "LATITUDE": "-19.8921597", "LONGITUDE": "-43.9668798", "STATUS_OPERACIONAL": "CARTEIRA", "STATUS": "CARTEIRA", "field_14": null, "field_15": null, "field_16": null }, "geometry": { "type": "Point", "coordinates": [ -43.9668798, -19.8921597 ] } },
{ "type": "Feature", "properties": { "NROCNPJ_PAD": "48507097000150", "STATUS_MAILING": "EMPRESA ELEGÍVEL ONLINE SEM SUCESSO NO CONTATO TELEFÔNICO/EMPRESA ELEGÍVEL PRESENCIAL E PROPRIETÁRIO AUSENTE", "NOME_FANTASIA": "-", "RAZAO_SOCIAL": "48.507.097 JHONATHAN PINTO MAGALHAES", "RESPONSAVEL": "JHONATHANPINTOMAGALHAES", "MUNICIPIO": "BELO HORIZONTE", "ENDEE": "AVENIDA DEL REY, 111, CAICARAS, BELO HORIZONTE, MG", "BANCO": "SICOOB", "LINHA_AVAL_NOME": "GIRO", "LATITUDE": "-19.8921597", "LONGITUDE": "-43.9668798", "STATUS_OPERACIONAL": "CARTEIRA", "STATUS": "CARTEIRA", "field_14": null, "field_15": null, "field_16": null }, "geometry": { "type": "Point", "coordinates": [ -43.9668798, -19.8921597 ] } },
{ "type": "Feature", "properties": { "NROCNPJ_PAD": "37053599000131", "STATUS_MAILING": "EMPRESA ELEGÍVEL ONLINE SEM SUCESSO NO CONTATO TELEFÔNICO/EMPRESA ELEGÍVEL PRESENCIAL E PROPRIETÁRIO AUSENTE", "NOME_FANTASIA": "INK TECH SUPRIMENTOS", "RAZAO_SOCIAL": "INK TECH SUPRIMENTOS LTDA", "RESPONSAVEL": "ATILLAVINICIOSSILVA", "MUNICIPIO": "BELO HORIZONTE", "ENDEE": "RUA REAL MADRID, 209, SAO SALVADOR, BELO HORIZONTE, MG", "BANCO": "SICOOB", "LINHA_AVAL_NOME": "GIRO", "LATITUDE": "-19.8921696", "LONGITUDE": "-44.0120477", "STATUS_OPERACIONAL": "CARTEIRA", "STATUS": "CARTEIRA", "field_14": null, "field_15": null, "field_16": null }, "geometry": { "type": "Point", "coordinates": [ -44.0120477, -19.8921696 ] } },
{ "type": "Feature", "properties": { "NROCNPJ_PAD": "53542258000186", "STATUS_MAILING": "EMPRESA ELEGÍVEL ONLINE SEM SUCESSO NO CONTATO TELEFÔNICO/EMPRESA ELEGÍVEL PRESENCIAL E PROPRIETÁRIO AUSENTE", "NOME_FANTASIA": "-", "RAZAO_SOCIAL": "GRAFICA PONTO 3 LTDA", "RESPONSAVEL": "VIRGINIA SABRINA FRAGA DA SILVA", "MUNICIPIO": "BELO HORIZONTE", "ENDEE": "RUA SAO CLEMENTE, 1014, APARECIDA, BELO HORIZONTE, MG", "BANCO": "SICOOB", "LINHA_AVAL_NOME": "EMPREENDEDORISMO FEM", "LATITUDE": "-19.8922375", "LONGITUDE": "-43.953457", "STATUS_OPERACIONAL": "CARTEIRA", "STATUS": "CARTEIRA", "field_14": null, "field_15": null, "field_16": null }, "geometry": { "type": "Point", "coordinates": [ -43.953457, -19.8922375 ] } },
{ "type": "Feature", "properties": { "NROCNPJ_PAD": "20795886000114", "STATUS_MAILING": "EMPRESA ELEGÍVEL ONLINE SEM SUCESSO NO CONTATO TELEFÔNICO/EMPRESA ELEGÍVEL PRESENCIAL E PROPRIETÁRIO AUSENTE", "NOME_FANTASIA": "-", "RAZAO_SOCIAL": "TOP CENTER LTDA", "RESPONSAVEL": "DANIELE REZENDE PINHEIRO FERREIRA|GENIVALDO FERREIRA RIBEIRO", "MUNICIPIO": "BELO HORIZONTE", "ENDEE": "AVENIDA AMERICO VESPUCIO, 1010, APARECIDA SETIMA SECAO, BELO HORIZONTE, MG", "BANCO": "BDMG", "LINHA_AVAL_NOME": "GIRO", "LATITUDE": "-19.8926048", "LONGITUDE": "-43.958932", "STATUS_OPERACIONAL": "CARTEIRA", "STATUS": "CARTEIRA", "field_14": null, "field_15": null, "field_16": null }, "geometry": { "type": "Point", "coordinates": [ -43.958932, -19.8926048 ] } },
{ "type": "Feature", "properties": { "NROCNPJ_PAD": "29331270000167", "STATUS_MAILING": "EMPRESA ELEGÍVEL ONLINE SEM SUCESSO NO CONTATO TELEFÔNICO/EMPRESA ELEGÍVEL PRESENCIAL E PROPRIETÁRIO AUSENTE", "NOME_FANTASIA": "INFINITO CAMISETAS", "RAZAO_SOCIAL": "INFINITO CAMISETAS LTDA", "RESPONSAVEL": "SIRLA DOS SANTOS PORTO", "MUNICIPIO": "BELO HORIZONTE", "ENDEE": "RUA CANTAGALO, 645, BOM JESUS, BELO HORIZONTE, MG", "BANCO": "SICREDI 2", "LINHA_AVAL_NOME": "EMPREENDEDORISMO FEM", "LATITUDE": "-19.8943715", "LONGITUDE": "-43.9515195", "STATUS_OPERACIONAL": "CARTEIRA", "STATUS": "CARTEIRA", "field_14": null, "field_15": null, "field_16": null }, "geometry": { "type": "Point", "coordinates": [ -43.9515195, -19.8943715 ] } },
{ "type": "Feature", "properties": { "NROCNPJ_PAD": "07687757000144", "STATUS_MAILING": "EMPRESA ELEGÍVEL ONLINE SEM SUCESSO NO CONTATO TELEFÔNICO/EMPRESA ELEGÍVEL PRESENCIAL E PROPRIETÁRIO AUSENTE", "NOME_FANTASIA": "IZABELA CAMPOS", "RAZAO_SOCIAL": "INFINITY INDUSTRIA E COMERCIO DE BOLSAS LTDA", "RESPONSAVEL": "CHRISTIANE DAISY DE ASSIS|WAGNER FERREIRA CAMPOS", "MUNICIPIO": "BELO HORIZONTE", "ENDEE": "RUA HILO ESTEVAM DE ANDRADE, 20, JARDIM ALVORADA, BELO HORIZONTE, MG", "BANCO": "BDMG", "LINHA_AVAL_NOME": "GIRO", "LATITUDE": "-19.894642", "LONGITUDE": "-43.9912996", "STATUS_OPERACIONAL": "CARTEIRA", "STATUS": "CARTEIRA", "field_14": null, "field_15": null, "field_16": null }, "geometry": { "type": "Point", "coordinates": [ -43.9912996, -19.894642 ] } },
{ "type": "Feature", "properties": { "NROCNPJ_PAD": "13692216000107", "STATUS_MAILING": "EMPRESA ELEGÍVEL ONLINE SEM SUCESSO NO CONTATO TELEFÔNICO/EMPRESA ELEGÍVEL PRESENCIAL E PROPRIETÁRIO AUSENTE", "NOME_FANTASIA": "MASTER CLEAN LAVANDERIA", "RAZAO_SOCIAL": "MASTER CLEAN LAVANDERIA LTDA", "RESPONSAVEL": "CLEIDEAPARECIDADOSSANTOSSALGADO|LUIZFERNANDODOSSANTOSSALGADO", "MUNICIPIO": "BELO HORIZONTE", "ENDEE": "RUA ALVIMAR CARNEIRO, 1293, NOVO PROGRESSO, CONTAGEM, MG", "BANCO": "SICOOB", "LINHA_AVAL_NOME": "GIRO", "LATITUDE": "-19.8952982", "LONGITUDE": "-44.0244456", "STATUS_OPERACIONAL": "CARTEIRA", "STATUS": "CARTEIRA", "field_14": null, "field_15": null, "field_16": null }, "geometry": { "type": "Point", "coordinates": [ -44.0244456, -19.8952982 ] } },
{ "type": "Feature", "properties": { "NROCNPJ_PAD": "41078330000187", "STATUS_MAILING": "EMPRESA ELEGÍVEL ONLINE SEM SUCESSO NO CONTATO TELEFÔNICO/EMPRESA ELEGÍVEL PRESENCIAL E PROPRIETÁRIO AUSENTE", "NOME_FANTASIA": "-", "RAZAO_SOCIAL": "FINANCES GESTAO EMPRESARIAL LTDA", "RESPONSAVEL": "-", "MUNICIPIO": "BELO HORIZONTE", "ENDEE": "RUA NOVA FRIBURGO, 473, BOM JESUS, BELO HORIZONTE, MG", "BANCO": "BRADESCO", "LINHA_AVAL_NOME": "GIRO", "LATITUDE": "-19.8958519", "LONGITUDE": "-43.9538762", "STATUS_OPERACIONAL": "CARTEIRA", "STATUS": "CARTEIRA", "field_14": null, "field_15": null, "field_16": null }, "geometry": { "type": "Point", "coordinates": [ -43.9538762, -19.8958519 ] } },
{ "type": "Feature", "properties": { "NROCNPJ_PAD": "57832189000104", "STATUS_MAILING": "EMPRESA ELEGÍVEL ONLINE SEM SUCESSO NO CONTATO TELEFÔNICO/EMPRESA ELEGÍVEL PRESENCIAL E PROPRIETÁRIO AUSENTE", "NOME_FANTASIA": "R&S REPRESENTACOES", "RAZAO_SOCIAL": "R&S REPRESENTACOES E PROMOCAO DE VENDAS LTDA", "RESPONSAVEL": "SILVIA APARECIDA DE ANDRADE MARON", "MUNICIPIO": "BELO HORIZONTE", "ENDEE": "RUA PRATINHA, 116, ALTO CAICARAS, BELO HORIZONTE, MG", "BANCO": "BDMG", "LINHA_AVAL_NOME": "GIRO", "LATITUDE": "-19.8990669", "LONGITUDE": "-43.9787091", "STATUS_OPERACIONAL": "CARTEIRA", "STATUS": "CARTEIRA", "field_14": null, "field_15": null, "field_16": null }, "geometry": { "type": "Point", "coordinates": [ -43.9787091, -19.8990669 ] } },
{ "type": "Feature", "properties": { "NROCNPJ_PAD": "47979938000169", "STATUS_MAILING": "EMPRESA ELEGÍVEL ONLINE SEM SUCESSO NO CONTATO TELEFÔNICO/EMPRESA ELEGÍVEL PRESENCIAL E PROPRIETÁRIO AUSENTE", "NOME_FANTASIA": "FONOAUDIOLOGA MICHELE JUSTINO", "RAZAO_SOCIAL": "MICHELE JUSTINO RICARDO FONOAUDIOLOGA", "RESPONSAVEL": "MICHELE JUSTINO RICARDO", "MUNICIPIO": "BELO HORIZONTE", "ENDEE": "RUA GUAIBA, 69, GLORIA, BELO HORIZONTE, MG", "BANCO": "BDMG", "LINHA_AVAL_NOME": "GIRO", "LATITUDE": "-19.9001038", "LONGITUDE": "-44.0055952", "STATUS_OPERACIONAL": "CARTEIRA", "STATUS": "CARTEIRA", "field_14": null, "field_15": null, "field_16": null }, "geometry": { "type": "Point", "coordinates": [ -44.0055952, -19.9001038 ] } },
{ "type": "Feature", "properties": { "NROCNPJ_PAD": "51955273000120", "STATUS_MAILING": "EMPRESA ELEGÍVEL ONLINE SEM SUCESSO NO CONTATO TELEFÔNICO/EMPRESA ELEGÍVEL PRESENCIAL E PROPRIETÁRIO AUSENTE", "NOME_FANTASIA": "-", "RAZAO_SOCIAL": "51.955.273 SEBASTIANA DANIELA ABREU SILVA", "RESPONSAVEL": "SEBASTIANADANIELAABREUSILVA", "MUNICIPIO": "BELO HORIZONTE", "ENDEE": "RUA CEDRO, 66, ALTO CAICARAS, BELO HORIZONTE, MG", "BANCO": "SICOOB", "LINHA_AVAL_NOME": "GIRO", "LATITUDE": "-19.9003777", "LONGITUDE": "-43.9748989", "STATUS_OPERACIONAL": "CARTEIRA", "STATUS": "CARTEIRA", "field_14": null, "field_15": null, "field_16": null }, "geometry": { "type": "Point", "coordinates": [ -43.9748989, -19.9003777 ] } },
{ "type": "Feature", "properties": { "NROCNPJ_PAD": "48960841000177", "STATUS_MAILING": "EMPRESA ELEGÍVEL ONLINE SEM SUCESSO NO CONTATO TELEFÔNICO/EMPRESA ELEGÍVEL PRESENCIAL E PROPRIETÁRIO AUSENTE", "NOME_FANTASIA": "CPG", "RAZAO_SOCIAL": "CPG CONSTRUTORA PG LTDA", "RESPONSAVEL": "PAULOJANUARIODOSSANTOSALVES", "MUNICIPIO": "BELO HORIZONTE", "ENDEE": "RUA VILA RICA, 2353, CAICARA ADELAIDE, BELO HORIZONTE, MG", "BANCO": "SICOOB", "LINHA_AVAL_NOME": "GIRO", "LATITUDE": "-19.9007639", "LONGITUDE": "-43.9810896", "STATUS_OPERACIONAL": "CARTEIRA", "STATUS": "CARTEIRA", "field_14": null, "field_15": null, "field_16": null }, "geometry": { "type": "Point", "coordinates": [ -43.9810896, -19.9007639 ] } },
{ "type": "Feature", "properties": { "NROCNPJ_PAD": "35651028000173", "STATUS_MAILING": "EMPRESA ELEGÍVEL ONLINE SEM SUCESSO NO CONTATO TELEFÔNICO/EMPRESA ELEGÍVEL PRESENCIAL E PROPRIETÁRIO AUSENTE", "NOME_FANTASIA": "SA BEBEDOUROS", "RAZAO_SOCIAL": "SA BEBEDOUROS LTDA", "RESPONSAVEL": "ALANHENRIQUEDIASDESOUZA", "MUNICIPIO": "BELO HORIZONTE", "ENDEE": "RUA FLOR DA QUARESMA, 44, JARDIM ALVORADA, BELO HORIZONTE, MG", "BANCO": "SICOOB", "LINHA_AVAL_NOME": "GIRO", "LATITUDE": "-19.9011983", "LONGITUDE": "-43.9883968", "STATUS_OPERACIONAL": "CARTEIRA", "STATUS": "CARTEIRA", "field_14": null, "field_15": null, "field_16": null }, "geometry": { "type": "Point", "coordinates": [ -43.9883968, -19.9011983 ] } },
{ "type": "Feature", "properties": { "NROCNPJ_PAD": "18953570000161", "STATUS_MAILING": "EMPRESA ELEGÍVEL ONLINE SEM SUCESSO NO CONTATO TELEFÔNICO/EMPRESA ELEGÍVEL PRESENCIAL E PROPRIETÁRIO AUSENTE", "NOME_FANTASIA": "LG TECNOLOGIA", "RAZAO_SOCIAL": "LG TECNOLOGIA LTDA", "RESPONSAVEL": "JAIME CARDOSO", "MUNICIPIO": "BELO HORIZONTE", "ENDEE": "RUA GUARARAPES, 1522, PINDORAMA, BELO HORIZONTE, MG", "BANCO": "BRADESCO", "LINHA_AVAL_NOME": "GIRO", "LATITUDE": "-19.9094229", "LONGITUDE": "-44.0195144", "STATUS_OPERACIONAL": "CARTEIRA", "STATUS": "CARTEIRA", "field_14": null, "field_15": null, "field_16": null }, "geometry": { "type": "Point", "coordinates": [ -44.0195144, -19.9094229 ] } },
{ "type": "Feature", "properties": { "NROCNPJ_PAD": "26850011000154", "STATUS_MAILING": "EMPRESA ELEGÍVEL ONLINE SEM SUCESSO NO CONTATO TELEFÔNICO/EMPRESA ELEGÍVEL PRESENCIAL E PROPRIETÁRIO AUSENTE", "NOME_FANTASIA": "-", "RAZAO_SOCIAL": "F.S.D SERVICOS LTDA", "RESPONSAVEL": "FERNANDO EUSTAQUIO DE SOUZA", "MUNICIPIO": "BELO HORIZONTE", "ENDEE": "RUA XAVIER DA VEIGA, 361, MINAS BRASIL, BELO HORIZONTE, MG", "BANCO": "BDMG", "LINHA_AVAL_NOME": "GIRO", "LATITUDE": "-19.91808", "LONGITUDE": "-43.9913574", "STATUS_OPERACIONAL": "CARTEIRA", "STATUS": "CARTEIRA", "field_14": null, "field_15": null, "field_16": null }, "geometry": { "type": "Point", "coordinates": [ -43.9913574, -19.91808 ] } },
{ "type": "Feature", "properties": { "NROCNPJ_PAD": "03492541000172", "STATUS_MAILING": "EMPRESA ELEGÍVEL ONLINE SEM SUCESSO NO CONTATO TELEFÔNICO/EMPRESA ELEGÍVEL PRESENCIAL E PROPRIETÁRIO AUSENTE", "NOME_FANTASIA": "-", "RAZAO_SOCIAL": "ADR CAMINHOES LTDA", "RESPONSAVEL": "AMILCAR JOSE MARQUES", "MUNICIPIO": "BELO HORIZONTE", "ENDEE": "RODOVIA ANEL RODOVIARIO CELSO MELLO AZEVEDO, 11409, DOM BOSCO, BELO HORIZONTE, MG", "BANCO": "BDMG", "LINHA_AVAL_NOME": "GIRO", "LATITUDE": "-19.9189741", "LONGITUDE": "-43.9990418", "STATUS_OPERACIONAL": "CARTEIRA", "STATUS": "CARTEIRA", "field_14": null, "field_15": null, "field_16": null }, "geometry": { "type": "Point", "coordinates": [ -43.9990418, -19.9189741 ] } },
{ "type": "Feature", "properties": { "NROCNPJ_PAD": "50795439000126", "STATUS_MAILING": "EMPRESA ELEGÍVEL ONLINE SEM SUCESSO NO CONTATO TELEFÔNICO/EMPRESA ELEGÍVEL PRESENCIAL E PROPRIETÁRIO AUSENTE", "NOME_FANTASIA": "BH LEGAL BRASIL", "RAZAO_SOCIAL": "BH LEGAL LICENCIAMENTOS LTDA", "RESPONSAVEL": "NICOLLY MOREIRA MURCA", "MUNICIPIO": "BELO HORIZONTE", "ENDEE": "RUA PATRICIO BARBOSA, 403, CONJUNTO CALIFORNIA II, BELO HORIZONTE, MG", "BANCO": "SICOOB", "LINHA_AVAL_NOME": "EMPREENDEDORISMO FEM", "LATITUDE": "-19.919469", "LONGITUDE": "-44.0096314", "STATUS_OPERACIONAL": "CARTEIRA", "STATUS": "CARTEIRA", "field_14": null, "field_15": null, "field_16": null }, "geometry": { "type": "Point", "coordinates": [ -44.0096314, -19.919469 ] } },
{ "type": "Feature", "properties": { "NROCNPJ_PAD": "29461034000165", "STATUS_MAILING": "EMPRESA ELEGÍVEL ONLINE SEM SUCESSO NO CONTATO TELEFÔNICO/EMPRESA ELEGÍVEL PRESENCIAL E PROPRIETÁRIO AUSENTE", "NOME_FANTASIA": "GADITA STORE", "RAZAO_SOCIAL": "GADITA REPRESENTACOES LTDA", "RESPONSAVEL": "GISLANDIA GONCALVES DA CRUZ FERREIRA", "MUNICIPIO": "BELO HORIZONTE", "ENDEE": "RUA RENATO PEREIRA, 47, CALIFORNIA, BELO HORIZONTE, MG", "BANCO": "BDMG", "LINHA_AVAL_NOME": "GIRO", "LATITUDE": "-19.9205006", "LONGITUDE": "-44.0127848", "STATUS_OPERACIONAL": "CARTEIRA", "STATUS": "CARTEIRA", "field_14": null, "field_15": null, "field_16": null }, "geometry": { "type": "Point", "coordinates": [ -44.0127848, -19.9205006 ] } },
{ "type": "Feature", "properties": { "NROCNPJ_PAD": "30705054000113", "STATUS_MAILING": "EMPRESA ELEGÍVEL ONLINE SEM SUCESSO NO CONTATO TELEFÔNICO/EMPRESA ELEGÍVEL PRESENCIAL E PROPRIETÁRIO AUSENTE", "NOME_FANTASIA": "VFA SAUDE E SEGURANCA DO TRABALHO", "RAZAO_SOCIAL": "VFA SAUDE E SEGURANCA DO TRABALHO LTDA", "RESPONSAVEL": "ALINE PELOSI MESSIAS MOREIRA", "MUNICIPIO": "BELO HORIZONTE", "ENDEE": "RUA DOS PAMPAS, 171, PRADO, BELO HORIZONTE, MG", "BANCO": "BRADESCO", "LINHA_AVAL_NOME": "GIRO", "LATITUDE": "-19.9209607", "LONGITUDE": "-43.9590569", "STATUS_OPERACIONAL": "CARTEIRA", "STATUS": "CARTEIRA", "field_14": null, "field_15": null, "field_16": null }, "geometry": { "type": "Point", "coordinates": [ -43.9590569, -19.9209607 ] } },
{ "type": "Feature", "properties": { "NROCNPJ_PAD": "56264777000118", "STATUS_MAILING": "EMPRESA ELEGÍVEL ONLINE SEM SUCESSO NO CONTATO TELEFÔNICO/EMPRESA ELEGÍVEL PRESENCIAL E PROPRIETÁRIO AUSENTE", "NOME_FANTASIA": "BOTELHO SOLUTIONS", "RAZAO_SOCIAL": "BOTELHO SOLUCOES LTDA", "RESPONSAVEL": "AUREO MARTINS BOTELHO", "MUNICIPIO": "BELO HORIZONTE", "ENDEE": "RUA BARAO DE LEOPOLDINA, 201, JOAO PINHEIRO, BELO HORIZONTE, MG", "BANCO": "BDMG", "LINHA_AVAL_NOME": "GIRO", "LATITUDE": "-19.9242209", "LONGITUDE": "-44.0021194", "STATUS_OPERACIONAL": "CARTEIRA", "STATUS": "CARTEIRA", "field_14": null, "field_15": null, "field_16": null }, "geometry": { "type": "Point", "coordinates": [ -44.0021194, -19.9242209 ] } },
{ "type": "Feature", "properties": { "NROCNPJ_PAD": "59645950000116", "STATUS_MAILING": "EMPRESA ELEGÍVEL ONLINE SEM SUCESSO NO CONTATO TELEFÔNICO/EMPRESA ELEGÍVEL PRESENCIAL E PROPRIETÁRIO AUSENTE", "NOME_FANTASIA": "ASFART", "RAZAO_SOCIAL": "ASFART LTDA", "RESPONSAVEL": "EMERSONRAFAELGONCALVES", "MUNICIPIO": "BELO HORIZONTE", "ENDEE": "RUA TABATINGA, 365, JOAO PINHEIRO, BELO HORIZONTE, MG", "BANCO": "SICOOB", "LINHA_AVAL_NOME": "GIRO", "LATITUDE": "-19.9282233", "LONGITUDE": "-44.0012897", "STATUS_OPERACIONAL": "CARTEIRA", "STATUS": "CARTEIRA", "field_14": null, "field_15": null, "field_16": null }, "geometry": { "type": "Point", "coordinates": [ -44.0012897, -19.9282233 ] } },
{ "type": "Feature", "properties": { "NROCNPJ_PAD": "40404272000171", "STATUS_MAILING": "EMPRESA ELEGÍVEL ONLINE SEM SUCESSO NO CONTATO TELEFÔNICO/EMPRESA ELEGÍVEL PRESENCIAL E PROPRIETÁRIO AUSENTE", "NOME_FANTASIA": "KS GERADORES", "RAZAO_SOCIAL": "KS SOLUCOES E EVENTOS LTDA", "RESPONSAVEL": "KELLYLOPESBARBOZA", "MUNICIPIO": "BELO HORIZONTE", "ENDEE": "RUA JOSE CLAUDIO SANCHES, 484, CALIFORNIA, BELO HORIZONTE, MG", "BANCO": "SICOOB", "LINHA_AVAL_NOME": "EMPREENDEDORISMO FEM", "LATITUDE": "-19.9282743", "LONGITUDE": "-44.0172403", "STATUS_OPERACIONAL": "CARTEIRA", "STATUS": "CARTEIRA", "field_14": null, "field_15": null, "field_16": null }, "geometry": { "type": "Point", "coordinates": [ -44.0172403, -19.9282743 ] } },
{ "type": "Feature", "properties": { "NROCNPJ_PAD": "22295496000100", "STATUS_MAILING": "EMPRESA ELEGÍVEL ONLINE SEM SUCESSO NO CONTATO TELEFÔNICO/EMPRESA ELEGÍVEL PRESENCIAL E PROPRIETÁRIO AUSENTE", "NOME_FANTASIA": "GRUPO MOBILITY", "RAZAO_SOCIAL": "MOBILITY CONTABILIDADE PARA LOCADORAS LTDA", "RESPONSAVEL": "-", "MUNICIPIO": "BELO HORIZONTE", "ENDEE": "AVENIDA AFONSO PENA, 2770, SAVASSI, BELO HORIZONTE, MG", "BANCO": "BRADESCO", "LINHA_AVAL_NOME": "GIRO", "LATITUDE": "-19.935697", "LONGITUDE": "-43.9286741", "STATUS_OPERACIONAL": "CARTEIRA", "STATUS": "CARTEIRA", "field_14": null, "field_15": null, "field_16": null }, "geometry": { "type": "Point", "coordinates": [ -43.9286741, -19.935697 ] } },
{ "type": "Feature", "properties": { "NROCNPJ_PAD": "48885616000113", "STATUS_MAILING": "EMPRESA ELEGÍVEL ONLINE SEM SUCESSO NO CONTATO TELEFÔNICO/EMPRESA ELEGÍVEL PRESENCIAL E PROPRIETÁRIO AUSENTE", "NOME_FANTASIA": "-", "RAZAO_SOCIAL": "48.885.616 JESSICA ROLINDO DUARTE MARINHO", "RESPONSAVEL": "JESSICAROLINDODUARTEMARINHO", "MUNICIPIO": "BELO HORIZONTE", "ENDEE": "RUA STELLA CAMARGOS, 301, CAMARGOS, BELO HORIZONTE, MG", "BANCO": "SICOOB", "LINHA_AVAL_NOME": "GIRO", "LATITUDE": "-19.9408503", "LONGITUDE": "-44.0167303", "STATUS_OPERACIONAL": "CARTEIRA", "STATUS": "CARTEIRA", "field_14": null, "field_15": null, "field_16": null }, "geometry": { "type": "Point", "coordinates": [ -44.0167303, -19.9408503 ] } },
{ "type": "Feature", "properties": { "NROCNPJ_PAD": "26107603000180", "STATUS_MAILING": "EMPRESA ELEGÍVEL ONLINE SEM SUCESSO NO CONTATO TELEFÔNICO/EMPRESA ELEGÍVEL PRESENCIAL E PROPRIETÁRIO AUSENTE", "NOME_FANTASIA": "-", "RAZAO_SOCIAL": "BARBARA RANAURO TERAPIA E ESTETICA CAPILAR LTDA", "RESPONSAVEL": "BARBARA MARQUES RANAURO RODRIGUES", "MUNICIPIO": "BELO HORIZONTE", "ENDEE": "RUA GONCALVES DE SOUZA, 120, CAMARGOS, BELO HORIZONTE, MG", "BANCO": "BDMG", "LINHA_AVAL_NOME": "GIRO", "LATITUDE": "-19.9412836", "LONGITUDE": "-44.0219073", "STATUS_OPERACIONAL": "CARTEIRA", "STATUS": "CARTEIRA", "field_14": null, "field_15": null, "field_16": null }, "geometry": { "type": "Point", "coordinates": [ -44.0219073, -19.9412836 ] } },
{ "type": "Feature", "properties": { "NROCNPJ_PAD": "30958518000101", "STATUS_MAILING": "EMPRESA ELEGÍVEL ONLINE SEM SUCESSO NO CONTATO TELEFÔNICO/EMPRESA ELEGÍVEL PRESENCIAL E PROPRIETÁRIO AUSENTE", "NOME_FANTASIA": "-", "RAZAO_SOCIAL": "CRIS ALUMINIOS E ESQUADRIAS LTDA", "RESPONSAVEL": "CRISTIANEPINTODEALMEIDA", "MUNICIPIO": "BELO HORIZONTE", "ENDEE": "RUA VEREADOR ANTONIO ZANDONA, 88, JARDINOPOLIS, BELO HORIZONTE, MG", "BANCO": "SICOOB", "LINHA_AVAL_NOME": "EMPREENDEDORISMO FEM", "LATITUDE": "-19.9426921", "LONGITUDE": "-44.0046656", "STATUS_OPERACIONAL": "CARTEIRA", "STATUS": "CARTEIRA", "field_14": null, "field_15": null, "field_16": null }, "geometry": { "type": "Point", "coordinates": [ -44.0046656, -19.9426921 ] } },
{ "type": "Feature", "properties": { "NROCNPJ_PAD": "31518187000143", "STATUS_MAILING": "EMPRESA ELEGÍVEL ONLINE SEM SUCESSO NO CONTATO TELEFÔNICO/EMPRESA ELEGÍVEL PRESENCIAL E PROPRIETÁRIO AUSENTE", "NOME_FANTASIA": "VETOR GESTAO EMPRESARIAL", "RAZAO_SOCIAL": "PAULO AUGUSTO SOARES DE ANDRADE", "RESPONSAVEL": "PAULO AUGUSTO SOARES DE ANDRADE", "MUNICIPIO": "BELO HORIZONTE", "ENDEE": "RUA SOLIMOES, 172, JARDINOPOLIS, BELO HORIZONTE, MG", "BANCO": "BDMG", "LINHA_AVAL_NOME": "GIRO", "LATITUDE": "-19.9430245", "LONGITUDE": "-44.0007055", "STATUS_OPERACIONAL": "CARTEIRA", "STATUS": "CARTEIRA", "field_14": null, "field_15": null, "field_16": null }, "geometry": { "type": "Point", "coordinates": [ -44.0007055, -19.9430245 ] } },
{ "type": "Feature", "properties": { "NROCNPJ_PAD": "38177289000191", "STATUS_MAILING": "EMPRESA ELEGÍVEL ONLINE SEM SUCESSO NO CONTATO TELEFÔNICO/EMPRESA ELEGÍVEL PRESENCIAL E PROPRIETÁRIO AUSENTE", "NOME_FANTASIA": "LOJA DO VINI", "RAZAO_SOCIAL": "LOJA DO VINI LTDA", "RESPONSAVEL": "VINICIUSFARIASFONSECA", "MUNICIPIO": "BELO HORIZONTE", "ENDEE": "RUA MARIA EUZEBIA, 180, NOVA GAMELEIRA, BELO HORIZONTE, MG", "BANCO": "SICOOB", "LINHA_AVAL_NOME": "GIRO", "LATITUDE": "-19.9443951", "LONGITUDE": "-43.9910615", "STATUS_OPERACIONAL": "CARTEIRA", "STATUS": "CARTEIRA", "field_14": null, "field_15": null, "field_16": null }, "geometry": { "type": "Point", "coordinates": [ -43.9910615, -19.9443951 ] } },
{ "type": "Feature", "properties": { "NROCNPJ_PAD": "51671401000104", "STATUS_MAILING": "EMPRESA ELEGÍVEL ONLINE SEM SUCESSO NO CONTATO TELEFÔNICO/EMPRESA ELEGÍVEL PRESENCIAL E PROPRIETÁRIO AUSENTE", "NOME_FANTASIA": "FLEX ANDAIMES E SERVICOS", "RAZAO_SOCIAL": "FLEX ANDAIMES E SERVICOS LTDA", "RESPONSAVEL": "LUCAS DE MOURA SILVA|MELINA NUBIA DE MOURA SOUSA", "MUNICIPIO": "BELO HORIZONTE", "ENDEE": "RUA PEROBA DO CAMPO, 15, NOVA GAMELEIRA, BELO HORIZONTE, MG", "BANCO": "BDMG", "LINHA_AVAL_NOME": "GIRO", "LATITUDE": "-19.9449809", "LONGITUDE": "-43.9953306", "STATUS_OPERACIONAL": "CARTEIRA", "STATUS": "CARTEIRA", "field_14": null, "field_15": null, "field_16": null }, "geometry": { "type": "Point", "coordinates": [ -43.9953306, -19.9449809 ] } },
{ "type": "Feature", "properties": { "NROCNPJ_PAD": "31807632000195", "STATUS_MAILING": "EMPRESA ELEGÍVEL ONLINE SEM SUCESSO NO CONTATO TELEFÔNICO/EMPRESA ELEGÍVEL PRESENCIAL E PROPRIETÁRIO AUSENTE", "NOME_FANTASIA": "FCD SERVICOS", "RAZAO_SOCIAL": "FERNANDA COSTA DUARTE 06868867638", "RESPONSAVEL": "FERNANDA COSTA DUARTE", "MUNICIPIO": "BELO HORIZONTE", "ENDEE": "RUA CURITIBANOS, 819, JARDIM AMERICA, BELO HORIZONTE, MG", "BANCO": "BDMG", "LINHA_AVAL_NOME": "GIRO", "LATITUDE": "-19.9494619", "LONGITUDE": "-43.973054", "STATUS_OPERACIONAL": "CARTEIRA", "STATUS": "CARTEIRA", "field_14": null, "field_15": null, "field_16": null }, "geometry": { "type": "Point", "coordinates": [ -43.973054, -19.9494619 ] } },
{ "type": "Feature", "properties": { "NROCNPJ_PAD": "27691467000181", "STATUS_MAILING": "EMPRESA ELEGÍVEL ONLINE SEM SUCESSO NO CONTATO TELEFÔNICO/EMPRESA ELEGÍVEL PRESENCIAL E PROPRIETÁRIO AUSENTE", "NOME_FANTASIA": "CLEMENTE DECORACOES", "RAZAO_SOCIAL": "CLEMENTE DECORACOES LTDA", "RESPONSAVEL": "FREDERICO CLEMENTE SOARES", "MUNICIPIO": "BELO HORIZONTE", "ENDEE": "RUA ENGENHEIRO ZOROASTRO TORRES, 35, SANTO ANTONIO, BELO HORIZONTE, MG", "BANCO": "BRADESCO", "LINHA_AVAL_NOME": "GIRO", "LATITUDE": "-19.949537", "LONGITUDE": "-43.9469757", "STATUS_OPERACIONAL": "CARTEIRA", "STATUS": "CARTEIRA", "field_14": null, "field_15": null, "field_16": null }, "geometry": { "type": "Point", "coordinates": [ -43.9469757, -19.949537 ] } },
{ "type": "Feature", "properties": { "NROCNPJ_PAD": "05037796000170", "STATUS_MAILING": "EMPRESA ELEGÍVEL ONLINE SEM SUCESSO NO CONTATO TELEFÔNICO/EMPRESA ELEGÍVEL PRESENCIAL E PROPRIETÁRIO AUSENTE", "NOME_FANTASIA": "-", "RAZAO_SOCIAL": "REPLAN REPRESENTACOES LTDA", "RESPONSAVEL": "OSWALDO BRAGA ROBORTELLA", "MUNICIPIO": "BELO HORIZONTE", "ENDEE": "RUA ADOLFO PEREIRA, 95, ANCHIETA, BELO HORIZONTE, MG", "BANCO": "BDMG", "LINHA_AVAL_NOME": "GIRO", "LATITUDE": "-19.9496615", "LONGITUDE": "-43.9228761", "STATUS_OPERACIONAL": "CARTEIRA", "STATUS": "CARTEIRA", "field_14": null, "field_15": null, "field_16": null }, "geometry": { "type": "Point", "coordinates": [ -43.9228761, -19.9496615 ] } },
{ "type": "Feature", "properties": { "NROCNPJ_PAD": "29207641000101", "STATUS_MAILING": "EMPRESA ELEGÍVEL ONLINE SEM SUCESSO NO CONTATO TELEFÔNICO/EMPRESA ELEGÍVEL PRESENCIAL E PROPRIETÁRIO AUSENTE", "NOME_FANTASIA": "JU PETIT", "RAZAO_SOCIAL": "JULIANA DE SOUZA CAMPOS RIBEIRO 02851243667", "RESPONSAVEL": "JULIANA DE SOUZA CAMPOS RIBEIRO", "MUNICIPIO": "BELO HORIZONTE", "ENDEE": "RUA ASCANIO BURLAMARQUE, 130, COMITECO, BELO HORIZONTE, MG", "BANCO": "BDMG", "LINHA_AVAL_NOME": "GIRO", "LATITUDE": "-19.9509565", "LONGITUDE": "-43.9208486", "STATUS_OPERACIONAL": "CARTEIRA", "STATUS": "CARTEIRA", "field_14": null, "field_15": null, "field_16": null }, "geometry": { "type": "Point", "coordinates": [ -43.9208486, -19.9509565 ] } },
{ "type": "Feature", "properties": { "NROCNPJ_PAD": "28950334000145", "STATUS_MAILING": "EMPRESA ELEGÍVEL ONLINE SEM SUCESSO NO CONTATO TELEFÔNICO/EMPRESA ELEGÍVEL PRESENCIAL E PROPRIETÁRIO AUSENTE", "NOME_FANTASIA": "GPAPER E GPLAST", "RAZAO_SOCIAL": "POMMER INDUSTRIA E COMERCIO DE PAPEIS E PLASTICOS LTDA", "RESPONSAVEL": "GERACILDALAUVERS", "MUNICIPIO": "BELO HORIZONTE", "ENDEE": "RUA CIPRIANO DE CARVALHO, 181, CINQUENTENARIO, BELO HORIZONTE, MG", "BANCO": "SICOOB", "LINHA_AVAL_NOME": "EMPREENDEDORISMO FEM", "LATITUDE": "-19.9534913", "LONGITUDE": "-43.9841048", "STATUS_OPERACIONAL": "CARTEIRA", "STATUS": "CARTEIRA", "field_14": null, "field_15": null, "field_16": null }, "geometry": { "type": "Point", "coordinates": [ -43.9841048, -19.9534913 ] } },
{ "type": "Feature", "properties": { "NROCNPJ_PAD": "27501569000197", "STATUS_MAILING": "EMPRESA ELEGÍVEL ONLINE SEM SUCESSO NO CONTATO TELEFÔNICO/EMPRESA ELEGÍVEL PRESENCIAL E PROPRIETÁRIO AUSENTE", "NOME_FANTASIA": "-", "RAZAO_SOCIAL": "MARLI SALEMI DE MOURA LTDA", "RESPONSAVEL": "MARLISALEMIDEMOURA", "MUNICIPIO": "BELO HORIZONTE", "ENDEE": "AVENIDA NOSSA SENHORA DO CARMO, 1890, SAO PEDRO, BELO HORIZONTE, MG", "BANCO": "SICOOB", "LINHA_AVAL_NOME": "EMPREENDEDORISMO FEM", "LATITUDE": "-19.9537667", "LONGITUDE": "-43.9396925", "STATUS_OPERACIONAL": "CARTEIRA", "STATUS": "CARTEIRA", "field_14": null, "field_15": null, "field_16": null }, "geometry": { "type": "Point", "coordinates": [ -43.9396925, -19.9537667 ] } },
{ "type": "Feature", "properties": { "NROCNPJ_PAD": "43408126000102", "STATUS_MAILING": "EMPRESA ELEGÍVEL ONLINE SEM SUCESSO NO CONTATO TELEFÔNICO/EMPRESA ELEGÍVEL PRESENCIAL E PROPRIETÁRIO AUSENTE", "NOME_FANTASIA": "SELECT PRIME", "RAZAO_SOCIAL": "SELECT AGRO MINAS LTDA", "RESPONSAVEL": "GEORGE MATEUS LUIZ DE SOUZA", "MUNICIPIO": "BELO HORIZONTE", "ENDEE": "AVENIDA RIO MANTIQUEIRA, 1505, RIACHO DAS PEDRAS, CONTAGEM, MG", "BANCO": "BRADESCO", "LINHA_AVAL_NOME": "GIRO", "LATITUDE": "-19.9548534", "LONGITUDE": "-44.062059", "STATUS_OPERACIONAL": "CARTEIRA", "STATUS": "CARTEIRA", "field_14": null, "field_15": null, "field_16": null }, "geometry": { "type": "Point", "coordinates": [ -44.062059, -19.9548534 ] } },
{ "type": "Feature", "properties": { "NROCNPJ_PAD": "19217710000104", "STATUS_MAILING": "EMPRESA ELEGÍVEL ONLINE SEM SUCESSO NO CONTATO TELEFÔNICO/EMPRESA ELEGÍVEL PRESENCIAL E PROPRIETÁRIO AUSENTE", "NOME_FANTASIA": "ALEMI", "RAZAO_SOCIAL": "ALEMI ALMEIDA EMPREENDIMENTOS IMOBILIARIOS LIMITADA", "RESPONSAVEL": "ELIANE GASPARO ALMEIDA|LUIZ CLAUDIO DE ALMEIDA", "MUNICIPIO": "BELO HORIZONTE", "ENDEE": "RUA DA PATAGONIA, 19, SION, BELO HORIZONTE, MG", "BANCO": "BDMG", "LINHA_AVAL_NOME": "GIRO", "LATITUDE": "-19.9572", "LONGITUDE": "-43.94027", "STATUS_OPERACIONAL": "CARTEIRA", "STATUS": "CARTEIRA", "field_14": null, "field_15": null, "field_16": null }, "geometry": { "type": "Point", "coordinates": [ -43.94027, -19.9572 ] } },
{ "type": "Feature", "properties": { "NROCNPJ_PAD": "50856927000104", "STATUS_MAILING": "EMPRESA ELEGÍVEL ONLINE SEM SUCESSO NO CONTATO TELEFÔNICO/EMPRESA ELEGÍVEL PRESENCIAL E PROPRIETÁRIO AUSENTE", "NOME_FANTASIA": "-", "RAZAO_SOCIAL": "RGE CONSULTORIA E GESTAO LTDA", "RESPONSAVEL": "RUBENS GONCALVES ELIAS", "MUNICIPIO": "BELO HORIZONTE", "ENDEE": "RUA ARY XAVIER, 120, BAIRRO DAS INDUSTRIAS II, BELO HORIZONTE, MG", "BANCO": "ESTÍMULO", "LINHA_AVAL_NOME": "INVESTIMENTO + GIRO", "LATITUDE": "-19.9584647", "LONGITUDE": "-44.0008462", "STATUS_OPERACIONAL": "CARTEIRA", "STATUS": "CARTEIRA", "field_14": null, "field_15": null, "field_16": null }, "geometry": { "type": "Point", "coordinates": [ -44.0008462, -19.9584647 ] } },
{ "type": "Feature", "properties": { "NROCNPJ_PAD": "33884608000185", "STATUS_MAILING": "EMPRESA ELEGÍVEL ONLINE SEM SUCESSO NO CONTATO TELEFÔNICO/EMPRESA ELEGÍVEL PRESENCIAL E PROPRIETÁRIO AUSENTE", "NOME_FANTASIA": "FLUXO MONTAGEM E MANUTENCAO ELETRICA", "RAZAO_SOCIAL": "FLUXO MONTAGEM E MANUTENCAO ELETRICA LTDA", "RESPONSAVEL": "DIEGO CESAR SILVA MARQUES", "MUNICIPIO": "BELO HORIZONTE", "ENDEE": "RUA PATOS DE MINAS, 63, ESTRELA DO ORIENTE, BELO HORIZONTE, MG", "BANCO": "SICOOB", "LINHA_AVAL_NOME": "GIRO", "LATITUDE": "-19.9606931", "LONGITUDE": "-43.9850787", "STATUS_OPERACIONAL": "CARTEIRA", "STATUS": "CARTEIRA", "field_14": null, "field_15": null, "field_16": null }, "geometry": { "type": "Point", "coordinates": [ -43.9850787, -19.9606931 ] } },
{ "type": "Feature", "properties": { "NROCNPJ_PAD": "47187721000116", "STATUS_MAILING": "EMPRESA ELEGÍVEL ONLINE SEM SUCESSO NO CONTATO TELEFÔNICO/EMPRESA ELEGÍVEL PRESENCIAL E PROPRIETÁRIO AUSENTE", "NOME_FANTASIA": "PIETA SERVICOS CONTABEIS", "RAZAO_SOCIAL": "PIETA SERVICOS CONTABEIS LTDA", "RESPONSAVEL": "WESLEY ROSA DE JESUS AMORIM", "MUNICIPIO": "BELO HORIZONTE", "ENDEE": "RUA GUILHERMINO ESTEVAO NASCIMENTO, 54, PARQUE SAO JOSE, BELO HORIZONTE, MG", "BANCO": "BDMG", "LINHA_AVAL_NOME": "GIRO", "LATITUDE": "-19.9638725", "LONGITUDE": "-43.9796004", "STATUS_OPERACIONAL": "CARTEIRA", "STATUS": "CARTEIRA", "field_14": null, "field_15": null, "field_16": null }, "geometry": { "type": "Point", "coordinates": [ -43.9796004, -19.9638725 ] } },
{ "type": "Feature", "properties": { "NROCNPJ_PAD": "31674802000100", "STATUS_MAILING": "EMPRESA ELEGÍVEL ONLINE SEM SUCESSO NO CONTATO TELEFÔNICO/EMPRESA ELEGÍVEL PRESENCIAL E PROPRIETÁRIO AUSENTE", "NOME_FANTASIA": "ATELIE MIMOS DE MAE", "RAZAO_SOCIAL": "ATELIE MIMOS DE MAE COMERCIO E INDUSTRIA LTDA.", "RESPONSAVEL": "ANDREA CASSIA PINTO PIRES DE ALMEIDA|ISABELLA SANT ANA CAMARGOS|MATHEUS PIRES DE ALMEIDA", "MUNICIPIO": "BELO HORIZONTE", "ENDEE": "RUA MARIA DINELLI MENEZES, 66, ESTRELA DO ORIENTE, BELO HORIZONTE, MG", "BANCO": "SICREDI 2", "LINHA_AVAL_NOME": "EMPREENDEDORISMO FEM", "LATITUDE": "-19.9654554", "LONGITUDE": "-43.9849819", "STATUS_OPERACIONAL": "CARTEIRA", "STATUS": "CARTEIRA", "field_14": null, "field_15": null, "field_16": null }, "geometry": { "type": "Point", "coordinates": [ -43.9849819, -19.9654554 ] } },
{ "type": "Feature", "properties": { "NROCNPJ_PAD": "47636177000142", "STATUS_MAILING": "EMPRESA ELEGÍVEL ONLINE SEM SUCESSO NO CONTATO TELEFÔNICO/EMPRESA ELEGÍVEL PRESENCIAL E PROPRIETÁRIO AUSENTE", "NOME_FANTASIA": "ECS GEO", "RAZAO_SOCIAL": "ECS ENGENHARIA CONSULTORIA E SERVICOS GEOTECNICOS LTDA.", "RESPONSAVEL": "ESTEVAOAUGUSTOLEAODEANDRADE|VIRGINIAGUEDESMAGALHAESDAROCHA", "MUNICIPIO": "BELO HORIZONTE", "ENDEE": "RUA PROFESSOR NELSON FIGUEIREDO, 132, PARQUE SAO JOSE, BELO HORIZONTE, MG", "BANCO": "SICOOB", "LINHA_AVAL_NOME": "GIRO", "LATITUDE": "-19.9659674", "LONGITUDE": "-43.9780548", "STATUS_OPERACIONAL": "CARTEIRA", "STATUS": "CARTEIRA", "field_14": null, "field_15": null, "field_16": null }, "geometry": { "type": "Point", "coordinates": [ -43.9780548, -19.9659674 ] } },
{ "type": "Feature", "properties": { "NROCNPJ_PAD": "41505015000270", "STATUS_MAILING": "EMPRESA ELEGÍVEL ONLINE SEM SUCESSO NO CONTATO TELEFÔNICO/EMPRESA ELEGÍVEL PRESENCIAL E PROPRIETÁRIO AUSENTE", "NOME_FANTASIA": "DROGARIA HALLEY", "RAZAO_SOCIAL": "DROGARIA E PERFUMARIA LMI LTDA", "RESPONSAVEL": "IARAMOREIRADEOLIVEIRA", "MUNICIPIO": "BELO HORIZONTE", "ENDEE": "AVENIDA RAUL MOURAO GUIMARAES, 590, PALMEIRAS, BELO HORIZONTE, MG", "BANCO": "SICOOB", "LINHA_AVAL_NOME": "EMPREENDEDORISMO FEM", "LATITUDE": "-19.9674945", "LONGITUDE": "-43.9768765", "STATUS_OPERACIONAL": "CARTEIRA", "STATUS": "CARTEIRA", "field_14": null, "field_15": null, "field_16": null }, "geometry": { "type": "Point", "coordinates": [ -43.9768765, -19.9674945 ] } },
{ "type": "Feature", "properties": { "NROCNPJ_PAD": "33445927000194", "STATUS_MAILING": "EMPRESA ELEGÍVEL ONLINE SEM SUCESSO NO CONTATO TELEFÔNICO/EMPRESA ELEGÍVEL PRESENCIAL E PROPRIETÁRIO AUSENTE", "NOME_FANTASIA": "LA BELLE", "RAZAO_SOCIAL": "GCE CALCADOS E ACESSORIOS LTDA", "RESPONSAVEL": "ESTEFANIA LUCIA DE SOUZA PARREIRAS|GUSTAVO HENRIQUE PARREIRAS|SIMONE LAYBER FONTES", "MUNICIPIO": "BELO HORIZONTE", "ENDEE": "RUA BARAO DE COROMANDEL, 138, BARREIRO, BELO HORIZONTE, MG", "BANCO": "BDMG", "LINHA_AVAL_NOME": "GIRO", "LATITUDE": "-19.9744673", "LONGITUDE": "-44.0145333", "STATUS_OPERACIONAL": "CARTEIRA", "STATUS": "CARTEIRA", "field_14": null, "field_15": null, "field_16": null }, "geometry": { "type": "Point", "coordinates": [ -44.0145333, -19.9744673 ] } },
{ "type": "Feature", "properties": { "NROCNPJ_PAD": "02208424000171", "STATUS_MAILING": "EMPRESA ELEGÍVEL ONLINE SEM SUCESSO NO CONTATO TELEFÔNICO/EMPRESA ELEGÍVEL PRESENCIAL E PROPRIETÁRIO AUSENTE", "NOME_FANTASIA": "GALATO", "RAZAO_SOCIAL": "KANGAROO DISTRIBUIDORA E INDUSTRIA DE GELADOS LTDA", "RESPONSAVEL": "CELSO RICARDO DA COSTA", "MUNICIPIO": "BELO HORIZONTE", "ENDEE": "RUA DAS PETUNIAS, 845, LINDEIA, BELO HORIZONTE, MG", "BANCO": "BRADESCO", "LINHA_AVAL_NOME": "EMPREENDEDORISMO FEM", "LATITUDE": "-19.9747351", "LONGITUDE": "-44.0557676", "STATUS_OPERACIONAL": "CARTEIRA", "STATUS": "CARTEIRA", "field_14": null, "field_15": null, "field_16": null }, "geometry": { "type": "Point", "coordinates": [ -44.0557676, -19.9747351 ] } },
{ "type": "Feature", "properties": { "NROCNPJ_PAD": "50728325000163", "STATUS_MAILING": "EMPRESA ELEGÍVEL ONLINE SEM SUCESSO NO CONTATO TELEFÔNICO/EMPRESA ELEGÍVEL PRESENCIAL E PROPRIETÁRIO AUSENTE", "NOME_FANTASIA": "SENSE VIASHOPPING", "RAZAO_SOCIAL": "SENSE VIASHOPPING NATURA LTDA", "RESPONSAVEL": "ANA FLAVIA ARAUJO CHAVES|ANAFLAVIAARAUJOCHAVES", "MUNICIPIO": "BELO HORIZONTE", "ENDEE": "AVENIDA AFONSO VAZ DE MELO, 640, BARREIRO, BELO HORIZONTE, MG", "BANCO": "SICOOB", "LINHA_AVAL_NOME": "GIRO", "LATITUDE": "-19.9748569", "LONGITUDE": "-44.0215245", "STATUS_OPERACIONAL": "CARTEIRA", "STATUS": "CARTEIRA", "field_14": null, "field_15": null, "field_16": null }, "geometry": { "type": "Point", "coordinates": [ -44.0215245, -19.9748569 ] } },
{ "type": "Feature", "properties": { "NROCNPJ_PAD": "20522769000187", "STATUS_MAILING": "EMPRESA ELEGÍVEL ONLINE SEM SUCESSO NO CONTATO TELEFÔNICO/EMPRESA ELEGÍVEL PRESENCIAL E PROPRIETÁRIO AUSENTE", "NOME_FANTASIA": "PROTERM ENGENHARIA & MANUTENCAO ENGIN & MAINTENANCE", "RAZAO_SOCIAL": "WRP APOIO ADMINISTRATIVO LTDA", "RESPONSAVEL": "-", "MUNICIPIO": "BELO HORIZONTE", "ENDEE": "RUA ALTIVO MARCIO RIBEIRO, 76, SANTA MARGARIDA, BELO HORIZONTE, MG", "BANCO": "BRADESCO", "LINHA_AVAL_NOME": "GIRO", "LATITUDE": "-19.9751495", "LONGITUDE": "-44.0269473", "STATUS_OPERACIONAL": "CARTEIRA", "STATUS": "CARTEIRA", "field_14": null, "field_15": null, "field_16": null }, "geometry": { "type": "Point", "coordinates": [ -44.0269473, -19.9751495 ] } },
{ "type": "Feature", "properties": { "NROCNPJ_PAD": "05603484000187", "STATUS_MAILING": "EMPRESA ELEGÍVEL ONLINE SEM SUCESSO NO CONTATO TELEFÔNICO/EMPRESA ELEGÍVEL PRESENCIAL E PROPRIETÁRIO AUSENTE", "NOME_FANTASIA": "-", "RAZAO_SOCIAL": "CELLETO CONTABILIDADE E SERVICOS LTDA", "RESPONSAVEL": "ADRIANAANDRADEDASILVA|AUCELIAVIEIRADASILVA", "MUNICIPIO": "BELO HORIZONTE", "ENDEE": "RUA BARAO DE COROMANDEL, 535, BARREIRO, BELO HORIZONTE, MG", "BANCO": "SICOOB", "LINHA_AVAL_NOME": "GIRO", "LATITUDE": "-19.975496", "LONGITUDE": "-44.0180996", "STATUS_OPERACIONAL": "CARTEIRA", "STATUS": "CARTEIRA", "field_14": null, "field_15": null, "field_16": null }, "geometry": { "type": "Point", "coordinates": [ -44.0180996, -19.975496 ] } },
{ "type": "Feature", "properties": { "NROCNPJ_PAD": "07291097000188", "STATUS_MAILING": "EMPRESA ELEGÍVEL ONLINE SEM SUCESSO NO CONTATO TELEFÔNICO/EMPRESA ELEGÍVEL PRESENCIAL E PROPRIETÁRIO AUSENTE", "NOME_FANTASIA": "-", "RAZAO_SOCIAL": "MARKTEL SERVICOS DIGITAIS LTDA", "RESPONSAVEL": "MURGEL CORREA DE ABREU|POLYANA ALMEIDA PINA ABREU", "MUNICIPIO": "BELO HORIZONTE", "ENDEE": "AVENIDA PROFESSOR MARIO WERNECK, 2171, BURITIS, BELO HORIZONTE, MG", "BANCO": "BDMG", "LINHA_AVAL_NOME": "GIRO", "LATITUDE": "-19.9765558", "LONGITUDE": "-43.9735593", "STATUS_OPERACIONAL": "CARTEIRA", "STATUS": "CARTEIRA", "field_14": null, "field_15": null, "field_16": null }, "geometry": { "type": "Point", "coordinates": [ -43.9735593, -19.9765558 ] } },
{ "type": "Feature", "properties": { "NROCNPJ_PAD": "50027094000160", "STATUS_MAILING": "EMPRESA ELEGÍVEL ONLINE SEM SUCESSO NO CONTATO TELEFÔNICO/EMPRESA ELEGÍVEL PRESENCIAL E PROPRIETÁRIO AUSENTE", "NOME_FANTASIA": "DUELO DE GIGANTES", "RAZAO_SOCIAL": "DUELO DE GIGANTES LTDA", "RESPONSAVEL": "-", "MUNICIPIO": "BELO HORIZONTE", "ENDEE": "RUA RUBENS CARVALHO DE ANDRADE, 60, BURITIS, BELO HORIZONTE, MG", "BANCO": "BRADESCO", "LINHA_AVAL_NOME": "GIRO", "LATITUDE": "-19.9787867", "LONGITUDE": "-43.9732745", "STATUS_OPERACIONAL": "CARTEIRA", "STATUS": "CARTEIRA", "field_14": null, "field_15": null, "field_16": null }, "geometry": { "type": "Point", "coordinates": [ -43.9732745, -19.9787867 ] } },
{ "type": "Feature", "properties": { "NROCNPJ_PAD": "43800438000167", "STATUS_MAILING": "EMPRESA ELEGÍVEL ONLINE SEM SUCESSO NO CONTATO TELEFÔNICO/EMPRESA ELEGÍVEL PRESENCIAL E PROPRIETÁRIO AUSENTE", "NOME_FANTASIA": "OUTLETJET", "RAZAO_SOCIAL": "OUTLETJET SOLUCOES INDUSTRIAIS LTDA", "RESPONSAVEL": "DEISIANEOLIVEIRAVILAR|GUSTAVOHENRIQUEDONASCIMENTO|ROBSONSIMPLICIO|SUENNYDEALMEIDAALVESROCHA", "MUNICIPIO": "BELO HORIZONTE", "ENDEE": "RUA JOSE CAMISASSA, 55, BARREIRO, BELO HORIZONTE, MG", "BANCO": "SICOOB", "LINHA_AVAL_NOME": "EMPREENDEDORISMO FEM", "LATITUDE": "-19.9809668", "LONGITUDE": "-44.018749", "STATUS_OPERACIONAL": "CARTEIRA", "STATUS": "CARTEIRA", "field_14": null, "field_15": null, "field_16": null }, "geometry": { "type": "Point", "coordinates": [ -44.018749, -19.9809668 ] } },
{ "type": "Feature", "properties": { "NROCNPJ_PAD": "15661750000181", "STATUS_MAILING": "EMPRESA ELEGÍVEL ONLINE SEM SUCESSO NO CONTATO TELEFÔNICO/EMPRESA ELEGÍVEL PRESENCIAL E PROPRIETÁRIO AUSENTE", "NOME_FANTASIA": "-", "RAZAO_SOCIAL": "EQUILIBRIUM FISIOTERAPIA, ESTETICA E ERGONOMIA LTDA", "RESPONSAVEL": "CLEIDE DOS SANTOS PINTO", "MUNICIPIO": "BELO HORIZONTE", "ENDEE": "RUA JOSE FALEIRO, 82, SANTA HELENA (BARREIRO), BELO HORIZONTE, MG", "BANCO": "BDMG", "LINHA_AVAL_NOME": "GIRO", "LATITUDE": "-19.9827659", "LONGITUDE": "-44.0139766", "STATUS_OPERACIONAL": "CARTEIRA", "STATUS": "CARTEIRA", "field_14": null, "field_15": null, "field_16": null }, "geometry": { "type": "Point", "coordinates": [ -44.0139766, -19.9827659 ] } },
{ "type": "Feature", "properties": { "NROCNPJ_PAD": "43507974000179", "STATUS_MAILING": "EMPRESA ELEGÍVEL ONLINE SEM SUCESSO NO CONTATO TELEFÔNICO/EMPRESA ELEGÍVEL PRESENCIAL E PROPRIETÁRIO AUSENTE", "NOME_FANTASIA": "CENTRAL DE SAUDE ELIPHAS LEVI", "RAZAO_SOCIAL": "CENTRAL DE SAUDE ELIPHAS LEVI LTDA", "RESPONSAVEL": "-", "MUNICIPIO": "BELO HORIZONTE", "ENDEE": "RUA CARLOS PIMENTEL, 105, DIAMANTE, BELO HORIZONTE, MG", "BANCO": "BRADESCO", "LINHA_AVAL_NOME": "EMPREENDEDORISMO FEM", "LATITUDE": "-19.9844608", "LONGITUDE": "-44.0309609", "STATUS_OPERACIONAL": "CARTEIRA", "STATUS": "CARTEIRA", "field_14": null, "field_15": null, "field_16": null }, "geometry": { "type": "Point", "coordinates": [ -44.0309609, -19.9844608 ] } },
{ "type": "Feature", "properties": { "NROCNPJ_PAD": "18238595000183", "STATUS_MAILING": "EMPRESA ELEGÍVEL ONLINE SEM SUCESSO NO CONTATO TELEFÔNICO/EMPRESA ELEGÍVEL PRESENCIAL E PROPRIETÁRIO AUSENTE", "NOME_FANTASIA": "-", "RAZAO_SOCIAL": "CA COMERCIO DE PECAS LTDA", "RESPONSAVEL": "-", "MUNICIPIO": "BELO HORIZONTE", "ENDEE": "RUA SERGIO NAPOLES FONSECA, 100, CONJUNTO TUNEL IBIRITE (BARREIRO), BELO HORIZONTE, MG", "BANCO": "BRADESCO", "LINHA_AVAL_NOME": "GIRO", "LATITUDE": "-19.9847543", "LONGITUDE": "-44.0470763", "STATUS_OPERACIONAL": "CARTEIRA", "STATUS": "CARTEIRA", "field_14": null, "field_15": null, "field_16": null }, "geometry": { "type": "Point", "coordinates": [ -44.0470763, -19.9847543 ] } },
{ "type": "Feature", "properties": { "NROCNPJ_PAD": "39451672000159", "STATUS_MAILING": "EMPRESA ELEGÍVEL ONLINE SEM SUCESSO NO CONTATO TELEFÔNICO/EMPRESA ELEGÍVEL PRESENCIAL E PROPRIETÁRIO AUSENTE", "NOME_FANTASIA": "FENIX CONSULTORIA E ASSESSORIA EMPRESARIAL", "RAZAO_SOCIAL": "FENIX CONSULTORIA E ASSESSORIA EMPRESARIAL LTDA", "RESPONSAVEL": "AMANDACAROLINASOARESCORREA", "MUNICIPIO": "BELO HORIZONTE", "ENDEE": "AVENIDA WALDYR SOEIRO EMRICH, 3350, SANTA HELENA (BARREIRO), BELO HORIZONTE, MG", "BANCO": "SICOOB", "LINHA_AVAL_NOME": "GIRO", "LATITUDE": "-19.9899164", "LONGITUDE": "-44.0129525", "STATUS_OPERACIONAL": "CARTEIRA", "STATUS": "CARTEIRA", "field_14": null, "field_15": null, "field_16": null }, "geometry": { "type": "Point", "coordinates": [ -44.0129525, -19.9899164 ] } },
{ "type": "Feature", "properties": { "NROCNPJ_PAD": "48084857000163", "STATUS_MAILING": "EMPRESA ELEGÍVEL ONLINE SEM SUCESSO NO CONTATO TELEFÔNICO/EMPRESA ELEGÍVEL PRESENCIAL E PROPRIETÁRIO AUSENTE", "NOME_FANTASIA": "ALUMINAFUSIONLAB", "RAZAO_SOCIAL": "ALUMINAFUSION LAB LTDA", "RESPONSAVEL": "ANDRE LUIS DE SAO JOSE", "MUNICIPIO": "BELO HORIZONTE", "ENDEE": "RUA GERALDO MAGELA GOULART, 71, TIROL, BELO HORIZONTE, MG", "BANCO": "SICREDI 2", "LINHA_AVAL_NOME": "GIRO", "LATITUDE": "-19.9902526", "LONGITUDE": "-44.0367266", "STATUS_OPERACIONAL": "CARTEIRA", "STATUS": "CARTEIRA", "field_14": null, "field_15": null, "field_16": null }, "geometry": { "type": "Point", "coordinates": [ -44.0367266, -19.9902526 ] } },
{ "type": "Feature", "properties": { "NROCNPJ_PAD": "61142348000108", "STATUS_MAILING": "EMPRESA ELEGÍVEL ONLINE SEM SUCESSO NO CONTATO TELEFÔNICO/EMPRESA ELEGÍVEL PRESENCIAL E PROPRIETÁRIO AUSENTE", "NOME_FANTASIA": "PONTO DA MODA", "RAZAO_SOCIAL": "CH COMERCIO DO VESTUARIO E ELETRONICOS LTDA", "RESPONSAVEL": "CRISTIANOHELENODEAQUINO", "MUNICIPIO": "BELO HORIZONTE", "ENDEE": "RUA SILVA GUIMARAES, 36, JATOBA, BELO HORIZONTE, MG", "BANCO": "SICOOB", "LINHA_AVAL_NOME": "GIRO", "LATITUDE": "-19.9903159", "LONGITUDE": "-44.0563461", "STATUS_OPERACIONAL": "CARTEIRA", "STATUS": "CARTEIRA", "field_14": null, "field_15": null, "field_16": null }, "geometry": { "type": "Point", "coordinates": [ -44.0563461, -19.9903159 ] } },
{ "type": "Feature", "properties": { "NROCNPJ_PAD": "44183836000144", "STATUS_MAILING": "EMPRESA ELEGÍVEL ONLINE SEM SUCESSO NO CONTATO TELEFÔNICO/EMPRESA ELEGÍVEL PRESENCIAL E PROPRIETÁRIO AUSENTE", "NOME_FANTASIA": "-", "RAZAO_SOCIAL": "BARBARA DIAS DE CARVALHO 10119854627", "RESPONSAVEL": "BARBARADIASDECARVALHO", "MUNICIPIO": "BELO HORIZONTE", "ENDEE": "RUA MARIA TERESA LEMOS, 37, JATOBA (BARREIRO), BELO HORIZONTE, MG", "BANCO": "SICOOB", "LINHA_AVAL_NOME": "EMPREENDEDORISMO FEM", "LATITUDE": "-19.9905524", "LONGITUDE": "-44.0558522", "STATUS_OPERACIONAL": "CARTEIRA", "STATUS": "CARTEIRA", "field_14": null, "field_15": null, "field_16": null }, "geometry": { "type": "Point", "coordinates": [ -44.0558522, -19.9905524 ] } },
{ "type": "Feature", "properties": { "NROCNPJ_PAD": "36325077000189", "STATUS_MAILING": "EMPRESA ELEGÍVEL ONLINE SEM SUCESSO NO CONTATO TELEFÔNICO/EMPRESA ELEGÍVEL PRESENCIAL E PROPRIETÁRIO AUSENTE", "NOME_FANTASIA": "ESQUINA GRIFF", "RAZAO_SOCIAL": "ESQUINA GRIFF CALCADOS E ROUPAS LTDA", "RESPONSAVEL": "MAURICIOFAUSTINOALVESJUNIOR", "MUNICIPIO": "BELO HORIZONTE", "ENDEE": "RUA SERRADOR, 15, JATOBA, BELO HORIZONTE, MG", "BANCO": "SICOOB", "LINHA_AVAL_NOME": "GIRO", "LATITUDE": "-19.9913388", "LONGITUDE": "-44.0545652", "STATUS_OPERACIONAL": "CARTEIRA", "STATUS": "CARTEIRA", "field_14": null, "field_15": null, "field_16": null }, "geometry": { "type": "Point", "coordinates": [ -44.0545652, -19.9913388 ] } },
{ "type": "Feature", "properties": { "NROCNPJ_PAD": "38090276000180", "STATUS_MAILING": "EMPRESA ELEGÍVEL ONLINE SEM SUCESSO NO CONTATO TELEFÔNICO/EMPRESA ELEGÍVEL PRESENCIAL E PROPRIETÁRIO AUSENTE", "NOME_FANTASIA": "-", "RAZAO_SOCIAL": "MC TELECOM SOLUCOES EM CABEAMENTO LTDA", "RESPONSAVEL": "CAMILASILVACARVALHOROCHA", "MUNICIPIO": "BELO HORIZONTE", "ENDEE": "RUA ABERTADA, 21, FLAVIO MARQUES LISBOA, BELO HORIZONTE, MG", "BANCO": "SICOOB", "LINHA_AVAL_NOME": "GIRO", "LATITUDE": "-19.9933298", "LONGITUDE": "-43.9996864", "STATUS_OPERACIONAL": "CARTEIRA", "STATUS": "CARTEIRA", "field_14": null, "field_15": null, "field_16": null }, "geometry": { "type": "Point", "coordinates": [ -43.9996864, -19.9933298 ] } },
{ "type": "Feature", "properties": { "NROCNPJ_PAD": "09584565000138", "STATUS_MAILING": "EMPRESA ELEGÍVEL ONLINE SEM SUCESSO NO CONTATO TELEFÔNICO/EMPRESA ELEGÍVEL PRESENCIAL E PROPRIETÁRIO AUSENTE", "NOME_FANTASIA": "OPCAO STAND", "RAZAO_SOCIAL": "OPCAO STAND LOCACAO DE EQUIPAMENTOS LTDA", "RESPONSAVEL": "ROSANGELA REZENDE BARBOSA", "MUNICIPIO": "BELO HORIZONTE", "ENDEE": "RUA VIRGOLINO MOTTA, 71, ITAIPU (BARREIRO), BELO HORIZONTE, MG", "BANCO": "BRADESCO", "LINHA_AVAL_NOME": "-", "LATITUDE": "-19.994066", "LONGITUDE": "-44.0488762", "STATUS_OPERACIONAL": "CARTEIRA", "STATUS": "CARTEIRA", "field_14": null, "field_15": null, "field_16": null }, "geometry": { "type": "Point", "coordinates": [ -44.0488762, -19.994066 ] } },
{ "type": "Feature", "properties": { "NROCNPJ_PAD": "03939856000115", "STATUS_MAILING": "EMPRESA ELEGÍVEL ONLINE SEM SUCESSO NO CONTATO TELEFÔNICO/EMPRESA ELEGÍVEL PRESENCIAL E PROPRIETÁRIO AUSENTE", "NOME_FANTASIA": "ATTENA ILUMINACAO", "RAZAO_SOCIAL": "ATTENA INDUSTRIA E COMERCIO DE ILUMINACAO LTDA", "RESPONSAVEL": "EDESIO DIAS BITENCOURT", "MUNICIPIO": "BELO HORIZONTE", "ENDEE": "RUA 7, 144, OLHOS D' AGUA, BELO HORIZONTE, MG", "BANCO": "BDMG", "LINHA_AVAL_NOME": "GIRO", "LATITUDE": "-19.994583", "LONGITUDE": "-43.9624678", "STATUS_OPERACIONAL": "CARTEIRA", "STATUS": "CARTEIRA", "field_14": null, "field_15": null, "field_16": null }, "geometry": { "type": "Point", "coordinates": [ -43.9624678, -19.994583 ] } },
{ "type": "Feature", "properties": { "NROCNPJ_PAD": "27504012000100", "STATUS_MAILING": "EMPRESA ELEGÍVEL ONLINE SEM SUCESSO NO CONTATO TELEFÔNICO/EMPRESA ELEGÍVEL PRESENCIAL E PROPRIETÁRIO AUSENTE", "NOME_FANTASIA": "-", "RAZAO_SOCIAL": "RENE PEDROSA NUNES", "RESPONSAVEL": "RENEPEDROSANUNES", "MUNICIPIO": "BELO HORIZONTE", "ENDEE": "RUA AURELIO LOPES, 237, DIAMANTE, BELO HORIZONTE, MG", "BANCO": "SICOOB", "LINHA_AVAL_NOME": "GIRO", "LATITUDE": "-19.9950476", "LONGITUDE": "-44.0189278", "STATUS_OPERACIONAL": "CARTEIRA", "STATUS": "CARTEIRA", "field_14": null, "field_15": null, "field_16": null }, "geometry": { "type": "Point", "coordinates": [ -44.0189278, -19.9950476 ] } },
{ "type": "Feature", "properties": { "NROCNPJ_PAD": "18728493000146", "STATUS_MAILING": "EMPRESA ELEGÍVEL ONLINE SEM SUCESSO NO CONTATO TELEFÔNICO/EMPRESA ELEGÍVEL PRESENCIAL E PROPRIETÁRIO AUSENTE", "NOME_FANTASIA": "-", "RAZAO_SOCIAL": "MOBILIADORA SINAI LTDA", "RESPONSAVEL": "ANTONIO AUGUSTO|CLEUNICE DE MENEZES", "MUNICIPIO": "BELO HORIZONTE", "ENDEE": "RUA ERIDANO, 135, CARDOSO, BELO HORIZONTE, MG", "BANCO": "BDMG", "LINHA_AVAL_NOME": "GIRO", "LATITUDE": "-19.9967157", "LONGITUDE": "-44.007934", "STATUS_OPERACIONAL": "CARTEIRA", "STATUS": "CARTEIRA", "field_14": null, "field_15": null, "field_16": null }, "geometry": { "type": "Point", "coordinates": [ -44.007934, -19.9967157 ] } },
{ "type": "Feature", "properties": { "NROCNPJ_PAD": "08867687000179", "STATUS_MAILING": "EMPRESA ELEGÍVEL ONLINE SEM SUCESSO NO CONTATO TELEFÔNICO/EMPRESA ELEGÍVEL PRESENCIAL E PROPRIETÁRIO AUSENTE", "NOME_FANTASIA": "COMERCIAL ESPERANCA", "RAZAO_SOCIAL": "COMERCIAL ESPERANCA MATERIAIS DE CONSTRUCAO LTDA", "RESPONSAVEL": "MELQUIACANDIDAMACHADO|MELQUIADESMARIANONETO", "MUNICIPIO": "BELO HORIZONTE", "ENDEE": "AVENIDA MENELICK DE CARVALHO, 1189, FLAVIO MARQUES LISBOA, BELO HORIZONTE, MG", "BANCO": "SICOOB", "LINHA_AVAL_NOME": "GIRO", "LATITUDE": "-19.9974831", "LONGITUDE": "-43.9941505", "STATUS_OPERACIONAL": "CARTEIRA", "STATUS": "CARTEIRA", "field_14": null, "field_15": null, "field_16": null }, "geometry": { "type": "Point", "coordinates": [ -43.9941505, -19.9974831 ] } },
{ "type": "Feature", "properties": { "NROCNPJ_PAD": "31407426000198", "STATUS_MAILING": "EMPRESA ELEGÍVEL ONLINE SEM SUCESSO NO CONTATO TELEFÔNICO/EMPRESA ELEGÍVEL PRESENCIAL E PROPRIETÁRIO AUSENTE", "NOME_FANTASIA": "ALFATEC TRATAMENTO DE SUPERFICIE", "RAZAO_SOCIAL": "ALFATEC TRATAMENTO DE SUPERFICIE E COMERCIO LTDA", "RESPONSAVEL": "DAVIDHENRIQUERIBEIROMARTINS|FELIPEDAROCHANUNES|GUSTTAVOFELIPEDAROCHANUNES", "MUNICIPIO": "BELO HORIZONTE", "ENDEE": "RUA GLORIA NAS ALTURAS, 503, SANTA CECILIA, BELO HORIZONTE, MG", "BANCO": "SICOOB", "LINHA_AVAL_NOME": "GIRO", "LATITUDE": "-20.0023891", "LONGITUDE": "-44.0319281", "STATUS_OPERACIONAL": "CARTEIRA", "STATUS": "CARTEIRA", "field_14": null, "field_15": null, "field_16": null }, "geometry": { "type": "Point", "coordinates": [ -44.0319281, -20.0023891 ] } },
{ "type": "Feature", "properties": { "NROCNPJ_PAD": "27841362000161", "STATUS_MAILING": "EMPRESA ELEGÍVEL ONLINE SEM SUCESSO NO CONTATO TELEFÔNICO/EMPRESA ELEGÍVEL PRESENCIAL E PROPRIETÁRIO AUSENTE", "NOME_FANTASIA": "-", "RAZAO_SOCIAL": "HAMBURGUERIA VALE LANCHES LTDA", "RESPONSAVEL": "JENIFER DE OLIVEIRA GENEROSO MACHADO", "MUNICIPIO": "BELO HORIZONTE", "ENDEE": "RUA FRANCISCO MARTINS MARQUES, 456, VALE DO JATOBA (BARREIRO), BELO HORIZONTE, MG", "BANCO": "BDMG", "LINHA_AVAL_NOME": "GIRO", "LATITUDE": "-20.0055766", "LONGITUDE": "-44.0411864", "STATUS_OPERACIONAL": "CARTEIRA", "STATUS": "CARTEIRA", "field_14": null, "field_15": null, "field_16": null }, "geometry": { "type": "Point", "coordinates": [ -44.0411864, -20.0055766 ] } },
{ "type": "Feature", "properties": { "NROCNPJ_PAD": "00801051000112", "STATUS_MAILING": "EMPRESA ELEGÍVEL ONLINE SEM SUCESSO NO CONTATO TELEFÔNICO/EMPRESA ELEGÍVEL PRESENCIAL E PROPRIETÁRIO AUSENTE", "NOME_FANTASIA": "-", "RAZAO_SOCIAL": "PADARIA E CONFEITARIA PONGELUPE LTDA", "RESPONSAVEL": "ELISANGELA MARIA DA COSTA|ELISANGELAMARIADACOSTA|RODRIGO MOREIRA CAMPOS|RODRIGOMOREIRACAMPOS", "MUNICIPIO": "BELO HORIZONTE", "ENDEE": "RUA LUCAS DE CARVALHO SANTOS, 149, PONGELUPE, BELO HORIZONTE, MG", "BANCO": "SICOOB", "LINHA_AVAL_NOME": "GIRO", "LATITUDE": "-20.0067943", "LONGITUDE": "-44.0050938", "STATUS_OPERACIONAL": "CARTEIRA", "STATUS": "CARTEIRA", "field_14": null, "field_15": null, "field_16": null }, "geometry": { "type": "Point", "coordinates": [ -44.0050938, -20.0067943 ] } },
{ "type": "Feature", "properties": { "NROCNPJ_PAD": "36417698000192", "STATUS_MAILING": "EMPRESA ELEGÍVEL ONLINE SEM SUCESSO NO CONTATO TELEFÔNICO/EMPRESA ELEGÍVEL PRESENCIAL E PROPRIETÁRIO AUSENTE", "NOME_FANTASIA": "DISTRIBUIDORA SALDANHA", "RAZAO_SOCIAL": "DISTRIBUIDORA SALDANHA LTDA", "RESPONSAVEL": "IVONE DA PENHA SALDANHA", "MUNICIPIO": "BELO HORIZONTE", "ENDEE": "AVENIDA DJALMA VIEIRA CRISTO, 764, VALE DO JATOBA (BARREIRO), BELO HORIZONTE, MG", "BANCO": "BRADESCO", "LINHA_AVAL_NOME": "GIRO", "LATITUDE": "-20.0097177", "LONGITUDE": "-44.0394079", "STATUS_OPERACIONAL": "CARTEIRA", "STATUS": "CARTEIRA", "field_14": null, "field_15": null, "field_16": null }, "geometry": { "type": "Point", "coordinates": [ -44.0394079, -20.0097177 ] } },
{ "type": "Feature", "properties": { "NROCNPJ_PAD": "31813861000112", "STATUS_MAILING": "EMPRESA ELEGÍVEL ONLINE SEM SUCESSO NO CONTATO TELEFÔNICO/EMPRESA ELEGÍVEL PRESENCIAL E PROPRIETÁRIO AUSENTE", "NOME_FANTASIA": "-", "RAZAO_SOCIAL": "31.813.861 DALMAR DORICO DOS SANTOS", "RESPONSAVEL": "DALMARDORICODOSSANTOS", "MUNICIPIO": "BELO HORIZONTE", "ENDEE": "RUA JOAO CANDIDO, 103, INDEPENDENCIA (BARREIRO), BELO HORIZONTE, MG", "BANCO": "SICOOB", "LINHA_AVAL_NOME": "GIRO", "LATITUDE": "-20.0205505", "LONGITUDE": "-44.0345303", "STATUS_OPERACIONAL": "CARTEIRA", "STATUS": "CARTEIRA", "field_14": null, "field_15": null, "field_16": null }, "geometry": { "type": "Point", "coordinates": [ -44.0345303, -20.0205505 ] } },
{ "type": "Feature", "properties": { "NROCNPJ_PAD": "34098990000164", "STATUS_MAILING": "EMPRESA ELEGÍVEL ONLINE SEM SUCESSO NO CONTATO TELEFÔNICO/EMPRESA ELEGÍVEL PRESENCIAL NÃO VISITADA", "NOME_FANTASIA": "INTERCOM SISTEMA DE SEGURANCA", "RAZAO_SOCIAL": "INTERCOM SISTEMA DE SEGURANCA LTDA", "RESPONSAVEL": "CAMILABRAGADECASTRO|JACKSONMATOSSILVA", "MUNICIPIO": "BELO HORIZONTE", "ENDEE": "RUA MARANHAO, 560, NOVO PROGRESSO, 39707-000, SAO JOSE DO JACURI", "BANCO": "-", "LINHA_AVAL_NOME": "GIRO", "LATITUDE": "-18.2705632", "LONGITUDE": "-42.6672656", "STATUS_OPERACIONAL": "CARTEIRA", "STATUS": "CARTEIRA", "field_14": null, "field_15": null, "field_16": null }, "geometry": { "type": "Point", "coordinates": [ -42.6672656, -18.2705632 ] } },
{ "type": "Feature", "properties": { "NROCNPJ_PAD": "42528528000188", "STATUS_MAILING": "EMPRESA ELEGÍVEL ONLINE SEM SUCESSO NO CONTATO TELEFÔNICO/EMPRESA ELEGÍVEL PRESENCIAL NÃO VISITADA", "NOME_FANTASIA": "JCA SERVICOS MEDICOS", "RAZAO_SOCIAL": "JCA SERVICOS MEDICOS LTDA", "RESPONSAVEL": "JULIANADACOSTAALMEIDA", "MUNICIPIO": "BELO HORIZONTE", "ENDEE": "RUA JOSE FELIX MARTINS, 2500, MANTIQUEIRA, BELO HORIZONTE, MG", "BANCO": "SICOOB", "LINHA_AVAL_NOME": "EMPREENDEDORISMO FEM", "LATITUDE": "-19.785175", "LONGITUDE": "-43.9820323", "STATUS_OPERACIONAL": "CARTEIRA", "STATUS": "CARTEIRA", "field_14": null, "field_15": null, "field_16": null }, "geometry": { "type": "Point", "coordinates": [ -43.9820323, -19.785175 ] } },
{ "type": "Feature", "properties": { "NROCNPJ_PAD": "38384446000130", "STATUS_MAILING": "EMPRESA ELEGÍVEL ONLINE SEM SUCESSO NO CONTATO TELEFÔNICO/EMPRESA ELEGÍVEL PRESENCIAL NÃO VISITADA", "NOME_FANTASIA": "-", "RAZAO_SOCIAL": "ROBERTA INACIO DA SILVA 09590507603", "RESPONSAVEL": "ROBERTA INACIO DA SILVA", "MUNICIPIO": "BELO HORIZONTE", "ENDEE": "RUA SERVIDAO, 195, JARDIM DOS COMERCIARIOS (VENDA NOVA), BELO HORIZONTE, MG", "BANCO": "BDMG", "LINHA_AVAL_NOME": "GIRO", "LATITUDE": "-19.7883097", "LONGITUDE": "-43.9745055", "STATUS_OPERACIONAL": "CARTEIRA", "STATUS": "CARTEIRA", "field_14": null, "field_15": null, "field_16": null }, "geometry": { "type": "Point", "coordinates": [ -43.9745055, -19.7883097 ] } },
{ "type": "Feature", "properties": { "NROCNPJ_PAD": "08202176000138", "STATUS_MAILING": "EMPRESA ELEGÍVEL ONLINE SEM SUCESSO NO CONTATO TELEFÔNICO/EMPRESA ELEGÍVEL PRESENCIAL NÃO VISITADA", "NOME_FANTASIA": "QUIK IMPORTS", "RAZAO_SOCIAL": "QUIK DISTRIBUIDORA DE ARMARINHOS LTDA", "RESPONSAVEL": "HENRIQUE JOSE PEREIRA COLCHETE|HENRIQUEJOSEPEREIRACOLCHETE", "MUNICIPIO": "BELO HORIZONTE", "ENDEE": "RUA EDMAR COLINI FERREIRA, 46, MARIA HELENA, BELO HORIZONTE, MG", "BANCO": "SICOOB", "LINHA_AVAL_NOME": "GIRO", "LATITUDE": "-19.7956606", "LONGITUDE": "-43.990637", "STATUS_OPERACIONAL": "CARTEIRA", "STATUS": "CARTEIRA", "field_14": null, "field_15": null, "field_16": null }, "geometry": { "type": "Point", "coordinates": [ -43.990637, -19.7956606 ] } },
{ "type": "Feature", "properties": { "NROCNPJ_PAD": "28417977000128", "STATUS_MAILING": "EMPRESA ELEGÍVEL ONLINE SEM SUCESSO NO CONTATO TELEFÔNICO/EMPRESA ELEGÍVEL PRESENCIAL NÃO VISITADA", "NOME_FANTASIA": "MARECHAL CONSTRUCOES", "RAZAO_SOCIAL": "AGC MATERIAIS DE CONSTRUCAO LTDA", "RESPONSAVEL": "ANTONIO GERALDO APARECIDO|CLAUDIRENE FERREIRA AGUIAR APARECIDO", "MUNICIPIO": "BELO HORIZONTE", "ENDEE": "RUA MARECHAL FALCONIERE, 260, LOJA, EUROPA, 31620-380, BELO HORIZONTE", "BANCO": "-", "LINHA_AVAL_NOME": "GIRO", "LATITUDE": "-19.8026295", "LONGITUDE": "-43.9697683", "STATUS_OPERACIONAL": "CARTEIRA", "STATUS": "CARTEIRA", "field_14": null, "field_15": null, "field_16": null }, "geometry": { "type": "Point", "coordinates": [ -43.9697683, -19.8026295 ] } },
{ "type": "Feature", "properties": { "NROCNPJ_PAD": "49047911000163", "STATUS_MAILING": "EMPRESA ELEGÍVEL ONLINE SEM SUCESSO NO CONTATO TELEFÔNICO/EMPRESA ELEGÍVEL PRESENCIAL NÃO VISITADA", "NOME_FANTASIA": "-", "RAZAO_SOCIAL": "TORRE CAFE LTDA", "RESPONSAVEL": "FABIO FERREIRA ARRUDA|PHILLIP AUGUSTO PINHEIRO SANTOS", "MUNICIPIO": "BELO HORIZONTE", "ENDEE": "RODOVIA PAPA JOAO PAULO II, 3701, SERRA VERDE, BELO HORIZONTE, MG", "BANCO": "BDMG", "LINHA_AVAL_NOME": "GIRO", "LATITUDE": "-19.8037776", "LONGITUDE": "-43.9502352", "STATUS_OPERACIONAL": "CARTEIRA", "STATUS": "CARTEIRA", "field_14": null, "field_15": null, "field_16": null }, "geometry": { "type": "Point", "coordinates": [ -43.9502352, -19.8037776 ] } },
{ "type": "Feature", "properties": { "NROCNPJ_PAD": "58969499000120", "STATUS_MAILING": "EMPRESA ELEGÍVEL ONLINE SEM SUCESSO NO CONTATO TELEFÔNICO/EMPRESA ELEGÍVEL PRESENCIAL NÃO VISITADA", "NOME_FANTASIA": "-", "RAZAO_SOCIAL": "58.969.499 BRUNA LORENA RODRIGUES DE MARISGUIA", "RESPONSAVEL": "BRUNALORENARODRIGUESDEMARISGUIA", "MUNICIPIO": "BELO HORIZONTE", "ENDEE": "RUA TIPUANA, 545, CASA, JULIANA, 31744-665, BELO HORIZONTE", "BANCO": "-", "LINHA_AVAL_NOME": "EMPREENDEDORISMO FEM", "LATITUDE": "-19.8110388", "LONGITUDE": "-43.9440803", "STATUS_OPERACIONAL": "CARTEIRA", "STATUS": "CARTEIRA", "field_14": null, "field_15": null, "field_16": null }, "geometry": { "type": "Point", "coordinates": [ -43.9440803, -19.8110388 ] } },
{ "type": "Feature", "properties": { "NROCNPJ_PAD": "40775480000187", "STATUS_MAILING": "EMPRESA ELEGÍVEL ONLINE SEM SUCESSO NO CONTATO TELEFÔNICO/EMPRESA ELEGÍVEL PRESENCIAL NÃO VISITADA", "NOME_FANTASIA": "AGILIZA SISTEMAS REPROGRAFICOS", "RAZAO_SOCIAL": "AGILIZA SISTEMAS TRANSPORTES LTDA", "RESPONSAVEL": "ANNALUIZAAVELINOHORTA|DAVIDSONAVELINO|DAYANETAVARESPRATA", "MUNICIPIO": "BELO HORIZONTE", "ENDEE": "RUA ARACATUBA, 195, PIRATININGA, BELO HORIZONTE, MG", "BANCO": "SICOOB", "LINHA_AVAL_NOME": "EMPREENDEDORISMO FEM", "LATITUDE": "-19.8115592", "LONGITUDE": "-43.9913791", "STATUS_OPERACIONAL": "CARTEIRA", "STATUS": "CARTEIRA", "field_14": null, "field_15": null, "field_16": null }, "geometry": { "type": "Point", "coordinates": [ -43.9913791, -19.8115592 ] } },
{ "type": "Feature", "properties": { "NROCNPJ_PAD": "45694996000110", "STATUS_MAILING": "EMPRESA ELEGÍVEL ONLINE SEM SUCESSO NO CONTATO TELEFÔNICO/EMPRESA ELEGÍVEL PRESENCIAL NÃO VISITADA", "NOME_FANTASIA": "ACAI SUPREMO", "RAZAO_SOCIAL": "FRUIT INDUSTRIA E COMERCIO LTDA", "RESPONSAVEL": "-", "MUNICIPIO": "BELO HORIZONTE", "ENDEE": "RUA MEXICO, 1140, JARDIM LEBLON, BELO HORIZONTE, MG", "BANCO": "BRADESCO", "LINHA_AVAL_NOME": "GIRO", "LATITUDE": "-19.823099", "LONGITUDE": "-43.9944289", "STATUS_OPERACIONAL": "CARTEIRA", "STATUS": "CARTEIRA", "field_14": null, "field_15": null, "field_16": null }, "geometry": { "type": "Point", "coordinates": [ -43.9944289, -19.823099 ] } },
{ "type": "Feature", "properties": { "NROCNPJ_PAD": "41227719000147", "STATUS_MAILING": "EMPRESA ELEGÍVEL ONLINE SEM SUCESSO NO CONTATO TELEFÔNICO/EMPRESA ELEGÍVEL PRESENCIAL NÃO VISITADA", "NOME_FANTASIA": "-", "RAZAO_SOCIAL": "ROBERTA JULIANI LADEIRA CONSULTORIA ADMINISTRATIVA LTDA", "RESPONSAVEL": "ROBERTAJULIANILADEIRA", "MUNICIPIO": "BELO HORIZONTE", "ENDEE": "AVENIDA DOUTOR CRISTIANO GUIMARAES, 633, VILA CLORIS, BELO HORIZONTE, MG", "BANCO": "SICOOB", "LINHA_AVAL_NOME": "GIRO", "LATITUDE": "-19.82702", "LONGITUDE": "-43.9510954", "STATUS_OPERACIONAL": "CARTEIRA", "STATUS": "CARTEIRA", "field_14": null, "field_15": null, "field_16": null }, "geometry": { "type": "Point", "coordinates": [ -43.9510954, -19.82702 ] } },
{ "type": "Feature", "properties": { "NROCNPJ_PAD": "08214754000156", "STATUS_MAILING": "EMPRESA ELEGÍVEL ONLINE SEM SUCESSO NO CONTATO TELEFÔNICO/EMPRESA ELEGÍVEL PRESENCIAL NÃO VISITADA", "NOME_FANTASIA": "-", "RAZAO_SOCIAL": "MAFER REPRESENTACOES LTDA", "RESPONSAVEL": "EVANDRO COELHO ANDRADE", "MUNICIPIO": "BELO HORIZONTE", "ENDEE": "RUA MARECHAL RONDON, 184, PLANALTO, 31720-050, BELO HORIZONTE", "BANCO": "-", "LINHA_AVAL_NOME": "GIRO", "LATITUDE": "-19.8285621", "LONGITUDE": "-43.9581378", "STATUS_OPERACIONAL": "CARTEIRA", "STATUS": "CARTEIRA", "field_14": null, "field_15": null, "field_16": null }, "geometry": { "type": "Point", "coordinates": [ -43.9581378, -19.8285621 ] } },
{ "type": "Feature", "properties": { "NROCNPJ_PAD": "36686195000112", "STATUS_MAILING": "EMPRESA ELEGÍVEL ONLINE SEM SUCESSO NO CONTATO TELEFÔNICO/EMPRESA ELEGÍVEL PRESENCIAL NÃO VISITADA", "NOME_FANTASIA": "HERTA ENGENHARIA", "RAZAO_SOCIAL": "HERTA ENGENHARIA AMBIENTAL LTDA", "RESPONSAVEL": "KELLY ODILES DA SILVA", "MUNICIPIO": "BELO HORIZONTE", "ENDEE": "RUA CAMPISTA, 110, CASA 4, SANTA MONICA, 31565-250, BELO HORIZONTE", "BANCO": "-", "LINHA_AVAL_NOME": "GIRO", "LATITUDE": "-19.8315358", "LONGITUDE": "-43.9683417", "STATUS_OPERACIONAL": "CARTEIRA", "STATUS": "CARTEIRA", "field_14": null, "field_15": null, "field_16": null }, "geometry": { "type": "Point", "coordinates": [ -43.9683417, -19.8315358 ] } },
{ "type": "Feature", "properties": { "NROCNPJ_PAD": "43746880000152", "STATUS_MAILING": "EMPRESA ELEGÍVEL ONLINE SEM SUCESSO NO CONTATO TELEFÔNICO/EMPRESA ELEGÍVEL PRESENCIAL NÃO VISITADA", "NOME_FANTASIA": "CHAVES LAND MINAS", "RAZAO_SOCIAL": "F H DE OLIVEIRA - CHAVES", "RESPONSAVEL": "FERNANDOHENRIQUEDEOLIVEIRA", "MUNICIPIO": "BELO HORIZONTE", "ENDEE": "AVENIDA CRISTIANO MACHADO, 10390, FLORAMAR, BELO HORIZONTE, MG", "BANCO": "SICOOB", "LINHA_AVAL_NOME": "GIRO", "LATITUDE": "-19.834095", "LONGITUDE": "-43.9400009", "STATUS_OPERACIONAL": "CARTEIRA", "STATUS": "CARTEIRA", "field_14": null, "field_15": null, "field_16": null }, "geometry": { "type": "Point", "coordinates": [ -43.9400009, -19.834095 ] } },
{ "type": "Feature", "properties": { "NROCNPJ_PAD": "38680195000130", "STATUS_MAILING": "EMPRESA ELEGÍVEL ONLINE SEM SUCESSO NO CONTATO TELEFÔNICO/EMPRESA ELEGÍVEL PRESENCIAL NÃO VISITADA", "NOME_FANTASIA": "RABBIT - BAB", "RAZAO_SOCIAL": "CRIACOES LACAROTE LTDA", "RESPONSAVEL": "VALDENILCIORODRIGUESCOELHO", "MUNICIPIO": "BELO HORIZONTE", "ENDEE": "RUA NAIR MELLO, 13, TUPI A, BELO HORIZONTE, MG", "BANCO": "SICOOB", "LINHA_AVAL_NOME": "GIRO", "LATITUDE": "-19.8341736", "LONGITUDE": "-43.920542", "STATUS_OPERACIONAL": "CARTEIRA", "STATUS": "CARTEIRA", "field_14": null, "field_15": null, "field_16": null }, "geometry": { "type": "Point", "coordinates": [ -43.920542, -19.8341736 ] } },
{ "type": "Feature", "properties": { "NROCNPJ_PAD": "60905160000101", "STATUS_MAILING": "EMPRESA ELEGÍVEL ONLINE SEM SUCESSO NO CONTATO TELEFÔNICO/EMPRESA ELEGÍVEL PRESENCIAL NÃO VISITADA", "NOME_FANTASIA": "-", "RAZAO_SOCIAL": "N MENDES SERVICOS E EMPREENDIMENTOS LTDA", "RESPONSAVEL": "NORMA COSTA MENDES", "MUNICIPIO": "BELO HORIZONTE", "ENDEE": "AVENIDA DOM PEDRO I, 1300, LOJA 07, ITAPOA, 31710-000, BELO HORIZONTE", "BANCO": "-", "LINHA_AVAL_NOME": "EMPREENDEDORISMO FEM", "LATITUDE": "-19.8349135", "LONGITUDE": "-43.9639333", "STATUS_OPERACIONAL": "CARTEIRA", "STATUS": "CARTEIRA", "field_14": null, "field_15": null, "field_16": null }, "geometry": { "type": "Point", "coordinates": [ -43.9639333, -19.8349135 ] } },
{ "type": "Feature", "properties": { "NROCNPJ_PAD": "47297046000188", "STATUS_MAILING": "EMPRESA ELEGÍVEL ONLINE SEM SUCESSO NO CONTATO TELEFÔNICO/EMPRESA ELEGÍVEL PRESENCIAL NÃO VISITADA", "NOME_FANTASIA": "SOUZA PINTURAS E REFORMAS EM GERAL", "RAZAO_SOCIAL": "MARCOS JADER DE SOUZA", "RESPONSAVEL": "MARCOS JADER DE SOUZA", "MUNICIPIO": "BELO HORIZONTE", "ENDEE": "RUA PINTORA TARCILA, 25, NOVO TUPI, BELO HORIZONTE, MG", "BANCO": "BDMG", "LINHA_AVAL_NOME": "GIRO", "LATITUDE": "-19.8360749", "LONGITUDE": "-43.9083061", "STATUS_OPERACIONAL": "CARTEIRA", "STATUS": "CARTEIRA", "field_14": null, "field_15": null, "field_16": null }, "geometry": { "type": "Point", "coordinates": [ -43.9083061, -19.8360749 ] } },
{ "type": "Feature", "properties": { "NROCNPJ_PAD": "42298066000150", "STATUS_MAILING": "EMPRESA ELEGÍVEL ONLINE SEM SUCESSO NO CONTATO TELEFÔNICO/EMPRESA ELEGÍVEL PRESENCIAL NÃO VISITADA", "NOME_FANTASIA": "-", "RAZAO_SOCIAL": "QUICK REPARACAO AUTOMOTIVA LTDA", "RESPONSAVEL": "EDUARDO MOURA LOTT|ELIANE DE FATIMA SOUZA ROCHA LOTT|HEVERTON ASSIS BRANDAO|VANILDA DE SOUZA ROCHA BRANDAO", "MUNICIPIO": "BELO HORIZONTE", "ENDEE": "AVENIDA CRISTIANO MACHADO, 10045, HELIOPOLIS, BELO HORIZONTE, MG", "BANCO": "BRADESCO", "LINHA_AVAL_NOME": "-", "LATITUDE": "-19.84167", "LONGITUDE": "-43.9354", "STATUS_OPERACIONAL": "CARTEIRA", "STATUS": "CARTEIRA", "field_14": null, "field_15": null, "field_16": null }, "geometry": { "type": "Point", "coordinates": [ -43.9354, -19.84167 ] } },
{ "type": "Feature", "properties": { "NROCNPJ_PAD": "39291213000155", "STATUS_MAILING": "EMPRESA ELEGÍVEL ONLINE SEM SUCESSO NO CONTATO TELEFÔNICO/EMPRESA ELEGÍVEL PRESENCIAL NÃO VISITADA", "NOME_FANTASIA": "NOVALOC", "RAZAO_SOCIAL": "NOVALOC LOCACAO E COMERCIO DE MAQUINAS E EQUIPAMENTOS LTDA.", "RESPONSAVEL": "EDILSONLOPESDASILVA|LUIZMIGUELGUIMARAESLOPES", "MUNICIPIO": "BELO HORIZONTE", "ENDEE": "AVENIDA DOUTOR CRISTIANO GUIMARAES, 2759, PLANALTO, 31720-300, BELO HORIZONTE", "BANCO": "-", "LINHA_AVAL_NOME": "GIRO", "LATITUDE": "-19.8421855", "LONGITUDE": "-43.9486377", "STATUS_OPERACIONAL": "CARTEIRA", "STATUS": "CARTEIRA", "field_14": null, "field_15": null, "field_16": null }, "geometry": { "type": "Point", "coordinates": [ -43.9486377, -19.8421855 ] } },
{ "type": "Feature", "properties": { "NROCNPJ_PAD": "14931107000168", "STATUS_MAILING": "EMPRESA ELEGÍVEL ONLINE SEM SUCESSO NO CONTATO TELEFÔNICO/EMPRESA ELEGÍVEL PRESENCIAL NÃO VISITADA", "NOME_FANTASIA": "PESADOS GUIMARAES TRANSPORTES DE MAQUINAS E LOCACOES", "RAZAO_SOCIAL": "CARLA MALENA SILVA SANTOS", "RESPONSAVEL": "CARLA MALENA SILVA SANTOS", "MUNICIPIO": "BELO HORIZONTE", "ENDEE": "RUA ANIRY, 12, GUARANI, BELO HORIZONTE, MG", "BANCO": "BDMG", "LINHA_AVAL_NOME": "GIRO", "LATITUDE": "-19.8443163", "LONGITUDE": "-43.9289872", "STATUS_OPERACIONAL": "CARTEIRA", "STATUS": "CARTEIRA", "field_14": null, "field_15": null, "field_16": null }, "geometry": { "type": "Point", "coordinates": [ -43.9289872, -19.8443163 ] } },
{ "type": "Feature", "properties": { "NROCNPJ_PAD": "49736147000133", "STATUS_MAILING": "EMPRESA ELEGÍVEL ONLINE SEM SUCESSO NO CONTATO TELEFÔNICO/EMPRESA ELEGÍVEL PRESENCIAL NÃO VISITADA", "NOME_FANTASIA": "CLINICA WALQUIRIA MAGALHAES", "RAZAO_SOCIAL": "WMS LTDA", "RESPONSAVEL": "AYRTON DUARTE DALLA|WALQUIRIA MAGALHAES SILVA", "MUNICIPIO": "BELO HORIZONTE", "ENDEE": "AVENIDA PORTUGAL, 2316, SALA 205 207 209 E 211, JARDIM ATLANTICO, 31560-000, BELO HORIZONTE", "BANCO": "-", "LINHA_AVAL_NOME": "GIRO", "LATITUDE": "-19.8468083", "LONGITUDE": "-43.9752914", "STATUS_OPERACIONAL": "CARTEIRA", "STATUS": "CARTEIRA", "field_14": null, "field_15": null, "field_16": null }, "geometry": { "type": "Point", "coordinates": [ -43.9752914, -19.8468083 ] } },
{ "type": "Feature", "properties": { "NROCNPJ_PAD": "33930036000123", "STATUS_MAILING": "EMPRESA ELEGÍVEL ONLINE SEM SUCESSO NO CONTATO TELEFÔNICO/EMPRESA ELEGÍVEL PRESENCIAL NÃO VISITADA", "NOME_FANTASIA": "SONHAR BABY", "RAZAO_SOCIAL": "SONHAR BABY STORE LTDA", "RESPONSAVEL": "KARINA SOARES DA CRUZ", "MUNICIPIO": "BELO HORIZONTE", "ENDEE": "RUA PLOTINO, 92, NAZARE, BELO HORIZONTE, MG", "BANCO": "BDMG", "LINHA_AVAL_NOME": "GIRO", "LATITUDE": "-19.8499841", "LONGITUDE": "-43.8982143", "STATUS_OPERACIONAL": "CARTEIRA", "STATUS": "CARTEIRA", "field_14": null, "field_15": null, "field_16": null }, "geometry": { "type": "Point", "coordinates": [ -43.8982143, -19.8499841 ] } },
{ "type": "Feature", "properties": { "NROCNPJ_PAD": "22683145000177", "STATUS_MAILING": "EMPRESA ELEGÍVEL ONLINE SEM SUCESSO NO CONTATO TELEFÔNICO/EMPRESA ELEGÍVEL PRESENCIAL NÃO VISITADA", "NOME_FANTASIA": "THM PROFESSIONAL", "RAZAO_SOCIAL": "THM PROFESSIONAL DISTRIBUIDORA LTDA", "RESPONSAVEL": "THIAGOMACEDO", "MUNICIPIO": "BELO HORIZONTE", "ENDEE": "RUA PADRE SILVEIRA LOBO, 841, SAO LUIZ, BELO HORIZONTE, MG", "BANCO": "SICOOB", "LINHA_AVAL_NOME": "GIRO", "LATITUDE": "-19.8504946", "LONGITUDE": "-43.9617446", "STATUS_OPERACIONAL": "CARTEIRA", "STATUS": "CARTEIRA", "field_14": null, "field_15": null, "field_16": null }, "geometry": { "type": "Point", "coordinates": [ -43.9617446, -19.8504946 ] } },
{ "type": "Feature", "properties": { "NROCNPJ_PAD": "59571219000193", "STATUS_MAILING": "EMPRESA ELEGÍVEL ONLINE SEM SUCESSO NO CONTATO TELEFÔNICO/EMPRESA ELEGÍVEL PRESENCIAL NÃO VISITADA", "NOME_FANTASIA": "CENTRO AUTOMOTIVO MACHADO", "RAZAO_SOCIAL": "LOJAO DO POVO LTDA", "RESPONSAVEL": "ANDREIA PEREIRA GUIMARAES", "MUNICIPIO": "BELO HORIZONTE", "ENDEE": "AVENIDA CRISTIANO MACHADO, 9207, SAO BERNARDO, BELO HORIZONTE, MG", "BANCO": "BDMG", "LINHA_AVAL_NOME": "GIRO", "LATITUDE": "-19.851406", "LONGITUDE": "-43.9345507", "STATUS_OPERACIONAL": "CARTEIRA", "STATUS": "CARTEIRA", "field_14": null, "field_15": null, "field_16": null }, "geometry": { "type": "Point", "coordinates": [ -43.9345507, -19.851406 ] } },
{ "type": "Feature", "properties": { "NROCNPJ_PAD": "32064667000144", "STATUS_MAILING": "EMPRESA ELEGÍVEL ONLINE SEM SUCESSO NO CONTATO TELEFÔNICO/EMPRESA ELEGÍVEL PRESENCIAL NÃO VISITADA", "NOME_FANTASIA": "-", "RAZAO_SOCIAL": "PH NEGOCIOS CORRETORA DE SEGUROS LTDA", "RESPONSAVEL": "HEBERTH LINCOLN DOS SANTOS", "MUNICIPIO": "BELO HORIZONTE", "ENDEE": "RUA PLATAO, 195, NAZARE, BELO HORIZONTE, MG", "BANCO": "BDMG", "LINHA_AVAL_NOME": "GIRO", "LATITUDE": "-19.8536194", "LONGITUDE": "-43.8949703", "STATUS_OPERACIONAL": "CARTEIRA", "STATUS": "CARTEIRA", "field_14": null, "field_15": null, "field_16": null }, "geometry": { "type": "Point", "coordinates": [ -43.8949703, -19.8536194 ] } },
{ "type": "Feature", "properties": { "NROCNPJ_PAD": "34031071000173", "STATUS_MAILING": "EMPRESA ELEGÍVEL ONLINE SEM SUCESSO NO CONTATO TELEFÔNICO/EMPRESA ELEGÍVEL PRESENCIAL NÃO VISITADA", "NOME_FANTASIA": "MADE IN ROCA", "RAZAO_SOCIAL": "MADE IN ROCA LTDA", "RESPONSAVEL": "DAYANADEAMORIMCORTES|LARESSASILVAGOMES", "MUNICIPIO": "BELO HORIZONTE", "ENDEE": "RUA ANAPURUS, 249, SAO GABRIEL, BELO HORIZONTE, MG", "BANCO": "SICOOB", "LINHA_AVAL_NOME": "EMPREENDEDORISMO FEM", "LATITUDE": "-19.8557499", "LONGITUDE": "-43.9183705", "STATUS_OPERACIONAL": "CARTEIRA", "STATUS": "CARTEIRA", "field_14": null, "field_15": null, "field_16": null }, "geometry": { "type": "Point", "coordinates": [ -43.9183705, -19.8557499 ] } },
{ "type": "Feature", "properties": { "NROCNPJ_PAD": "21743368000110", "STATUS_MAILING": "EMPRESA ELEGÍVEL ONLINE SEM SUCESSO NO CONTATO TELEFÔNICO/EMPRESA ELEGÍVEL PRESENCIAL NÃO VISITADA", "NOME_FANTASIA": "MINAS BRASIL PLAYGROUNDS", "RAZAO_SOCIAL": "MINAS BRASIL PLAYGROUNDS LTDA", "RESPONSAVEL": "NATHALIA KELLY FERREIRA BASTOS SOARES", "MUNICIPIO": "BELO HORIZONTE", "ENDEE": "RUA LUIZ CHAGAS CARVALHO, 267, DONA CLARA, 31260-200, BELO HORIZONTE", "BANCO": "-", "LINHA_AVAL_NOME": "GIRO", "LATITUDE": "-19.8577694", "LONGITUDE": "-43.9437114", "STATUS_OPERACIONAL": "CARTEIRA", "STATUS": "CARTEIRA", "field_14": null, "field_15": null, "field_16": null }, "geometry": { "type": "Point", "coordinates": [ -43.9437114, -19.8577694 ] } },
{ "type": "Feature", "properties": { "NROCNPJ_PAD": "51644207000130", "STATUS_MAILING": "EMPRESA ELEGÍVEL ONLINE SEM SUCESSO NO CONTATO TELEFÔNICO/EMPRESA ELEGÍVEL PRESENCIAL NÃO VISITADA", "NOME_FANTASIA": "-", "RAZAO_SOCIAL": "MMS ELETRICA LTDA", "RESPONSAVEL": "MAICON ALVES DOS SANTOS", "MUNICIPIO": "BELO HORIZONTE", "ENDEE": "RUA ERNESTO TOGNOLO, 95, POUSADA SANTO ANTONIO, BELO HORIZONTE, MG", "BANCO": "BDMG", "LINHA_AVAL_NOME": "GIRO", "LATITUDE": "-19.8579083", "LONGITUDE": "-43.8889918", "STATUS_OPERACIONAL": "CARTEIRA", "STATUS": "CARTEIRA", "field_14": null, "field_15": null, "field_16": null }, "geometry": { "type": "Point", "coordinates": [ -43.8889918, -19.8579083 ] } },
{ "type": "Feature", "properties": { "NROCNPJ_PAD": "03623026000184", "STATUS_MAILING": "EMPRESA ELEGÍVEL ONLINE SEM SUCESSO NO CONTATO TELEFÔNICO/EMPRESA ELEGÍVEL PRESENCIAL NÃO VISITADA", "NOME_FANTASIA": "DUO CONTEUDO E DESIGN", "RAZAO_SOCIAL": "ARTE E EFEITO COMUNICACAO LTDA", "RESPONSAVEL": "EDMUNDOCESARSERRATEIXEIRA", "MUNICIPIO": "BELO HORIZONTE", "ENDEE": "RUA CANA VERDE, 260, APT 902, JARAGUA, 31270-490, BELO HORIZONTE", "BANCO": "-", "LINHA_AVAL_NOME": "GIRO", "LATITUDE": "-19.858229", "LONGITUDE": "-43.951034", "STATUS_OPERACIONAL": "CARTEIRA", "STATUS": "CARTEIRA", "field_14": null, "field_15": null, "field_16": null }, "geometry": { "type": "Point", "coordinates": [ -43.951034, -19.858229 ] } },
{ "type": "Feature", "properties": { "NROCNPJ_PAD": "34252573000124", "STATUS_MAILING": "EMPRESA ELEGÍVEL ONLINE SEM SUCESSO NO CONTATO TELEFÔNICO/EMPRESA ELEGÍVEL PRESENCIAL NÃO VISITADA", "NOME_FANTASIA": "ALVES VEICULOS", "RAZAO_SOCIAL": "DENER MAIKILE ALVES VEICULOS", "RESPONSAVEL": "-", "MUNICIPIO": "BELO HORIZONTE", "ENDEE": "RUA LUCAS AUGUSTO GOMES, 165, JARDIM VITORIA, BELO HORIZONTE, MG", "BANCO": "BRADESCO", "LINHA_AVAL_NOME": "GIRO", "LATITUDE": "-19.8585722", "LONGITUDE": "-43.8744676", "STATUS_OPERACIONAL": "CARTEIRA", "STATUS": "CARTEIRA", "field_14": null, "field_15": null, "field_16": null }, "geometry": { "type": "Point", "coordinates": [ -43.8744676, -19.8585722 ] } },
{ "type": "Feature", "properties": { "NROCNPJ_PAD": "20437113000166", "STATUS_MAILING": "EMPRESA ELEGÍVEL ONLINE SEM SUCESSO NO CONTATO TELEFÔNICO/EMPRESA ELEGÍVEL PRESENCIAL NÃO VISITADA", "NOME_FANTASIA": "-", "RAZAO_SOCIAL": "HN TREINAMENTO E DESENVOLVIMENTO PROFISSIONAL LTDA.", "RESPONSAVEL": "ANA LUCIA DE OLIVEIRA NOMAN|HELIO NOMAN", "MUNICIPIO": "BELO HORIZONTE", "ENDEE": "RUA AIURUOCA, 107, FERNAO DIAS, BELO HORIZONTE, MG", "BANCO": "BDMG", "LINHA_AVAL_NOME": "GIRO", "LATITUDE": "-19.8716051", "LONGITUDE": "-43.9224589", "STATUS_OPERACIONAL": "CARTEIRA", "STATUS": "CARTEIRA", "field_14": null, "field_15": null, "field_16": null }, "geometry": { "type": "Point", "coordinates": [ -43.9224589, -19.8716051 ] } },
{ "type": "Feature", "properties": { "NROCNPJ_PAD": "51497531000172", "STATUS_MAILING": "EMPRESA ELEGÍVEL ONLINE SEM SUCESSO NO CONTATO TELEFÔNICO/EMPRESA ELEGÍVEL PRESENCIAL NÃO VISITADA", "NOME_FANTASIA": "LJB TRANSPORTES", "RAZAO_SOCIAL": "LJB TRANSPORTES LTDA", "RESPONSAVEL": "FERNANDOVIEIRADOSSANTOS", "MUNICIPIO": "BELO HORIZONTE", "ENDEE": "RUA MARIA APARECIDA, 605, SAO MARCOS, 31920-470, BELO HORIZONTE", "BANCO": "-", "LINHA_AVAL_NOME": "GIRO", "LATITUDE": "-19.8725486", "LONGITUDE": "-43.9105697", "STATUS_OPERACIONAL": "CARTEIRA", "STATUS": "CARTEIRA", "field_14": null, "field_15": null, "field_16": null }, "geometry": { "type": "Point", "coordinates": [ -43.9105697, -19.8725486 ] } },
{ "type": "Feature", "properties": { "NROCNPJ_PAD": "12900895000108", "STATUS_MAILING": "EMPRESA ELEGÍVEL ONLINE SEM SUCESSO NO CONTATO TELEFÔNICO/EMPRESA ELEGÍVEL PRESENCIAL NÃO VISITADA", "NOME_FANTASIA": "ELETRO NOBRE", "RAZAO_SOCIAL": "ARMARIOS ON-LINE LTDA", "RESPONSAVEL": "MARIA APARECIDA FERREIRA (SÓCIO-ADMINISTRADOR) | DIRCEU PEREIRA DE OLIVEIRA (SÓCIO-ADMINISTRADOR)", "MUNICIPIO": "BELO HORIZONTE", "ENDEE": "AVENIDA PASTOR ANSELMO SILVESTRE, 1395, QUIOSQ005 ANDAR 1, DOM JOAQUIM ,31170-678 ,BELO HORIZONTE ,MG ,BRASIL", "BANCO": "-", "LINHA_AVAL_NOME": "-", "LATITUDE": "-19.875708", "LONGITUDE": "-43.9233063", "STATUS_OPERACIONAL": "CARTEIRA", "STATUS": "CARTEIRA", "field_14": null, "field_15": null, "field_16": null }, "geometry": { "type": "Point", "coordinates": [ -43.9233063, -19.875708 ] } },
{ "type": "Feature", "properties": { "NROCNPJ_PAD": "21701546000140", "STATUS_MAILING": "EMPRESA ELEGÍVEL ONLINE SEM SUCESSO NO CONTATO TELEFÔNICO/EMPRESA ELEGÍVEL PRESENCIAL NÃO VISITADA", "NOME_FANTASIA": "G.A.P - REPRESENTACOES", "RAZAO_SOCIAL": "GRAZIELLE DE ARAUJO PEREIRA - REPRESENTACAO COMERCIAL", "RESPONSAVEL": "GRAZIELLE PEREIRA LECHTMAN", "MUNICIPIO": "BELO HORIZONTE", "ENDEE": "RUA CASTELO SETUBAL, 650, APT 501, CASTELO, 31330-090, BELO HORIZONTE", "BANCO": "-", "LINHA_AVAL_NOME": "GIRO", "LATITUDE": "-19.8793768", "LONGITUDE": "-43.9934717", "STATUS_OPERACIONAL": "CARTEIRA", "STATUS": "CARTEIRA", "field_14": null, "field_15": null, "field_16": null }, "geometry": { "type": "Point", "coordinates": [ -43.9934717, -19.8793768 ] } },
{ "type": "Feature", "properties": { "NROCNPJ_PAD": "14793600000169", "STATUS_MAILING": "EMPRESA ELEGÍVEL ONLINE SEM SUCESSO NO CONTATO TELEFÔNICO/EMPRESA ELEGÍVEL PRESENCIAL NÃO VISITADA", "NOME_FANTASIA": "ATUAL ESTRUTURAS", "RAZAO_SOCIAL": "ATUAL ESTRUTURAS LTDA", "RESPONSAVEL": "GLADSTONEMARINHOJUNIOR", "MUNICIPIO": "BELO HORIZONTE", "ENDEE": "RUA DULCE MARIA, 347, SALA 303, IPIRANGA, 31160-250, BELO HORIZONTE", "BANCO": "-", "LINHA_AVAL_NOME": "GIRO", "LATITUDE": "-19.8809133", "LONGITUDE": "-43.9315354", "STATUS_OPERACIONAL": "CARTEIRA", "STATUS": "CARTEIRA", "field_14": null, "field_15": null, "field_16": null }, "geometry": { "type": "Point", "coordinates": [ -43.9315354, -19.8809133 ] } },
{ "type": "Feature", "properties": { "NROCNPJ_PAD": "04611611000127", "STATUS_MAILING": "EMPRESA ELEGÍVEL ONLINE SEM SUCESSO NO CONTATO TELEFÔNICO/EMPRESA ELEGÍVEL PRESENCIAL NÃO VISITADA", "NOME_FANTASIA": "-", "RAZAO_SOCIAL": "ASTRUS ADMINISTRADORA E CORRETORA DE SEGUROS DE SAUDE,VIDA,CAPITALIZACAO E PREVIDENCIA PRIVADA LTDA", "RESPONSAVEL": "SANDRAREGINAAZEVEDO", "MUNICIPIO": "BELO HORIZONTE", "ENDEE": "RUA CONCEICAO DO PARA, 1064, SANTA INES, BELO HORIZONTE, MG", "BANCO": "SICOOB", "LINHA_AVAL_NOME": "EMPREENDEDORISMO FEM", "LATITUDE": "-19.885602", "LONGITUDE": "-43.9124802", "STATUS_OPERACIONAL": "CARTEIRA", "STATUS": "CARTEIRA", "field_14": null, "field_15": null, "field_16": null }, "geometry": { "type": "Point", "coordinates": [ -43.9124802, -19.885602 ] } },
{ "type": "Feature", "properties": { "NROCNPJ_PAD": "47601641000165", "STATUS_MAILING": "EMPRESA ELEGÍVEL ONLINE SEM SUCESSO NO CONTATO TELEFÔNICO/EMPRESA ELEGÍVEL PRESENCIAL NÃO VISITADA", "NOME_FANTASIA": "-", "RAZAO_SOCIAL": "MJC REPRESENTACOES LTDA", "RESPONSAVEL": "CLEBIAREGINABRANDAODREY", "MUNICIPIO": "BELO HORIZONTE", "ENDEE": "RUA HENRIQUE DIAS, 571, LOJA 1, ERMELINDA, 31250-250, BELO HORIZONTE", "BANCO": "-", "LINHA_AVAL_NOME": "GIRO", "LATITUDE": "-19.8887146", "LONGITUDE": "-43.9586833", "STATUS_OPERACIONAL": "CARTEIRA", "STATUS": "CARTEIRA", "field_14": null, "field_15": null, "field_16": null }, "geometry": { "type": "Point", "coordinates": [ -43.9586833, -19.8887146 ] } },
{ "type": "Feature", "properties": { "NROCNPJ_PAD": "12499635000164", "STATUS_MAILING": "EMPRESA ELEGÍVEL ONLINE SEM SUCESSO NO CONTATO TELEFÔNICO/EMPRESA ELEGÍVEL PRESENCIAL NÃO VISITADA", "NOME_FANTASIA": "PROVER - TECNOLOGIA DA INFORMACAO", "RAZAO_SOCIAL": "ALEXANDER F PINTO - INSTALACOES ELETRICAS", "RESPONSAVEL": "ALEXANDER FRANCISCO PINTO", "MUNICIPIO": "BELO HORIZONTE", "ENDEE": "RUA DONA LIBURCIA, 188, BOA VISTA, BELO HORIZONTE, MG", "BANCO": "BDMG", "LINHA_AVAL_NOME": "GIRO", "LATITUDE": "-19.891426", "LONGITUDE": "-43.9022149", "STATUS_OPERACIONAL": "CARTEIRA", "STATUS": "CARTEIRA", "field_14": null, "field_15": null, "field_16": null }, "geometry": { "type": "Point", "coordinates": [ -43.9022149, -19.891426 ] } },
{ "type": "Feature", "properties": { "NROCNPJ_PAD": "60290433000150", "STATUS_MAILING": "EMPRESA ELEGÍVEL ONLINE SEM SUCESSO NO CONTATO TELEFÔNICO/EMPRESA ELEGÍVEL PRESENCIAL NÃO VISITADA", "NOME_FANTASIA": "BRUNA MOTA", "RAZAO_SOCIAL": "BRUNA M. F. MOTA DESENVOLVIMENTO DE SOFTWARES LTDA", "RESPONSAVEL": "BRUNA MARIA FERREIRA MOTA", "MUNICIPIO": "BELO HORIZONTE", "ENDEE": "RUA EUFRATES, 143, SAO SALVADOR, 30881-310, BELO HORIZONTE", "BANCO": "-", "LINHA_AVAL_NOME": "GIRO", "LATITUDE": "-19.8931337", "LONGITUDE": "-44.0105586", "STATUS_OPERACIONAL": "CARTEIRA", "STATUS": "CARTEIRA", "field_14": null, "field_15": null, "field_16": null }, "geometry": { "type": "Point", "coordinates": [ -44.0105586, -19.8931337 ] } },
{ "type": "Feature", "properties": { "NROCNPJ_PAD": "53438763000185", "STATUS_MAILING": "EMPRESA ELEGÍVEL ONLINE SEM SUCESSO NO CONTATO TELEFÔNICO/EMPRESA ELEGÍVEL PRESENCIAL NÃO VISITADA", "NOME_FANTASIA": "MA SERVICOS EM TECNOLOGIA DA INFORMACAO LTDA", "RAZAO_SOCIAL": "MA SERVICOS EM TECNOLOGIA DA INFORMACAO LTDA", "RESPONSAVEL": "MATHEUS MARTINS DE AVELAR", "MUNICIPIO": "BELO HORIZONTE", "ENDEE": "RUA SUINDARA, 81, ALIPIO DE MELO, 30830-510, BELO HORIZONTE", "BANCO": "-", "LINHA_AVAL_NOME": "GIRO", "LATITUDE": "-19.8947789", "LONGITUDE": "-44.0067611", "STATUS_OPERACIONAL": "CARTEIRA", "STATUS": "CARTEIRA", "field_14": null, "field_15": null, "field_16": null }, "geometry": { "type": "Point", "coordinates": [ -44.0067611, -19.8947789 ] } },
{ "type": "Feature", "properties": { "NROCNPJ_PAD": "41691202000104", "STATUS_MAILING": "EMPRESA ELEGÍVEL ONLINE SEM SUCESSO NO CONTATO TELEFÔNICO/EMPRESA ELEGÍVEL PRESENCIAL NÃO VISITADA", "NOME_FANTASIA": "AVOCADO COSMETICOS", "RAZAO_SOCIAL": "AVOCADO COSMETICOS LTDA", "RESPONSAVEL": "STEPHANIE KATHERINE CANGUSSU OLIVEIRA", "MUNICIPIO": "BELO HORIZONTE", "ENDEE": "RUA HEROINA MARIA QUITERIA, 247, ALTO CAICARAS, BELO HORIZONTE, MG", "BANCO": "BDMG", "LINHA_AVAL_NOME": "GIRO", "LATITUDE": "-19.8997239", "LONGITUDE": "-43.9778493", "STATUS_OPERACIONAL": "CARTEIRA", "STATUS": "CARTEIRA", "field_14": null, "field_15": null, "field_16": null }, "geometry": { "type": "Point", "coordinates": [ -43.9778493, -19.8997239 ] } },
{ "type": "Feature", "properties": { "NROCNPJ_PAD": "24288751000113", "STATUS_MAILING": "EMPRESA ELEGÍVEL ONLINE SEM SUCESSO NO CONTATO TELEFÔNICO/EMPRESA ELEGÍVEL PRESENCIAL NÃO VISITADA", "NOME_FANTASIA": "SOLID SEGURANCA ELETRONICA", "RAZAO_SOCIAL": "SOLID SEGURANCA ELETRONICA, TI E CABEAMENTO LTDA", "RESPONSAVEL": "GLAUCIO SILVA BATISTA FERREIRA", "MUNICIPIO": "BELO HORIZONTE", "ENDEE": "RUA CASCADURA, 141, ALTO CAICARAS, 30775-000, BELO HORIZONTE", "BANCO": "-", "LINHA_AVAL_NOME": "GIRO", "LATITUDE": "-19.900835", "LONGITUDE": "-43.9747893", "STATUS_OPERACIONAL": "CARTEIRA", "STATUS": "CARTEIRA", "field_14": null, "field_15": null, "field_16": null }, "geometry": { "type": "Point", "coordinates": [ -43.9747893, -19.900835 ] } },
{ "type": "Feature", "properties": { "NROCNPJ_PAD": "39287060000172", "STATUS_MAILING": "EMPRESA ELEGÍVEL ONLINE SEM SUCESSO NO CONTATO TELEFÔNICO/EMPRESA ELEGÍVEL PRESENCIAL NÃO VISITADA", "NOME_FANTASIA": "ESTACAO JARDINAGEM E PAISAGISMO", "RAZAO_SOCIAL": "ESTACAO JARDINAGEM E PAISAGISMO LTDA", "RESPONSAVEL": "LEANDROGOMESDEDEUS", "MUNICIPIO": "BELO HORIZONTE", "ENDEE": "RUA DOUTOR VIEIRA MARQUES, 975, CASA, SAGRADA FAMILIA, 31030-400, BELO HORIZONTE", "BANCO": "-", "LINHA_AVAL_NOME": "GIRO", "LATITUDE": "-19.9030219", "LONGITUDE": "-43.9225014", "STATUS_OPERACIONAL": "CARTEIRA", "STATUS": "CARTEIRA", "field_14": null, "field_15": null, "field_16": null }, "geometry": { "type": "Point", "coordinates": [ -43.9225014, -19.9030219 ] } },
{ "type": "Feature", "properties": { "NROCNPJ_PAD": "39317761000107", "STATUS_MAILING": "EMPRESA ELEGÍVEL ONLINE SEM SUCESSO NO CONTATO TELEFÔNICO/EMPRESA ELEGÍVEL PRESENCIAL NÃO VISITADA", "NOME_FANTASIA": "FOXXTECH", "RAZAO_SOCIAL": "FOXXTECH TECNOLOGIA E COMERCIO LTDA", "RESPONSAVEL": "LUIZ DANIEL SENA", "MUNICIPIO": "BELO HORIZONTE", "ENDEE": "RUA OSVALDO COSTA, 43, PINDORAMA, BELO HORIZONTE, MG", "BANCO": "BDMG", "LINHA_AVAL_NOME": "GIRO", "LATITUDE": "-19.9039926", "LONGITUDE": "-44.0194041", "STATUS_OPERACIONAL": "CARTEIRA", "STATUS": "CARTEIRA", "field_14": null, "field_15": null, "field_16": null }, "geometry": { "type": "Point", "coordinates": [ -44.0194041, -19.9039926 ] } },
{ "type": "Feature", "properties": { "NROCNPJ_PAD": "47251016000130", "STATUS_MAILING": "EMPRESA ELEGÍVEL ONLINE SEM SUCESSO NO CONTATO TELEFÔNICO/EMPRESA ELEGÍVEL PRESENCIAL NÃO VISITADA", "NOME_FANTASIA": "SEMPER FIDELIS", "RAZAO_SOCIAL": "SF SERVICOS CONSERVACAO E LIMPEZA LTDA", "RESPONSAVEL": "-", "MUNICIPIO": "BELO HORIZONTE", "ENDEE": "RUA IBIA, 170, BONFIM, BELO HORIZONTE, MG", "BANCO": "BRADESCO", "LINHA_AVAL_NOME": "GIRO", "LATITUDE": "-19.9062878", "LONGITUDE": "-43.9522656", "STATUS_OPERACIONAL": "CARTEIRA", "STATUS": "CARTEIRA", "field_14": null, "field_15": null, "field_16": null }, "geometry": { "type": "Point", "coordinates": [ -43.9522656, -19.9062878 ] } },
{ "type": "Feature", "properties": { "NROCNPJ_PAD": "22584177000204", "STATUS_MAILING": "EMPRESA ELEGÍVEL ONLINE SEM SUCESSO NO CONTATO TELEFÔNICO/EMPRESA ELEGÍVEL PRESENCIAL NÃO VISITADA", "NOME_FANTASIA": "SPACO TODODIA", "RAZAO_SOCIAL": "ERICA C G VIEIRA COSMETICOS E PERFUMARIA", "RESPONSAVEL": "ERICACOELHOGROSSIVIEIRA", "MUNICIPIO": "BELO HORIZONTE", "ENDEE": "RUA FRANCISCO BICALHO, 1825, LOJA 04, CAICARA ADELAIDE, 30720-476, BELO HORIZONTE", "BANCO": "-", "LINHA_AVAL_NOME": "GIRO", "LATITUDE": "-19.9063451", "LONGITUDE": "-43.977447", "STATUS_OPERACIONAL": "CARTEIRA", "STATUS": "CARTEIRA", "field_14": null, "field_15": null, "field_16": null }, "geometry": { "type": "Point", "coordinates": [ -43.977447, -19.9063451 ] } },
{ "type": "Feature", "properties": { "NROCNPJ_PAD": "27606229000120", "STATUS_MAILING": "EMPRESA ELEGÍVEL ONLINE SEM SUCESSO NO CONTATO TELEFÔNICO/EMPRESA ELEGÍVEL PRESENCIAL NÃO VISITADA", "NOME_FANTASIA": "CORES & ARTES", "RAZAO_SOCIAL": "CORES & ARTES LTDA", "RESPONSAVEL": "LEONARDOHENRIQUENASCIMENTODESOUZA", "MUNICIPIO": "BELO HORIZONTE", "ENDEE": "RUA LEOPOLDO GOMES, 2117, ALTO VERA CRUZ, 30285-310, BELO HORIZONTE", "BANCO": "-", "LINHA_AVAL_NOME": "GIRO", "LATITUDE": "-19.9090597", "LONGITUDE": "-43.8888246", "STATUS_OPERACIONAL": "CARTEIRA", "STATUS": "CARTEIRA", "field_14": null, "field_15": null, "field_16": null }, "geometry": { "type": "Point", "coordinates": [ -43.8888246, -19.9090597 ] } },
{ "type": "Feature", "properties": { "NROCNPJ_PAD": "51356589000104", "STATUS_MAILING": "EMPRESA ELEGÍVEL ONLINE SEM SUCESSO NO CONTATO TELEFÔNICO/EMPRESA ELEGÍVEL PRESENCIAL NÃO VISITADA", "NOME_FANTASIA": "BRITOMED", "RAZAO_SOCIAL": "BRITOMED LTDA", "RESPONSAVEL": "ANDERSONBRITODEOLIVEIRA", "MUNICIPIO": "BELO HORIZONTE", "ENDEE": "RUA JURUNA, 381, PINDORAMA, BELO HORIZONTE, MG", "BANCO": "SICOOB", "LINHA_AVAL_NOME": "GIRO", "LATITUDE": "-19.9138466", "LONGITUDE": "-44.0187512", "STATUS_OPERACIONAL": "CARTEIRA", "STATUS": "CARTEIRA", "field_14": null, "field_15": null, "field_16": null }, "geometry": { "type": "Point", "coordinates": [ -44.0187512, -19.9138466 ] } },
{ "type": "Feature", "properties": { "NROCNPJ_PAD": "31950865000142", "STATUS_MAILING": "EMPRESA ELEGÍVEL ONLINE SEM SUCESSO NO CONTATO TELEFÔNICO/EMPRESA ELEGÍVEL PRESENCIAL NÃO VISITADA", "NOME_FANTASIA": "CLOUDCODE DESENVOLVIMENTO DE SOFTWARES", "RAZAO_SOCIAL": "CLOUDCODE DESENVOLVIMENTO DE SOFTWARES LTDA", "RESPONSAVEL": "ANDRELUIZALVESMIGUELSOUZA", "MUNICIPIO": "BELO HORIZONTE", "ENDEE": "RUA RIO DE JANEIRO, 243, CENTRO, BELO HORIZONTE, MG", "BANCO": "SICOOB", "LINHA_AVAL_NOME": "GIRO", "LATITUDE": "-19.916497", "LONGITUDE": "-43.937805", "STATUS_OPERACIONAL": "CARTEIRA", "STATUS": "CARTEIRA", "field_14": null, "field_15": null, "field_16": null }, "geometry": { "type": "Point", "coordinates": [ -43.937805, -19.916497 ] } },
{ "type": "Feature", "properties": { "NROCNPJ_PAD": "54178713000179", "STATUS_MAILING": "EMPRESA ELEGÍVEL ONLINE SEM SUCESSO NO CONTATO TELEFÔNICO/EMPRESA ELEGÍVEL PRESENCIAL NÃO VISITADA", "NOME_FANTASIA": "CAS PRODUCT CONSULTING", "RAZAO_SOCIAL": "CAS CONSULTORIA EM TECNOLOGIA DA INFORMACAO LTDA", "RESPONSAVEL": "FILIPE LEITE CASAROTTO", "MUNICIPIO": "BELO HORIZONTE", "ENDEE": "RUA RIO DE JANEIRO, 243, CENTRO, BELO HORIZONTE, MG", "BANCO": "BDMG", "LINHA_AVAL_NOME": "GIRO", "LATITUDE": "-19.916497", "LONGITUDE": "-43.937805", "STATUS_OPERACIONAL": "CARTEIRA", "STATUS": "CARTEIRA", "field_14": null, "field_15": null, "field_16": null }, "geometry": { "type": "Point", "coordinates": [ -43.937805, -19.916497 ] } },
{ "type": "Feature", "properties": { "NROCNPJ_PAD": "50549261000133", "STATUS_MAILING": "EMPRESA ELEGÍVEL ONLINE SEM SUCESSO NO CONTATO TELEFÔNICO/EMPRESA ELEGÍVEL PRESENCIAL NÃO VISITADA", "NOME_FANTASIA": "PARADA DO LANCHE TUPIS", "RAZAO_SOCIAL": "PEDI FOOD LTDA", "RESPONSAVEL": "-", "MUNICIPIO": "BELO HORIZONTE", "ENDEE": "RUA DOM JOSE PEREIRA LARA, 33, LOJA 01 ANEXO 01, CORACAO EUCARISTICO, 30535-520, BELO HORIZONTE", "BANCO": "-", "LINHA_AVAL_NOME": "-", "LATITUDE": "-19.9241407", "LONGITUDE": "-43.986665", "STATUS_OPERACIONAL": "CARTEIRA", "STATUS": "CARTEIRA", "field_14": null, "field_15": null, "field_16": null }, "geometry": { "type": "Point", "coordinates": [ -43.986665, -19.9241407 ] } },
{ "type": "Feature", "properties": { "NROCNPJ_PAD": "23567430000195", "STATUS_MAILING": "EMPRESA ELEGÍVEL ONLINE SEM SUCESSO NO CONTATO TELEFÔNICO/EMPRESA ELEGÍVEL PRESENCIAL NÃO VISITADA", "NOME_FANTASIA": "-", "RAZAO_SOCIAL": "UNIPROF DESENVOLVIMENTO PROFISSIONAL LTDA", "RESPONSAVEL": "FABIANO EUSTAQUIO ZICA SILVA|RODRIGOBARBOSADESOUZALOPES", "MUNICIPIO": "BELO HORIZONTE", "ENDEE": "RUA LAGOA DOURADA, 433, PRADO, 30411-150, BELO HORIZONTE", "BANCO": "-", "LINHA_AVAL_NOME": "GIRO", "LATITUDE": "-19.9253713", "LONGITUDE": "-43.9625608", "STATUS_OPERACIONAL": "CARTEIRA", "STATUS": "CARTEIRA", "field_14": null, "field_15": null, "field_16": null }, "geometry": { "type": "Point", "coordinates": [ -43.9625608, -19.9253713 ] } },
{ "type": "Feature", "properties": { "NROCNPJ_PAD": "29727198000191", "STATUS_MAILING": "EMPRESA ELEGÍVEL ONLINE SEM SUCESSO NO CONTATO TELEFÔNICO/EMPRESA ELEGÍVEL PRESENCIAL NÃO VISITADA", "NOME_FANTASIA": "PROJECTUM DECORACOES", "RAZAO_SOCIAL": "LT DECORACOES LTDA", "RESPONSAVEL": "LUCAS FRANCISCHINI", "MUNICIPIO": "BELO HORIZONTE", "ENDEE": "AVENIDA MARCELO DINIZ XAVIER, 380, CALIFORNIA, 30855-075, BELO HORIZONTE", "BANCO": "-", "LINHA_AVAL_NOME": "GIRO", "LATITUDE": "-19.9261596", "LONGITUDE": "-44.023476", "STATUS_OPERACIONAL": "CARTEIRA", "STATUS": "CARTEIRA", "field_14": null, "field_15": null, "field_16": null }, "geometry": { "type": "Point", "coordinates": [ -44.023476, -19.9261596 ] } },
{ "type": "Feature", "properties": { "NROCNPJ_PAD": "47043695000152", "STATUS_MAILING": "EMPRESA ELEGÍVEL ONLINE SEM SUCESSO NO CONTATO TELEFÔNICO/EMPRESA ELEGÍVEL PRESENCIAL NÃO VISITADA", "NOME_FANTASIA": "LAMOUNIER PLANING", "RAZAO_SOCIAL": "LANE ENGENHARIA LTDA", "RESPONSAVEL": "VANESSA DE ARAUJO LAMOUNIER", "MUNICIPIO": "BELO HORIZONTE", "ENDEE": "RUA TURFA, 460, PRADO, 30411-120, BELO HORIZONTE", "BANCO": "-", "LINHA_AVAL_NOME": "GIRO", "LATITUDE": "-19.9262866", "LONGITUDE": "-43.964914", "STATUS_OPERACIONAL": "CARTEIRA", "STATUS": "CARTEIRA", "field_14": null, "field_15": null, "field_16": null }, "geometry": { "type": "Point", "coordinates": [ -43.964914, -19.9262866 ] } },
{ "type": "Feature", "properties": { "NROCNPJ_PAD": "47643665000187", "STATUS_MAILING": "EMPRESA ELEGÍVEL ONLINE SEM SUCESSO NO CONTATO TELEFÔNICO/EMPRESA ELEGÍVEL PRESENCIAL NÃO VISITADA", "NOME_FANTASIA": "PRISMA CONSULTORIA", "RAZAO_SOCIAL": "PRISMA PERFORMANCE EMPRESARIAL LTDA", "RESPONSAVEL": "ELLEN CAROLINE DA SILVA LOPES", "MUNICIPIO": "BELO HORIZONTE", "ENDEE": "RUA DOS GUAJAJARAS, 40, SALA 405 BOX N, CENTRO, 30180-910, BELO HORIZONTE", "BANCO": "-", "LINHA_AVAL_NOME": "GIRO", "LATITUDE": "-19.9264702", "LONGITUDE": "-43.934584", "STATUS_OPERACIONAL": "CARTEIRA", "STATUS": "CARTEIRA", "field_14": null, "field_15": null, "field_16": null }, "geometry": { "type": "Point", "coordinates": [ -43.934584, -19.9264702 ] } },
{ "type": "Feature", "properties": { "NROCNPJ_PAD": "24586785000194", "STATUS_MAILING": "EMPRESA ELEGÍVEL ONLINE SEM SUCESSO NO CONTATO TELEFÔNICO/EMPRESA ELEGÍVEL PRESENCIAL NÃO VISITADA", "NOME_FANTASIA": "CAMINHOS DA DIGNIDADE", "RAZAO_SOCIAL": "CAMINHOS DA DIGNIDADE SAUDE E NEGOCIOS LTDA", "RESPONSAVEL": "DONATOCLAUDIOVIEIRA|LETICIACESARREBELOVIEIRA|VITORIAREBELOVIEIRA", "MUNICIPIO": "BELO HORIZONTE", "ENDEE": "AVENIDA JOAO PINHEIRO, 274, SALA 501, LOURDES, 30130-186, BELO HORIZONTE", "BANCO": "-", "LINHA_AVAL_NOME": "EMPREENDEDORISMO FEM", "LATITUDE": "-19.927742", "LONGITUDE": "-43.9371562", "STATUS_OPERACIONAL": "CARTEIRA", "STATUS": "CARTEIRA", "field_14": null, "field_15": null, "field_16": null }, "geometry": { "type": "Point", "coordinates": [ -43.9371562, -19.927742 ] } },
{ "type": "Feature", "properties": { "NROCNPJ_PAD": "09169000000194", "STATUS_MAILING": "EMPRESA ELEGÍVEL ONLINE SEM SUCESSO NO CONTATO TELEFÔNICO/EMPRESA ELEGÍVEL PRESENCIAL NÃO VISITADA", "NOME_FANTASIA": "PH RESOLVE", "RAZAO_SOCIAL": "PHROSPERARE SERVICOS LTDA", "RESPONSAVEL": "PAULO HENRIQUE DE CASTRO FERREIRA", "MUNICIPIO": "BELO HORIZONTE", "ENDEE": "AVENIDA GETULIO VARGAS, 671, SALA 500 - PARTE 082, SAVASSI, 30112-021, BELO HORIZONTE", "BANCO": "-", "LINHA_AVAL_NOME": "GIRO", "LATITUDE": "-19.9353313", "LONGITUDE": "-43.9297169", "STATUS_OPERACIONAL": "CARTEIRA", "STATUS": "CARTEIRA", "field_14": null, "field_15": null, "field_16": null }, "geometry": { "type": "Point", "coordinates": [ -43.9297169, -19.9353313 ] } },
{ "type": "Feature", "properties": { "NROCNPJ_PAD": "51158570000145", "STATUS_MAILING": "EMPRESA ELEGÍVEL ONLINE SEM SUCESSO NO CONTATO TELEFÔNICO/EMPRESA ELEGÍVEL PRESENCIAL NÃO VISITADA", "NOME_FANTASIA": "LJ MATERIAIS DE CONSTRUCOES & CIA", "RAZAO_SOCIAL": "LJ COMERCIO DE MATERIAIS, LOCACOES & CIA LTDA", "RESPONSAVEL": "MAYRATELESDOSSANTOS", "MUNICIPIO": "BELO HORIZONTE", "ENDEE": "RUA RIO GRANDE DO NORTE, 1435, SAVASSI, BELO HORIZONTE, MG", "BANCO": "SICOOB", "LINHA_AVAL_NOME": "GIRO", "LATITUDE": "-19.9381209", "LONGITUDE": "-43.9324268", "STATUS_OPERACIONAL": "CARTEIRA", "STATUS": "CARTEIRA", "field_14": null, "field_15": null, "field_16": null }, "geometry": { "type": "Point", "coordinates": [ -43.9324268, -19.9381209 ] } },
{ "type": "Feature", "properties": { "NROCNPJ_PAD": "57451047000199", "STATUS_MAILING": "EMPRESA ELEGÍVEL ONLINE SEM SUCESSO NO CONTATO TELEFÔNICO/EMPRESA ELEGÍVEL PRESENCIAL NÃO VISITADA", "NOME_FANTASIA": "MARCELA VITORETTI", "RAZAO_SOCIAL": "MARCELA VITORETTI HUDSON LTDA", "RESPONSAVEL": "MARCELAVITORETTIHUDSON", "MUNICIPIO": "BELO HORIZONTE", "ENDEE": "RUA RIO GRANDE DO NORTE, 1435, SAVASSI, BELO HORIZONTE, MG", "BANCO": "SICOOB", "LINHA_AVAL_NOME": "EMPREENDEDORISMO FEM", "LATITUDE": "-19.9381209", "LONGITUDE": "-43.9324268", "STATUS_OPERACIONAL": "CARTEIRA", "STATUS": "CARTEIRA", "field_14": null, "field_15": null, "field_16": null }, "geometry": { "type": "Point", "coordinates": [ -43.9324268, -19.9381209 ] } },
{ "type": "Feature", "properties": { "NROCNPJ_PAD": "19410112000149", "STATUS_MAILING": "EMPRESA ELEGÍVEL ONLINE SEM SUCESSO NO CONTATO TELEFÔNICO/EMPRESA ELEGÍVEL PRESENCIAL NÃO VISITADA", "NOME_FANTASIA": "COMPLAC BH", "RAZAO_SOCIAL": "HIPER PLACAS BH LTDA", "RESPONSAVEL": "-", "MUNICIPIO": "BELO HORIZONTE", "ENDEE": "RUA NICIAS CONTINENTINO, 983, VILA NOVA GAMELEIRA II, BELO HORIZONTE, MG", "BANCO": "BRADESCO", "LINHA_AVAL_NOME": "GIRO", "LATITUDE": "-19.938878", "LONGITUDE": "-43.9928987", "STATUS_OPERACIONAL": "CARTEIRA", "STATUS": "CARTEIRA", "field_14": null, "field_15": null, "field_16": null }, "geometry": { "type": "Point", "coordinates": [ -43.9928987, -19.938878 ] } },
{ "type": "Feature", "properties": { "NROCNPJ_PAD": "03106528000138", "STATUS_MAILING": "EMPRESA ELEGÍVEL ONLINE SEM SUCESSO NO CONTATO TELEFÔNICO/EMPRESA ELEGÍVEL PRESENCIAL NÃO VISITADA", "NOME_FANTASIA": "-", "RAZAO_SOCIAL": "KAROLINE PRESENTES LTDA", "RESPONSAVEL": "TEREZA ANTONIA DE OLIVEIRA", "MUNICIPIO": "BELO HORIZONTE", "ENDEE": "RUA PADRE TIAGO DE ALLMEIDA, 145, GOVERNADOR BENEDITO, BELO HORIZONTE, MG", "BANCO": "BDMG", "LINHA_AVAL_NOME": "GIRO", "LATITUDE": "-19.9395186", "LONGITUDE": "-44.0217032", "STATUS_OPERACIONAL": "CARTEIRA", "STATUS": "CARTEIRA", "field_14": null, "field_15": null, "field_16": null }, "geometry": { "type": "Point", "coordinates": [ -44.0217032, -19.9395186 ] } },
{ "type": "Feature", "properties": { "NROCNPJ_PAD": "51985714000137", "STATUS_MAILING": "EMPRESA ELEGÍVEL ONLINE SEM SUCESSO NO CONTATO TELEFÔNICO/EMPRESA ELEGÍVEL PRESENCIAL NÃO VISITADA", "NOME_FANTASIA": "FUNERARIA PAX UNIDAS", "RAZAO_SOCIAL": "FUNERARIA PAX UNIDAS LTDA", "RESPONSAVEL": "-", "MUNICIPIO": "BELO HORIZONTE", "ENDEE": "RUA OSCAR NEGRAO DE LIMA, 376, VILA NOVA GAMELEIRA I, BELO HORIZONTE, MG", "BANCO": "BRADESCO", "LINHA_AVAL_NOME": "CRÉDITO EMERGENCIAL", "LATITUDE": "-19.941233", "LONGITUDE": "-43.9965154", "STATUS_OPERACIONAL": "CARTEIRA", "STATUS": "CARTEIRA", "field_14": null, "field_15": null, "field_16": null }, "geometry": { "type": "Point", "coordinates": [ -43.9965154, -19.941233 ] } },
{ "type": "Feature", "properties": { "NROCNPJ_PAD": "12419108000100", "STATUS_MAILING": "EMPRESA ELEGÍVEL ONLINE SEM SUCESSO NO CONTATO TELEFÔNICO/EMPRESA ELEGÍVEL PRESENCIAL NÃO VISITADA", "NOME_FANTASIA": "ARTES BH DIGITAL", "RAZAO_SOCIAL": "ARTES BH DIGITAL LTDA", "RESPONSAVEL": "MARCUSCESARDOSSANTOS", "MUNICIPIO": "BELO HORIZONTE", "ENDEE": "AVENIDA TERESA CRISTINA, 5750, NOVA GAMELEIRA, BELO HORIZONTE, MG", "BANCO": "SICOOB", "LINHA_AVAL_NOME": "GIRO", "LATITUDE": "-19.941563", "LONGITUDE": "-43.9879966", "STATUS_OPERACIONAL": "CARTEIRA", "STATUS": "CARTEIRA", "field_14": null, "field_15": null, "field_16": null }, "geometry": { "type": "Point", "coordinates": [ -43.9879966, -19.941563 ] } },
{ "type": "Feature", "properties": { "NROCNPJ_PAD": "34157044000141", "STATUS_MAILING": "EMPRESA ELEGÍVEL ONLINE SEM SUCESSO NO CONTATO TELEFÔNICO/EMPRESA ELEGÍVEL PRESENCIAL NÃO VISITADA", "NOME_FANTASIA": "OLIVEIRA PHONES", "RAZAO_SOCIAL": "OLIVEIRA PHONES COMERCIO LTDA", "RESPONSAVEL": "JUANHENRIQUESACRAMENTODEOLIVEIRA", "MUNICIPIO": "BELO HORIZONTE", "ENDEE": "AVENIDA MIGUEL MOYSES, 428, NOVA GAMELEIRA, 30510-190, BELO HORIZONTE", "BANCO": "-", "LINHA_AVAL_NOME": "GIRO", "LATITUDE": "-19.9435633", "LONGITUDE": "-43.9929508", "STATUS_OPERACIONAL": "CARTEIRA", "STATUS": "CARTEIRA", "field_14": null, "field_15": null, "field_16": null }, "geometry": { "type": "Point", "coordinates": [ -43.9929508, -19.9435633 ] } },
{ "type": "Feature", "properties": { "NROCNPJ_PAD": "43122702000150", "STATUS_MAILING": "EMPRESA ELEGÍVEL ONLINE SEM SUCESSO NO CONTATO TELEFÔNICO/EMPRESA ELEGÍVEL PRESENCIAL NÃO VISITADA", "NOME_FANTASIA": "KV ESQUADRIAS", "RAZAO_SOCIAL": "43.122.702 VERONICA CRISTINA NUNES DA SILVA", "RESPONSAVEL": "VERONICACRISTINANUNESDASILVA", "MUNICIPIO": "BELO HORIZONTE", "ENDEE": "RUA TAMBU, 169, NOVA GAMELEIRA, 30510-750, BELO HORIZONTE", "BANCO": "-", "LINHA_AVAL_NOME": "EMPREENDEDORISMO FEM", "LATITUDE": "-19.9438363", "LONGITUDE": "-43.9963938", "STATUS_OPERACIONAL": "CARTEIRA", "STATUS": "CARTEIRA", "field_14": null, "field_15": null, "field_16": null }, "geometry": { "type": "Point", "coordinates": [ -43.9963938, -19.9438363 ] } },
{ "type": "Feature", "properties": { "NROCNPJ_PAD": "02611196000186", "STATUS_MAILING": "EMPRESA ELEGÍVEL ONLINE SEM SUCESSO NO CONTATO TELEFÔNICO/EMPRESA ELEGÍVEL PRESENCIAL NÃO VISITADA", "NOME_FANTASIA": "MARMORES", "RAZAO_SOCIAL": "MARMORES LTDA", "RESPONSAVEL": "OZANILDE ROSA DAMAS", "MUNICIPIO": "BELO HORIZONTE", "ENDEE": "RUA ALCIDES GONCALVES, 93, CAMARGOS, BELO HORIZONTE, MG", "BANCO": "BRADESCO", "LINHA_AVAL_NOME": "GIRO", "LATITUDE": "-19.9439044", "LONGITUDE": "-44.01898", "STATUS_OPERACIONAL": "CARTEIRA", "STATUS": "CARTEIRA", "field_14": null, "field_15": null, "field_16": null }, "geometry": { "type": "Point", "coordinates": [ -44.01898, -19.9439044 ] } },
{ "type": "Feature", "properties": { "NROCNPJ_PAD": "22851459000131", "STATUS_MAILING": "EMPRESA ELEGÍVEL ONLINE SEM SUCESSO NO CONTATO TELEFÔNICO/EMPRESA ELEGÍVEL PRESENCIAL NÃO VISITADA", "NOME_FANTASIA": "RESTAURANTE E BAR E VDN TRANSPORTES", "RAZAO_SOCIAL": "22.851.459 VANDINO DO NASCIMENTO", "RESPONSAVEL": "VANDINO DO NASCIMENTO", "MUNICIPIO": "BELO HORIZONTE", "ENDEE": "RUA CONDE DE PALMA, 16, MADRE GERTRUDES, BELO HORIZONTE, MG", "BANCO": "BDMG", "LINHA_AVAL_NOME": "GIRO", "LATITUDE": "-19.9473503", "LONGITUDE": "-44.0015295", "STATUS_OPERACIONAL": "CARTEIRA", "STATUS": "CARTEIRA", "field_14": null, "field_15": null, "field_16": null }, "geometry": { "type": "Point", "coordinates": [ -44.0015295, -19.9473503 ] } },
{ "type": "Feature", "properties": { "NROCNPJ_PAD": "60109671000117", "STATUS_MAILING": "EMPRESA ELEGÍVEL ONLINE SEM SUCESSO NO CONTATO TELEFÔNICO/EMPRESA ELEGÍVEL PRESENCIAL NÃO VISITADA", "NOME_FANTASIA": "-", "RAZAO_SOCIAL": "INSTITUTO ISABEL CASTRO LTDA", "RESPONSAVEL": "ISABELCRISTINARODRIGUESDECASTRO", "MUNICIPIO": "BELO HORIZONTE", "ENDEE": "RUA CAMPO BELO, 288, APT 103, SAO PEDRO, 30330-330, BELO HORIZONTE", "BANCO": "-", "LINHA_AVAL_NOME": "EMPREENDEDORISMO FEM", "LATITUDE": "-19.948639", "LONGITUDE": "-43.9379786", "STATUS_OPERACIONAL": "CARTEIRA", "STATUS": "CARTEIRA", "field_14": null, "field_15": null, "field_16": null }, "geometry": { "type": "Point", "coordinates": [ -43.9379786, -19.948639 ] } },
{ "type": "Feature", "properties": { "NROCNPJ_PAD": "31507303000129", "STATUS_MAILING": "EMPRESA ELEGÍVEL ONLINE SEM SUCESSO NO CONTATO TELEFÔNICO/EMPRESA ELEGÍVEL PRESENCIAL NÃO VISITADA", "NOME_FANTASIA": "DARK RODAS", "RAZAO_SOCIAL": "DARK RODAS E PNEUS LTDA", "RESPONSAVEL": "VALDEIR SOARES BARBOSA", "MUNICIPIO": "BELO HORIZONTE", "ENDEE": "AVENIDA TERESA CRISTINA, 8197, SALGADO FILHO, BELO HORIZONTE, MG", "BANCO": "SICOOB", "LINHA_AVAL_NOME": "EMPREENDEDORISMO FEM", "LATITUDE": "-19.9496224", "LONGITUDE": "-43.983197", "STATUS_OPERACIONAL": "CARTEIRA", "STATUS": "CARTEIRA", "field_14": null, "field_15": null, "field_16": null }, "geometry": { "type": "Point", "coordinates": [ -43.983197, -19.9496224 ] } },
{ "type": "Feature", "properties": { "NROCNPJ_PAD": "41574452000164", "STATUS_MAILING": "EMPRESA ELEGÍVEL ONLINE SEM SUCESSO NO CONTATO TELEFÔNICO/EMPRESA ELEGÍVEL PRESENCIAL NÃO VISITADA", "NOME_FANTASIA": "COMMUNICARE", "RAZAO_SOCIAL": "COMMUNICARE PUBLICIDADE E COMUNICACAO LTDA", "RESPONSAVEL": "JOAO PEDRO GOMES DOS REIS", "MUNICIPIO": "BELO HORIZONTE", "ENDEE": "RUA EUGENIO MURILO RUBIAO, 222, ANCHIETA, BELO HORIZONTE, MG", "BANCO": "BDMG", "LINHA_AVAL_NOME": "GIRO", "LATITUDE": "-19.9527267", "LONGITUDE": "-43.9274265", "STATUS_OPERACIONAL": "CARTEIRA", "STATUS": "CARTEIRA", "field_14": null, "field_15": null, "field_16": null }, "geometry": { "type": "Point", "coordinates": [ -43.9274265, -19.9527267 ] } },
{ "type": "Feature", "properties": { "NROCNPJ_PAD": "60956914000152", "STATUS_MAILING": "EMPRESA ELEGÍVEL ONLINE SEM SUCESSO NO CONTATO TELEFÔNICO/EMPRESA ELEGÍVEL PRESENCIAL NÃO VISITADA", "NOME_FANTASIA": "-", "RAZAO_SOCIAL": "NIKOLE G. SOARES SERVICOS MEDICOS LTDA", "RESPONSAVEL": "NIKOLEGUIMARAESSOARESLELLO", "MUNICIPIO": "BELO HORIZONTE", "ENDEE": "AVENIDA RAJA GABAGLIA, 2000, ALPES, BELO HORIZONTE, MG", "BANCO": "SICOOB", "LINHA_AVAL_NOME": "EMPREENDEDORISMO FEM", "LATITUDE": "-19.9540113", "LONGITUDE": "-43.9596325", "STATUS_OPERACIONAL": "CARTEIRA", "STATUS": "CARTEIRA", "field_14": null, "field_15": null, "field_16": null }, "geometry": { "type": "Point", "coordinates": [ -43.9596325, -19.9540113 ] } },
{ "type": "Feature", "properties": { "NROCNPJ_PAD": "55780352000107", "STATUS_MAILING": "EMPRESA ELEGÍVEL ONLINE SEM SUCESSO NO CONTATO TELEFÔNICO/EMPRESA ELEGÍVEL PRESENCIAL NÃO VISITADA", "NOME_FANTASIA": "BH BETANIA WIZIDIOMAS", "RAZAO_SOCIAL": "DLLON SOLUCOES EDUCACIONAIS LTDA", "RESPONSAVEL": "-", "MUNICIPIO": "BELO HORIZONTE", "ENDEE": "RUA URSULA PAULINO, 946, CINQUENTENARIO, BELO HORIZONTE, MG", "BANCO": "BRADESCO", "LINHA_AVAL_NOME": "INVESTIMENTO + GIRO", "LATITUDE": "-19.956001", "LONGITUDE": "-43.985691", "STATUS_OPERACIONAL": "CARTEIRA", "STATUS": "CARTEIRA", "field_14": null, "field_15": null, "field_16": null }, "geometry": { "type": "Point", "coordinates": [ -43.985691, -19.956001 ] } },
{ "type": "Feature", "properties": { "NROCNPJ_PAD": "06942793000144", "STATUS_MAILING": "EMPRESA ELEGÍVEL ONLINE SEM SUCESSO NO CONTATO TELEFÔNICO/EMPRESA ELEGÍVEL PRESENCIAL NÃO VISITADA", "NOME_FANTASIA": "ELETRO PAINEL", "RAZAO_SOCIAL": "ELETRO PAINEL E MONTAGEM LTDA", "RESPONSAVEL": "DAYANE CRISTINA DA SILVA PENA", "MUNICIPIO": "BELO HORIZONTE", "ENDEE": "RUA DOUTOR RIBEIRO PENA, 190, BAIRRO DAS INDUSTRIAS I, BELO HORIZONTE, MG", "BANCO": "BRADESCO", "LINHA_AVAL_NOME": "EMPREENDEDORISMO FEM", "LATITUDE": "-19.9569655", "LONGITUDE": "-44.0117105", "STATUS_OPERACIONAL": "CARTEIRA", "STATUS": "CARTEIRA", "field_14": null, "field_15": null, "field_16": null }, "geometry": { "type": "Point", "coordinates": [ -44.0117105, -19.9569655 ] } },
{ "type": "Feature", "properties": { "NROCNPJ_PAD": "42794542000123", "STATUS_MAILING": "EMPRESA ELEGÍVEL ONLINE SEM SUCESSO NO CONTATO TELEFÔNICO/EMPRESA ELEGÍVEL PRESENCIAL NÃO VISITADA", "NOME_FANTASIA": "PAULINHO MOTOS", "RAZAO_SOCIAL": "PAULINHO MOTOS SERVICOS E COMERCIO DE PECAS LTDA", "RESPONSAVEL": "PAULOHENRIQUEEVANGELISTADIAS", "MUNICIPIO": "BELO HORIZONTE", "ENDEE": "RUA JULIO DE CASTILHO, 500, CINQUENTENARIO, 30570-080, BELO HORIZONTE", "BANCO": "-", "LINHA_AVAL_NOME": "GIRO", "LATITUDE": "-19.95872", "LONGITUDE": "-43.9822767", "STATUS_OPERACIONAL": "CARTEIRA", "STATUS": "CARTEIRA", "field_14": null, "field_15": null, "field_16": null }, "geometry": { "type": "Point", "coordinates": [ -43.9822767, -19.95872 ] } },
{ "type": "Feature", "properties": { "NROCNPJ_PAD": "15135978000138", "STATUS_MAILING": "EMPRESA ELEGÍVEL ONLINE SEM SUCESSO NO CONTATO TELEFÔNICO/EMPRESA ELEGÍVEL PRESENCIAL NÃO VISITADA", "NOME_FANTASIA": "-", "RAZAO_SOCIAL": "MOURA E FILHAS ARTES E PRESENTES LTDA", "RESPONSAVEL": "HUMBERTO MARTINS DE LIMA", "MUNICIPIO": "BELO HORIZONTE", "ENDEE": "RUA KEPLER, 441, SANTA LUCIA, BELO HORIZONTE, MG", "BANCO": "BDMG", "LINHA_AVAL_NOME": "GIRO", "LATITUDE": "-19.9634313", "LONGITUDE": "-43.9493039", "STATUS_OPERACIONAL": "CARTEIRA", "STATUS": "CARTEIRA", "field_14": null, "field_15": null, "field_16": null }, "geometry": { "type": "Point", "coordinates": [ -43.9493039, -19.9634313 ] } },
{ "type": "Feature", "properties": { "NROCNPJ_PAD": "06132755000126", "STATUS_MAILING": "EMPRESA ELEGÍVEL ONLINE SEM SUCESSO NO CONTATO TELEFÔNICO/EMPRESA ELEGÍVEL PRESENCIAL NÃO VISITADA", "NOME_FANTASIA": "CONTABILIDADE BURITIS", "RAZAO_SOCIAL": "CONTABILIDADE SHOPPING BURITIS LTDA", "RESPONSAVEL": "VALDO DE MOURA COSTA|WALLACE AZEVEDO ARAUJO", "MUNICIPIO": "BELO HORIZONTE", "ENDEE": "RUA JULIO DE CASTILHO, 1071, PARQUE SAO JOSE, BELO HORIZONTE, MG", "BANCO": "BDMG", "LINHA_AVAL_NOME": "GIRO", "LATITUDE": "-19.9646048", "LONGITUDE": "-43.9806296", "STATUS_OPERACIONAL": "CARTEIRA", "STATUS": "CARTEIRA", "field_14": null, "field_15": null, "field_16": null }, "geometry": { "type": "Point", "coordinates": [ -43.9806296, -19.9646048 ] } },
{ "type": "Feature", "properties": { "NROCNPJ_PAD": "40194667000197", "STATUS_MAILING": "EMPRESA ELEGÍVEL ONLINE SEM SUCESSO NO CONTATO TELEFÔNICO/EMPRESA ELEGÍVEL PRESENCIAL NÃO VISITADA", "NOME_FANTASIA": "LEANDRO TRANSPORTES", "RAZAO_SOCIAL": "TRANSPORTADORA LEANDRO SILVA LTDA", "RESPONSAVEL": "-", "MUNICIPIO": "BELO HORIZONTE", "ENDEE": "RUA DOS INDUSTRIARIOS, 770, BAIRRO DAS INDUSTRIAS I, BELO HORIZONTE, MG", "BANCO": "BRADESCO", "LINHA_AVAL_NOME": "GIRO", "LATITUDE": "-19.9663775", "LONGITUDE": "-43.9982121", "STATUS_OPERACIONAL": "CARTEIRA", "STATUS": "CARTEIRA", "field_14": null, "field_15": null, "field_16": null }, "geometry": { "type": "Point", "coordinates": [ -43.9982121, -19.9663775 ] } },
{ "type": "Feature", "properties": { "NROCNPJ_PAD": "40288506000162", "STATUS_MAILING": "EMPRESA ELEGÍVEL ONLINE SEM SUCESSO NO CONTATO TELEFÔNICO/EMPRESA ELEGÍVEL PRESENCIAL NÃO VISITADA", "NOME_FANTASIA": "FLUENT FOR REAL", "RAZAO_SOCIAL": "RMC IDIOMAS LTDA", "RESPONSAVEL": "RENATANOGUEIRASTARLING", "MUNICIPIO": "BELO HORIZONTE", "ENDEE": "RUA LUA, 475, APT 202, SANTA LUCIA, 30360-600, BELO HORIZONTE", "BANCO": "-", "LINHA_AVAL_NOME": "EMPREENDEDORISMO FEM", "LATITUDE": "-19.9693544", "LONGITUDE": "-43.9489478", "STATUS_OPERACIONAL": "CARTEIRA", "STATUS": "CARTEIRA", "field_14": null, "field_15": null, "field_16": null }, "geometry": { "type": "Point", "coordinates": [ -43.9489478, -19.9693544 ] } },
{ "type": "Feature", "properties": { "NROCNPJ_PAD": "59253202000198", "STATUS_MAILING": "EMPRESA ELEGÍVEL ONLINE SEM SUCESSO NO CONTATO TELEFÔNICO/EMPRESA ELEGÍVEL PRESENCIAL NÃO VISITADA", "NOME_FANTASIA": "-", "RAZAO_SOCIAL": "59.253.202 DIANE LUIZA CORGOZINHO", "RESPONSAVEL": "DIANELUIZACORGOZINHO", "MUNICIPIO": "BELO HORIZONTE", "ENDEE": "AVENIDA DOM JOAO VI, 1512, PALMEIRAS, BELO HORIZONTE, MG", "BANCO": "SICOOB", "LINHA_AVAL_NOME": "EMPREENDEDORISMO FEM", "LATITUDE": "-19.9695105", "LONGITUDE": "-43.980979", "STATUS_OPERACIONAL": "CARTEIRA", "STATUS": "CARTEIRA", "field_14": null, "field_15": null, "field_16": null }, "geometry": { "type": "Point", "coordinates": [ -43.980979, -19.9695105 ] } },
{ "type": "Feature", "properties": { "NROCNPJ_PAD": "20279960000140", "STATUS_MAILING": "EMPRESA ELEGÍVEL ONLINE SEM SUCESSO NO CONTATO TELEFÔNICO/EMPRESA ELEGÍVEL PRESENCIAL NÃO VISITADA", "NOME_FANTASIA": "MINDSET EDUCACAO CORPORATIVA", "RAZAO_SOCIAL": "ERIKA NAHASS DE MOURA LTDA", "RESPONSAVEL": "ERIKANAHASSDEMOURA", "MUNICIPIO": "BELO HORIZONTE", "ENDEE": "RUA MARIA HEILBUTH SURETTE, 609, BURITIS, BELO HORIZONTE, MG", "BANCO": "SICOOB", "LINHA_AVAL_NOME": "EMPREENDEDORISMO FEM", "LATITUDE": "-19.9717029", "LONGITUDE": "-43.9745527", "STATUS_OPERACIONAL": "CARTEIRA", "STATUS": "CARTEIRA", "field_14": null, "field_15": null, "field_16": null }, "geometry": { "type": "Point", "coordinates": [ -43.9745527, -19.9717029 ] } },
{ "type": "Feature", "properties": { "NROCNPJ_PAD": "29529968000191", "STATUS_MAILING": "EMPRESA ELEGÍVEL ONLINE SEM SUCESSO NO CONTATO TELEFÔNICO/EMPRESA ELEGÍVEL PRESENCIAL NÃO VISITADA", "NOME_FANTASIA": "MAIS VALOR ENGENHARIA", "RAZAO_SOCIAL": "MAIS VALOR ENGENHARIA LTDA", "RESPONSAVEL": "RICARDO FERREIRA FERNANDES", "MUNICIPIO": "BELO HORIZONTE", "ENDEE": "RUA CONSUL WALTER, 435, BURITIS, BELO HORIZONTE, MG", "BANCO": "BDMG", "LINHA_AVAL_NOME": "GIRO", "LATITUDE": "-19.9737031", "LONGITUDE": "-43.9711928", "STATUS_OPERACIONAL": "CARTEIRA", "STATUS": "CARTEIRA", "field_14": null, "field_15": null, "field_16": null }, "geometry": { "type": "Point", "coordinates": [ -43.9711928, -19.9737031 ] } },
{ "type": "Feature", "properties": { "NROCNPJ_PAD": "29872442000100", "STATUS_MAILING": "EMPRESA ELEGÍVEL ONLINE SEM SUCESSO NO CONTATO TELEFÔNICO/EMPRESA ELEGÍVEL PRESENCIAL NÃO VISITADA", "NOME_FANTASIA": "-", "RAZAO_SOCIAL": "ALINE KEITE GOMES DE SOUZA 10085702650", "RESPONSAVEL": "ALINEKEITEGOMESDESOUZAOLIVEIRA", "MUNICIPIO": "BELO HORIZONTE", "ENDEE": "AVENIDA LUIZ PAULO FRANCO, 705, LOJA 5, BELVEDERE, 30320-570, BELO HORIZONTE", "BANCO": "-", "LINHA_AVAL_NOME": "EMPREENDEDORISMO FEM", "LATITUDE": "-19.9750613", "LONGITUDE": "-43.9423901", "STATUS_OPERACIONAL": "CARTEIRA", "STATUS": "CARTEIRA", "field_14": null, "field_15": null, "field_16": null }, "geometry": { "type": "Point", "coordinates": [ -43.9423901, -19.9750613 ] } },
{ "type": "Feature", "properties": { "NROCNPJ_PAD": "39309770000156", "STATUS_MAILING": "EMPRESA ELEGÍVEL ONLINE SEM SUCESSO NO CONTATO TELEFÔNICO/EMPRESA ELEGÍVEL PRESENCIAL NÃO VISITADA", "NOME_FANTASIA": "-", "RAZAO_SOCIAL": "DIONIZIO LOPES ASSESSORIA E TREINAMENTO LTDA", "RESPONSAVEL": "DIONIZIOLOPESDASILVAFILHO", "MUNICIPIO": "BELO HORIZONTE", "ENDEE": "RUA DOS CACTOS, 54, LINDEIA, BELO HORIZONTE, MG", "BANCO": "SICOOB", "LINHA_AVAL_NOME": "GIRO", "LATITUDE": "-19.975383", "LONGITUDE": "-44.0556935", "STATUS_OPERACIONAL": "CARTEIRA", "STATUS": "CARTEIRA", "field_14": null, "field_15": null, "field_16": null }, "geometry": { "type": "Point", "coordinates": [ -44.0556935, -19.975383 ] } },
{ "type": "Feature", "properties": { "NROCNPJ_PAD": "58359405000109", "STATUS_MAILING": "EMPRESA ELEGÍVEL ONLINE SEM SUCESSO NO CONTATO TELEFÔNICO/EMPRESA ELEGÍVEL PRESENCIAL NÃO VISITADA", "NOME_FANTASIA": "-", "RAZAO_SOCIAL": "NEURONIO BARREIRO LTDA", "RESPONSAVEL": "PEDROGUSTAVOMAIAGOMES", "MUNICIPIO": "BELO HORIZONTE", "ENDEE": "RUA FLAVIO MARQUES LISBOA, 364, BARREIRO, BELO HORIZONTE, MG", "BANCO": "SICOOB", "LINHA_AVAL_NOME": "GIRO", "LATITUDE": "-19.9754182", "LONGITUDE": "-44.0150981", "STATUS_OPERACIONAL": "CARTEIRA", "STATUS": "CARTEIRA", "field_14": null, "field_15": null, "field_16": null }, "geometry": { "type": "Point", "coordinates": [ -44.0150981, -19.9754182 ] } },
{ "type": "Feature", "properties": { "NROCNPJ_PAD": "18695296000178", "STATUS_MAILING": "EMPRESA ELEGÍVEL ONLINE SEM SUCESSO NO CONTATO TELEFÔNICO/EMPRESA ELEGÍVEL PRESENCIAL NÃO VISITADA", "NOME_FANTASIA": "VIVA DIDIZINHO BASCULAS", "RAZAO_SOCIAL": "DIDIZINHO BASCULAS LTDA", "RESPONSAVEL": "KARLA CLARK BRAGA|VILMAR DE CASTRO BRAGA", "MUNICIPIO": "BELO HORIZONTE", "ENDEE": "AVENIDA AFONSO VAZ DE MELO, 901, BARREIRO DE BAIXO, BELO HORIZONTE, MG", "BANCO": "BRADESCO", "LINHA_AVAL_NOME": "EMPREENDEDORISMO FEM", "LATITUDE": "-19.9757515", "LONGITUDE": "-44.0233006", "STATUS_OPERACIONAL": "CARTEIRA", "STATUS": "CARTEIRA", "field_14": null, "field_15": null, "field_16": null }, "geometry": { "type": "Point", "coordinates": [ -44.0233006, -19.9757515 ] } },
{ "type": "Feature", "properties": { "NROCNPJ_PAD": "28034495000199", "STATUS_MAILING": "EMPRESA ELEGÍVEL ONLINE SEM SUCESSO NO CONTATO TELEFÔNICO/EMPRESA ELEGÍVEL PRESENCIAL NÃO VISITADA", "NOME_FANTASIA": "GLF", "RAZAO_SOCIAL": "GLF PRESTACAO DE SERVICOS & CONSTRUTORA LTDA", "RESPONSAVEL": "CLELMA ANTONIETA DE FATIMA COUTO", "MUNICIPIO": "BELO HORIZONTE", "ENDEE": "AVENIDA SINFRONIO BROCHADO, 398, BARREIRO, BELO HORIZONTE, MG", "BANCO": "BRADESCO", "LINHA_AVAL_NOME": "GIRO", "LATITUDE": "-19.9760148", "LONGITUDE": "-44.0162513", "STATUS_OPERACIONAL": "CARTEIRA", "STATUS": "CARTEIRA", "field_14": null, "field_15": null, "field_16": null }, "geometry": { "type": "Point", "coordinates": [ -44.0162513, -19.9760148 ] } },
{ "type": "Feature", "properties": { "NROCNPJ_PAD": "23245627000108", "STATUS_MAILING": "EMPRESA ELEGÍVEL ONLINE SEM SUCESSO NO CONTATO TELEFÔNICO/EMPRESA ELEGÍVEL PRESENCIAL NÃO VISITADA", "NOME_FANTASIA": "ATERRA CONSTRUCOES & TERRAPLENAGEM", "RAZAO_SOCIAL": "ATERRA CONSTRUCOES & TERRAPLENAGEM LTDA", "RESPONSAVEL": "BRENO SOUZA RAMOS|PEDRO PAULO SOARES MOREIRA PINTO", "MUNICIPIO": "BELO HORIZONTE", "ENDEE": "RUA FLAVIO MARQUES LISBOA, 511, ANDAR 2 SALA 01, BARREIRO, 30640-050, BELO HORIZONTE", "BANCO": "-", "LINHA_AVAL_NOME": "GIRO", "LATITUDE": "-19.9765257", "LONGITUDE": "-44.0145091", "STATUS_OPERACIONAL": "CARTEIRA", "STATUS": "CARTEIRA", "field_14": null, "field_15": null, "field_16": null }, "geometry": { "type": "Point", "coordinates": [ -44.0145091, -19.9765257 ] } },
{ "type": "Feature", "properties": { "NROCNPJ_PAD": "33008838000180", "STATUS_MAILING": "EMPRESA ELEGÍVEL ONLINE SEM SUCESSO NO CONTATO TELEFÔNICO/EMPRESA ELEGÍVEL PRESENCIAL NÃO VISITADA", "NOME_FANTASIA": "SELETO TRAJES", "RAZAO_SOCIAL": "SELETO TRAJES ARTIGOS DO VESTUARIO LTDA", "RESPONSAVEL": "MAICON LEONARDO XAVIER AMORIM|MAICONLEONARDOXAVIERAMORIM|MARIANA MARQUES PARANAIBA|MARIANAMARQUESPARANAIBA", "MUNICIPIO": "BELO HORIZONTE", "ENDEE": "RUA AGNELO MACEDO, 340, BARREIRO, BELO HORIZONTE, MG", "BANCO": "ESTÍMULO", "LINHA_AVAL_NOME": "INVESTIMENTO + GIRO", "LATITUDE": "-19.976836", "LONGITUDE": "-44.018951", "STATUS_OPERACIONAL": "CARTEIRA", "STATUS": "CARTEIRA", "field_14": null, "field_15": null, "field_16": null }, "geometry": { "type": "Point", "coordinates": [ -44.018951, -19.976836 ] } },
{ "type": "Feature", "properties": { "NROCNPJ_PAD": "14454394000162", "STATUS_MAILING": "EMPRESA ELEGÍVEL ONLINE SEM SUCESSO NO CONTATO TELEFÔNICO/EMPRESA ELEGÍVEL PRESENCIAL NÃO VISITADA", "NOME_FANTASIA": "-", "RAZAO_SOCIAL": "JCG SERVICOS LTDA", "RESPONSAVEL": "JOAOPEDROFERNANDESGONCALVES|JULIOCESARGONCALVES", "MUNICIPIO": "BELO HORIZONTE", "ENDEE": "RUA VILA DA BARRA, 355, SALA 01, BARREIRO, 30640-450, BELO HORIZONTE", "BANCO": "-", "LINHA_AVAL_NOME": "GIRO", "LATITUDE": "-19.9799798", "LONGITUDE": "-44.0236985", "STATUS_OPERACIONAL": "CARTEIRA", "STATUS": "CARTEIRA", "field_14": null, "field_15": null, "field_16": null }, "geometry": { "type": "Point", "coordinates": [ -44.0236985, -19.9799798 ] } },
{ "type": "Feature", "properties": { "NROCNPJ_PAD": "10234157000135", "STATUS_MAILING": "EMPRESA ELEGÍVEL ONLINE SEM SUCESSO NO CONTATO TELEFÔNICO/EMPRESA ELEGÍVEL PRESENCIAL NÃO VISITADA", "NOME_FANTASIA": "-", "RAZAO_SOCIAL": "MINAS GESSO LTDA", "RESPONSAVEL": "JOSE DUTRA PEREIRA DE FREITAS FILHO|TERESINHA DE JESUS DA FONSECA CARVALHO|THIAGO DE FREITAS CARVALHO", "MUNICIPIO": "BELO HORIZONTE", "ENDEE": "RUA DAS PETUNIAS, 2030, LINDEIA, BELO HORIZONTE, MG", "BANCO": "BDMG", "LINHA_AVAL_NOME": "GIRO", "LATITUDE": "-19.9808351", "LONGITUDE": "-44.0535248", "STATUS_OPERACIONAL": "CARTEIRA", "STATUS": "CARTEIRA", "field_14": null, "field_15": null, "field_16": null }, "geometry": { "type": "Point", "coordinates": [ -44.0535248, -19.9808351 ] } },
{ "type": "Feature", "properties": { "NROCNPJ_PAD": "65101911000150", "STATUS_MAILING": "EMPRESA ELEGÍVEL ONLINE SEM SUCESSO NO CONTATO TELEFÔNICO/EMPRESA ELEGÍVEL PRESENCIAL NÃO VISITADA", "NOME_FANTASIA": "-", "RAZAO_SOCIAL": "65.101.911 KEZIA CRISTINA DA SILVA", "RESPONSAVEL": "KEZIACRISTINADASILVA", "MUNICIPIO": "BELO HORIZONTE", "ENDEE": "RUA CARIRI, 176, MILIONARIOS (BARREIRO), 30620-580, BELO HORIZONTE", "BANCO": "-", "LINHA_AVAL_NOME": "EMPREENDEDORISMO FEM", "LATITUDE": "-19.9819946", "LONGITUDE": "-43.9964158", "STATUS_OPERACIONAL": "CARTEIRA", "STATUS": "CARTEIRA", "field_14": null, "field_15": null, "field_16": null }, "geometry": { "type": "Point", "coordinates": [ -43.9964158, -19.9819946 ] } },
{ "type": "Feature", "properties": { "NROCNPJ_PAD": "30327982000191", "STATUS_MAILING": "EMPRESA ELEGÍVEL ONLINE SEM SUCESSO NO CONTATO TELEFÔNICO/EMPRESA ELEGÍVEL PRESENCIAL NÃO VISITADA", "NOME_FANTASIA": "-", "RAZAO_SOCIAL": "30.327.982 SAMUEL GUSTAVO DINIZ FERREIRA", "RESPONSAVEL": "SAMUELGUSTAVODINIZFERREIRA", "MUNICIPIO": "BELO HORIZONTE", "ENDEE": "RUA TRINTA E QUATRO, 255, TIROL (BARREIRO), BELO HORIZONTE, MG", "BANCO": "SICOOB", "LINHA_AVAL_NOME": "GIRO", "LATITUDE": "-19.9858402", "LONGITUDE": "-44.0381049", "STATUS_OPERACIONAL": "CARTEIRA", "STATUS": "CARTEIRA", "field_14": null, "field_15": null, "field_16": null }, "geometry": { "type": "Point", "coordinates": [ -44.0381049, -19.9858402 ] } },
{ "type": "Feature", "properties": { "NROCNPJ_PAD": "11427979000103", "STATUS_MAILING": "EMPRESA ELEGÍVEL ONLINE SEM SUCESSO NO CONTATO TELEFÔNICO/EMPRESA ELEGÍVEL PRESENCIAL NÃO VISITADA", "NOME_FANTASIA": "MR ASSESSORIA E CONSULTORIA", "RAZAO_SOCIAL": "MARILIA GABRIELA E RODRIGUES LTDA", "RESPONSAVEL": "MARIA LUIZA RODRIGUES OLIVEIRA|MARILIA GABRIELA RODRIGUES", "MUNICIPIO": "BELO HORIZONTE", "ENDEE": "RUA DOM JOAQUIM, 295, ARAGUAIA, 30620-130, BELO HORIZONTE", "BANCO": "-", "LINHA_AVAL_NOME": "GIRO", "LATITUDE": "-19.9880809", "LONGITUDE": "-44.0054559", "STATUS_OPERACIONAL": "CARTEIRA", "STATUS": "CARTEIRA", "field_14": null, "field_15": null, "field_16": null }, "geometry": { "type": "Point", "coordinates": [ -44.0054559, -19.9880809 ] } },
{ "type": "Feature", "properties": { "NROCNPJ_PAD": "65311144000104", "STATUS_MAILING": "EMPRESA ELEGÍVEL ONLINE SEM SUCESSO NO CONTATO TELEFÔNICO/EMPRESA ELEGÍVEL PRESENCIAL NÃO VISITADA", "NOME_FANTASIA": "LU MODAS", "RAZAO_SOCIAL": "LU MODAS LTDA.", "RESPONSAVEL": "JOSE GERALDO VIANA|NEIDE GONCALVES DE OLIVEIRA VIANA", "MUNICIPIO": "BELO HORIZONTE", "ENDEE": "RUA SILVA GUIMARAES, 154, JATOBA, BELO HORIZONTE, MG", "BANCO": "BDMG", "LINHA_AVAL_NOME": "GIRO", "LATITUDE": "-19.9889516", "LONGITUDE": "-44.0558474", "STATUS_OPERACIONAL": "CARTEIRA", "STATUS": "CARTEIRA", "field_14": null, "field_15": null, "field_16": null }, "geometry": { "type": "Point", "coordinates": [ -44.0558474, -19.9889516 ] } },
{ "type": "Feature", "properties": { "NROCNPJ_PAD": "13540735000150", "STATUS_MAILING": "EMPRESA ELEGÍVEL ONLINE SEM SUCESSO NO CONTATO TELEFÔNICO/EMPRESA ELEGÍVEL PRESENCIAL NÃO VISITADA", "NOME_FANTASIA": "-", "RAZAO_SOCIAL": "LANTACAR LTDA", "RESPONSAVEL": "MAGNODEIVIDALVES", "MUNICIPIO": "BELO HORIZONTE", "ENDEE": "RUA ANTONIO EUSTAQUIO PIAZZA, 4007, TIROL, BELO HORIZONTE, MG", "BANCO": "SICOOB", "LINHA_AVAL_NOME": "GIRO", "LATITUDE": "-19.9902882", "LONGITUDE": "-44.0445136", "STATUS_OPERACIONAL": "CARTEIRA", "STATUS": "CARTEIRA", "field_14": null, "field_15": null, "field_16": null }, "geometry": { "type": "Point", "coordinates": [ -44.0445136, -19.9902882 ] } },
{ "type": "Feature", "properties": { "NROCNPJ_PAD": "16915381000179", "STATUS_MAILING": "EMPRESA ELEGÍVEL ONLINE SEM SUCESSO NO CONTATO TELEFÔNICO/EMPRESA ELEGÍVEL PRESENCIAL NÃO VISITADA", "NOME_FANTASIA": "CASASHOP", "RAZAO_SOCIAL": "COMERCIAL DAKASA LTDA", "RESPONSAVEL": "RAFAELNICOLAUDESOUZA", "MUNICIPIO": "BELO HORIZONTE", "ENDEE": "RUA TREM DE FERRO, 16, ITAIPU, BELO HORIZONTE, MG", "BANCO": "SICOOB", "LINHA_AVAL_NOME": "GIRO", "LATITUDE": "-19.991616", "LONGITUDE": "-44.055647", "STATUS_OPERACIONAL": "CARTEIRA", "STATUS": "CARTEIRA", "field_14": null, "field_15": null, "field_16": null }, "geometry": { "type": "Point", "coordinates": [ -44.055647, -19.991616 ] } },
{ "type": "Feature", "properties": { "NROCNPJ_PAD": "37116497000118", "STATUS_MAILING": "EMPRESA ELEGÍVEL ONLINE SEM SUCESSO NO CONTATO TELEFÔNICO/EMPRESA ELEGÍVEL PRESENCIAL NÃO VISITADA", "NOME_FANTASIA": "TREM BAO DI ROCA", "RAZAO_SOCIAL": "LATICINIOS MOEDA VELHA LTDA", "RESPONSAVEL": "LILIANKEIKOADANIA", "MUNICIPIO": "BELO HORIZONTE", "ENDEE": "RUA SILVA GUIMARAES, 10, JATOBA, BELO HORIZONTE, MG", "BANCO": "SICOOB", "LINHA_AVAL_NOME": "EMPREENDEDORISMO FEM", "LATITUDE": "-19.9918324", "LONGITUDE": "-44.055805", "STATUS_OPERACIONAL": "CARTEIRA", "STATUS": "CARTEIRA", "field_14": null, "field_15": null, "field_16": null }, "geometry": { "type": "Point", "coordinates": [ -44.055805, -19.9918324 ] } },
{ "type": "Feature", "properties": { "NROCNPJ_PAD": "55697241000123", "STATUS_MAILING": "EMPRESA ELEGÍVEL ONLINE SEM SUCESSO NO CONTATO TELEFÔNICO/EMPRESA ELEGÍVEL PRESENCIAL NÃO VISITADA", "NOME_FANTASIA": "CASA DE CARNES FRIGO DINO", "RAZAO_SOCIAL": "CASA DE CARNES FRIGO DINO LTDA", "RESPONSAVEL": "DIONOMARQUESAPARECIDODACRUZ", "MUNICIPIO": "BELO HORIZONTE", "ENDEE": "RUA SILVA GUIMARAES, 30, JATOBA, BELO HORIZONTE, MG", "BANCO": "SICOOB", "LINHA_AVAL_NOME": "GIRO", "LATITUDE": "-19.9920022", "LONGITUDE": "-44.0558248", "STATUS_OPERACIONAL": "CARTEIRA", "STATUS": "CARTEIRA", "field_14": null, "field_15": null, "field_16": null }, "geometry": { "type": "Point", "coordinates": [ -44.0558248, -19.9920022 ] } },
{ "type": "Feature", "properties": { "NROCNPJ_PAD": "23937257000170", "STATUS_MAILING": "EMPRESA ELEGÍVEL ONLINE SEM SUCESSO NO CONTATO TELEFÔNICO/EMPRESA ELEGÍVEL PRESENCIAL NÃO VISITADA", "NOME_FANTASIA": "AMISERVIS", "RAZAO_SOCIAL": "AVANTE CONTABILIDADE E SERVICOS LTDA", "RESPONSAVEL": "CHARLES WILLIAN REZENDE MAIA", "MUNICIPIO": "BELO HORIZONTE", "ENDEE": "AVENIDA MANOEL SALLES BARBOSA, 65, CARDOSO, BELO HORIZONTE, MG", "BANCO": "BRADESCO", "LINHA_AVAL_NOME": "GIRO", "LATITUDE": "-19.9971511", "LONGITUDE": "-44.00798", "STATUS_OPERACIONAL": "CARTEIRA", "STATUS": "CARTEIRA", "field_14": null, "field_15": null, "field_16": null }, "geometry": { "type": "Point", "coordinates": [ -44.00798, -19.9971511 ] } },
{ "type": "Feature", "properties": { "NROCNPJ_PAD": "33912292000198", "STATUS_MAILING": "EMPRESA ELEGÍVEL ONLINE SEM SUCESSO NO CONTATO TELEFÔNICO/EMPRESA ELEGÍVEL PRESENCIAL NÃO VISITADA", "NOME_FANTASIA": "-", "RAZAO_SOCIAL": "IGOR BRUNO MENDES ARAUJO AUTO SERVICOS", "RESPONSAVEL": "IGORBRUNOMENDESARAUJO", "MUNICIPIO": "BELO HORIZONTE", "ENDEE": "RUA MORUNGABA, 297, MARILANDIA, BELO HORIZONTE, MG", "BANCO": "SICOOB", "LINHA_AVAL_NOME": "GIRO", "LATITUDE": "-19.9981198", "LONGITUDE": "-44.0478394", "STATUS_OPERACIONAL": "CARTEIRA", "STATUS": "CARTEIRA", "field_14": null, "field_15": null, "field_16": null }, "geometry": { "type": "Point", "coordinates": [ -44.0478394, -19.9981198 ] } },
{ "type": "Feature", "properties": { "NROCNPJ_PAD": "45378414000197", "STATUS_MAILING": "EMPRESA ELEGÍVEL ONLINE SEM SUCESSO NO CONTATO TELEFÔNICO/EMPRESA ELEGÍVEL PRESENCIAL NÃO VISITADA", "NOME_FANTASIA": "-", "RAZAO_SOCIAL": "VINICIUS DE ALMEIDA COSTA", "RESPONSAVEL": "VINICIUS DE ALMEIDA COSTA", "MUNICIPIO": "BELO HORIZONTE", "ENDEE": "RUA BARAO DO MONTE ALTO, 137, CARDOSO (BARREIRO), BELO HORIZONTE, MG", "BANCO": "BDMG", "LINHA_AVAL_NOME": "GIRO", "LATITUDE": "-20.0005", "LONGITUDE": "-44.00621", "STATUS_OPERACIONAL": "CARTEIRA", "STATUS": "CARTEIRA", "field_14": null, "field_15": null, "field_16": null }, "geometry": { "type": "Point", "coordinates": [ -44.00621, -20.0005 ] } },
{ "type": "Feature", "properties": { "NROCNPJ_PAD": "34727467000150", "STATUS_MAILING": "EMPRESA ELEGÍVEL ONLINE SEM SUCESSO NO CONTATO TELEFÔNICO/EMPRESA ELEGÍVEL PRESENCIAL NÃO VISITADA", "NOME_FANTASIA": "-", "RAZAO_SOCIAL": "34.727.467 ELENIRA ALEXANDRE DE BRITO MAGALHAES", "RESPONSAVEL": "ELENIRA ALEXANDRE DE BRITO MAGALHAES", "MUNICIPIO": "BELO HORIZONTE", "ENDEE": "RUA BARAO DO MONTE ALTO, 567, CARDOSO (BARREIRO), BELO HORIZONTE, MG", "BANCO": "BDMG", "LINHA_AVAL_NOME": "GIRO", "LATITUDE": "-20.0005", "LONGITUDE": "-44.00621", "STATUS_OPERACIONAL": "CARTEIRA", "STATUS": "CARTEIRA", "field_14": null, "field_15": null, "field_16": null }, "geometry": { "type": "Point", "coordinates": [ -44.00621, -20.0005 ] } },
{ "type": "Feature", "properties": { "NROCNPJ_PAD": "30573656000164", "STATUS_MAILING": "EMPRESA ELEGÍVEL ONLINE SEM SUCESSO NO CONTATO TELEFÔNICO/EMPRESA ELEGÍVEL PRESENCIAL NÃO VISITADA", "NOME_FANTASIA": "-", "RAZAO_SOCIAL": "30.573.656 DEOVANE DE PAULA MENDONCA", "RESPONSAVEL": "DEOVANEDEPAULAMENDONCA", "MUNICIPIO": "BELO HORIZONTE", "ENDEE": "RUA JOSE OVIDIO GUERRA, 430, CARDOSO (BARREIRO), BELO HORIZONTE, MG", "BANCO": "SICOOB", "LINHA_AVAL_NOME": "GIRO", "LATITUDE": "-20.0029244", "LONGITUDE": "-44.0080218", "STATUS_OPERACIONAL": "CARTEIRA", "STATUS": "CARTEIRA", "field_14": null, "field_15": null, "field_16": null }, "geometry": { "type": "Point", "coordinates": [ -44.0080218, -20.0029244 ] } },
{ "type": "Feature", "properties": { "NROCNPJ_PAD": "33064412000144", "STATUS_MAILING": "EMPRESA ELEGÍVEL ONLINE SEM SUCESSO NO CONTATO TELEFÔNICO/EMPRESA ELEGÍVEL PRESENCIAL NÃO VISITADA", "NOME_FANTASIA": "-", "RAZAO_SOCIAL": "AIT PROJETOS INDUSTRIAIS E FERROVIARIOS LTDA", "RESPONSAVEL": "ADAO REGIS DE OLIVEIRA FELIX|JULIA DE SOUSA FELIX", "MUNICIPIO": "BELO HORIZONTE", "ENDEE": "RUA AUGUSTO MUNIZ, 255, CARDOSO, BELO HORIZONTE, MG", "BANCO": "BDMG", "LINHA_AVAL_NOME": "GIRO", "LATITUDE": "-20.0050391", "LONGITUDE": "-44.0048657", "STATUS_OPERACIONAL": "CARTEIRA", "STATUS": "CARTEIRA", "field_14": null, "field_15": null, "field_16": null }, "geometry": { "type": "Point", "coordinates": [ -44.0048657, -20.0050391 ] } },
{ "type": "Feature", "properties": { "NROCNPJ_PAD": "41236580000106", "STATUS_MAILING": "EMPRESA ELEGÍVEL ONLINE SEM SUCESSO NO CONTATO TELEFÔNICO/EMPRESA ELEGÍVEL PRESENCIAL NÃO VISITADA", "NOME_FANTASIA": "-", "RAZAO_SOCIAL": "MUTIRAO BEBIDAS LTDA", "RESPONSAVEL": "YARA MIRELLE VIEIRA MARQUES ESTEVES", "MUNICIPIO": "BELO HORIZONTE", "ENDEE": "RUA JOAO RODRIGUES GONCALVES, 50, VALE DO JATOBA (BARREIRO), BELO HORIZONTE, MG", "BANCO": "ESTÍMULO", "LINHA_AVAL_NOME": "INVESTIMENTO + GIRO", "LATITUDE": "-20.0057381", "LONGITUDE": "-44.0396281", "STATUS_OPERACIONAL": "CARTEIRA", "STATUS": "CARTEIRA", "field_14": null, "field_15": null, "field_16": null }, "geometry": { "type": "Point", "coordinates": [ -44.0396281, -20.0057381 ] } },
{ "type": "Feature", "properties": { "NROCNPJ_PAD": "28170155000195", "STATUS_MAILING": "EMPRESA ELEGÍVEL ONLINE SEM SUCESSO NO CONTATO TELEFÔNICO/EMPRESA ELEGÍVEL PRESENCIAL NÃO VISITADA", "NOME_FANTASIA": "LIMPMINAS", "RAZAO_SOCIAL": "LIMPMINAS LTDA", "RESPONSAVEL": "MARIA HELENA BREDER|SANDRA LUCIA BREDER DA FONSECA", "MUNICIPIO": "BELO HORIZONTE", "ENDEE": "RUA NEUSA DE FATIMA FURTADO, 10, SANTA RITA, BELO HORIZONTE, MG", "BANCO": "BDMG", "LINHA_AVAL_NOME": "GIRO", "LATITUDE": "-20.0065646", "LONGITUDE": "-44.0309195", "STATUS_OPERACIONAL": "CARTEIRA", "STATUS": "CARTEIRA", "field_14": null, "field_15": null, "field_16": null }, "geometry": { "type": "Point", "coordinates": [ -44.0309195, -20.0065646 ] } },
{ "type": "Feature", "properties": { "NROCNPJ_PAD": "28228234000100", "STATUS_MAILING": "EMPRESA ELEGÍVEL ONLINE SEM SUCESSO NO CONTATO TELEFÔNICO/EMPRESA ELEGÍVEL PRESENCIAL NÃO VISITADA", "NOME_FANTASIA": "AMBAR EVENTOS", "RAZAO_SOCIAL": "AMBAR - LOCACAO DE EQUIPAMENTOS PARA EVENTOS LTDA", "RESPONSAVEL": "ANTONIO DA SILVA FILHO", "MUNICIPIO": "BELO HORIZONTE", "ENDEE": "RUA W QUATRO, 460, PONGELUPE, 30628-020, BELO HORIZONTE", "BANCO": "-", "LINHA_AVAL_NOME": "GIRO", "LATITUDE": "-20.0089164", "LONGITUDE": "-44.0083584", "STATUS_OPERACIONAL": "CARTEIRA", "STATUS": "CARTEIRA", "field_14": null, "field_15": null, "field_16": null }, "geometry": { "type": "Point", "coordinates": [ -44.0083584, -20.0089164 ] } },
{ "type": "Feature", "properties": { "NROCNPJ_PAD": "56216728000100", "STATUS_MAILING": "EMPRESA ELEGÍVEL ONLINE SEM SUCESSO NO CONTATO TELEFÔNICO/EMPRESA ELEGÍVEL PRESENCIAL NÃO VISITADA", "NOME_FANTASIA": "-", "RAZAO_SOCIAL": "ACAI DA CELINHA LTDA", "RESPONSAVEL": "GABRIEL HENRIQUE BARBOSA GONCALVES", "MUNICIPIO": "BELO HORIZONTE", "ENDEE": "RUA VEREADOR ANTONIO MENEZES, 490, INDEPENDENCIA (BARREIRO), 30666-510, BELO HORIZONTE", "BANCO": "-", "LINHA_AVAL_NOME": "GIRO", "LATITUDE": "-20.0162479", "LONGITUDE": "-44.0251751", "STATUS_OPERACIONAL": "CARTEIRA", "STATUS": "CARTEIRA", "field_14": null, "field_15": null, "field_16": null }, "geometry": { "type": "Point", "coordinates": [ -44.0251751, -20.0162479 ] } },
{ "type": "Feature", "properties": { "NROCNPJ_PAD": "26727629000121", "STATUS_MAILING": "EMPRESA ELEGÍVEL PRESENCIAL E PROPRIETÁRIO AUSENTE", "NOME_FANTASIA": "COMERCIAL MANIA ANIMAL", "RAZAO_SOCIAL": "COMERCIAL MANIA ANIMAL LTDA", "RESPONSAVEL": "VANDERSON DE SOUSA PEREIRA", "MUNICIPIO": "BELO HORIZONTE", "ENDEE": "RUA JOSE FELIX MARTINS, 680, MANTIQUEIRA, BELO HORIZONTE, MG", "BANCO": "BRADESCO", "LINHA_AVAL_NOME": "GIRO", "LATITUDE": "-19.7995325", "LONGITUDE": "-43.9838758", "STATUS_OPERACIONAL": "CARTEIRA", "STATUS": "CARTEIRA", "field_14": null, "field_15": null, "field_16": null }, "geometry": { "type": "Point", "coordinates": [ -43.9838758, -19.7995325 ] } },
{ "type": "Feature", "properties": { "NROCNPJ_PAD": "45684291000112", "STATUS_MAILING": "EMPRESA ELEGÍVEL PRESENCIAL E PROPRIETÁRIO AUSENTE", "NOME_FANTASIA": "DM OUTLET", "RAZAO_SOCIAL": "DM OUTLET BH LTDA", "RESPONSAVEL": "DIEGODASILVAMARTINSPEREIRA|MICHELLEPAOLADOSSANTOSPEREIRA", "MUNICIPIO": "BELO HORIZONTE", "ENDEE": "RUA MARIA GERTRUDES SANTOS, 231, CEU AZUL, BELO HORIZONTE, MG", "BANCO": "SICOOB", "LINHA_AVAL_NOME": "GIRO", "LATITUDE": "-19.8182656", "LONGITUDE": "-43.9995938", "STATUS_OPERACIONAL": "CARTEIRA", "STATUS": "CARTEIRA", "field_14": null, "field_15": null, "field_16": null }, "geometry": { "type": "Point", "coordinates": [ -43.9995938, -19.8182656 ] } },
{ "type": "Feature", "properties": { "NROCNPJ_PAD": "28170445000139", "STATUS_MAILING": "EMPRESA ELEGÍVEL PRESENCIAL E PROPRIETÁRIO AUSENTE", "NOME_FANTASIA": "BRIGADERIA MADU ATELIE DE DOCES", "RAZAO_SOCIAL": "BRIGADERIA MADU ATELIE DE DOCES LTDA", "RESPONSAVEL": "AROLDOFERREIRAMORAES|VERONICABARBOSADASILVAMORAES", "MUNICIPIO": "BELO HORIZONTE", "ENDEE": "RUA IZABEL BUENO, 770, SANTA ROSA, BELO HORIZONTE, MG", "BANCO": "SICOOB", "LINHA_AVAL_NOME": "EMPREENDEDORISMO FEM", "LATITUDE": "-19.8628185", "LONGITUDE": "-43.9499195", "STATUS_OPERACIONAL": "CARTEIRA", "STATUS": "CARTEIRA", "field_14": null, "field_15": null, "field_16": null }, "geometry": { "type": "Point", "coordinates": [ -43.9499195, -19.8628185 ] } },
{ "type": "Feature", "properties": { "NROCNPJ_PAD": "19128829000100", "STATUS_MAILING": "EMPRESA ELEGÍVEL PRESENCIAL E PROPRIETÁRIO AUSENTE", "NOME_FANTASIA": "DESIGN DAS GERAIS", "RAZAO_SOCIAL": "ELAINE ANDRADE MARQUES", "RESPONSAVEL": "ELAINEANDRADEMARQUES", "MUNICIPIO": "BELO HORIZONTE", "ENDEE": "RUA ALBERTO ALVES DE AZEVEDO, 97, CASTELO, BELO HORIZONTE, MG", "BANCO": "SICOOB", "LINHA_AVAL_NOME": "GIRO", "LATITUDE": "-19.8727296", "LONGITUDE": "-43.9956257", "STATUS_OPERACIONAL": "CARTEIRA", "STATUS": "CARTEIRA", "field_14": null, "field_15": null, "field_16": null }, "geometry": { "type": "Point", "coordinates": [ -43.9956257, -19.8727296 ] } },
{ "type": "Feature", "properties": { "NROCNPJ_PAD": "02128529000110", "STATUS_MAILING": "EMPRESA ELEGÍVEL PRESENCIAL E PROPRIETÁRIO AUSENTE", "NOME_FANTASIA": "PORTAS PRONTA GERAIS", "RAZAO_SOCIAL": "MADEIREIRA GERAIS LTDA", "RESPONSAVEL": "DENISE MARIA DE OLIVEIRA MELLO ELIAS", "MUNICIPIO": "BELO HORIZONTE", "ENDEE": "AVENIDA ARTUR GUIMARAES, 1061, SANTA CRUZ, BELO HORIZONTE, MG", "BANCO": "BRADESCO", "LINHA_AVAL_NOME": "GIRO", "LATITUDE": "-19.87458", "LONGITUDE": "-43.94412", "STATUS_OPERACIONAL": "CARTEIRA", "STATUS": "CARTEIRA", "field_14": null, "field_15": null, "field_16": null }, "geometry": { "type": "Point", "coordinates": [ -43.94412, -19.87458 ] } },
{ "type": "Feature", "properties": { "NROCNPJ_PAD": "34580298000178", "STATUS_MAILING": "EMPRESA ELEGÍVEL PRESENCIAL E PROPRIETÁRIO AUSENTE", "NOME_FANTASIA": "SQUAD TERCEIRIZACAO", "RAZAO_SOCIAL": "SQUAD RECURSOS HUMANOS E SERVICOS LTDA", "RESPONSAVEL": "PATRICIAVIEIRA", "MUNICIPIO": "BELO HORIZONTE", "ENDEE": "RUA MATOS DA SILVEIRA, 36, IPIRANGA, BELO HORIZONTE, MG", "BANCO": "SICOOB", "LINHA_AVAL_NOME": "GIRO", "LATITUDE": "-19.8799854", "LONGITUDE": "-43.9340972", "STATUS_OPERACIONAL": "CARTEIRA", "STATUS": "CARTEIRA", "field_14": null, "field_15": null, "field_16": null }, "geometry": { "type": "Point", "coordinates": [ -43.9340972, -19.8799854 ] } },
{ "type": "Feature", "properties": { "NROCNPJ_PAD": "14320079000142", "STATUS_MAILING": "EMPRESA ELEGÍVEL PRESENCIAL E PROPRIETÁRIO AUSENTE", "NOME_FANTASIA": "URANIUM FITNESS", "RAZAO_SOCIAL": "URANIUM ATIVIDADE FISICA LTDA", "RESPONSAVEL": "LUIZCESARSRBEKPEREIRA", "MUNICIPIO": "BELO HORIZONTE", "ENDEE": "RUA ALBERTO CINTRA, 406, UNIAO, BELO HORIZONTE, MG", "BANCO": "SICOOB", "LINHA_AVAL_NOME": "GIRO", "LATITUDE": "-19.8827117", "LONGITUDE": "-43.9289351", "STATUS_OPERACIONAL": "CARTEIRA", "STATUS": "CARTEIRA", "field_14": null, "field_15": null, "field_16": null }, "geometry": { "type": "Point", "coordinates": [ -43.9289351, -19.8827117 ] } },
{ "type": "Feature", "properties": { "NROCNPJ_PAD": "03958763000138", "STATUS_MAILING": "EMPRESA ELEGÍVEL PRESENCIAL E PROPRIETÁRIO AUSENTE", "NOME_FANTASIA": "M & W ENERGY", "RAZAO_SOCIAL": "MARCIA REGINA CUNHA LEITE BUSTAMANTE", "RESPONSAVEL": "MARCIA REGINA CUNHA LEITE BUSTAMANTE                        ", "MUNICIPIO": "BELO HORIZONTE", "ENDEE": "RUA CATANDUVA, 430, RENASCENCA, BELO HORIZONTE, MG", "BANCO": "BDMG", "LINHA_AVAL_NOME": "GIRO", "LATITUDE": "-19.8888388", "LONGITUDE": "-43.9403196", "STATUS_OPERACIONAL": "CARTEIRA", "STATUS": "CARTEIRA", "field_14": null, "field_15": null, "field_16": null }, "geometry": { "type": "Point", "coordinates": [ -43.9403196, -19.8888388 ] } },
{ "type": "Feature", "properties": { "NROCNPJ_PAD": "22421067000132", "STATUS_MAILING": "EMPRESA ELEGÍVEL PRESENCIAL E PROPRIETÁRIO AUSENTE", "NOME_FANTASIA": "DENISE ZSCHABER", "RAZAO_SOCIAL": "ZSCHABER CONSULTORIA LTDA", "RESPONSAVEL": "DENISE ZSCHABER", "MUNICIPIO": "BELO HORIZONTE", "ENDEE": "RUA SENHORA DA CONCEICAO, 560, CACHOEIRINHA, BELO HORIZONTE, MG", "BANCO": "BDMG", "LINHA_AVAL_NOME": "GIRO", "LATITUDE": "-19.890435", "LONGITUDE": "-43.947588", "STATUS_OPERACIONAL": "CARTEIRA", "STATUS": "CARTEIRA", "field_14": null, "field_15": null, "field_16": null }, "geometry": { "type": "Point", "coordinates": [ -43.947588, -19.890435 ] } },
{ "type": "Feature", "properties": { "NROCNPJ_PAD": "57034582000144", "STATUS_MAILING": "EMPRESA ELEGÍVEL PRESENCIAL E PROPRIETÁRIO AUSENTE", "NOME_FANTASIA": "GRUPO ESTACAO", "RAZAO_SOCIAL": "ESTACAO INDUSTRIAL LTDA", "RESPONSAVEL": "-", "MUNICIPIO": "BELO HORIZONTE", "ENDEE": "RUA JACUI, 2536, NOVA FLORESTA, BELO HORIZONTE, MG", "BANCO": "BRADESCO", "LINHA_AVAL_NOME": "GIRO", "LATITUDE": "-19.8916702", "LONGITUDE": "-43.9360613", "STATUS_OPERACIONAL": "CARTEIRA", "STATUS": "CARTEIRA", "field_14": null, "field_15": null, "field_16": null }, "geometry": { "type": "Point", "coordinates": [ -43.9360613, -19.8916702 ] } },
{ "type": "Feature", "properties": { "NROCNPJ_PAD": "37171884000157", "STATUS_MAILING": "EMPRESA ELEGÍVEL PRESENCIAL E PROPRIETÁRIO AUSENTE", "NOME_FANTASIA": "RIZO INTERMED", "RAZAO_SOCIAL": "RIZO INTERMED GROUP LTDA", "RESPONSAVEL": "SANDRA RIZO GUIMARAES", "MUNICIPIO": "BELO HORIZONTE", "ENDEE": "RUA DOUTOR JARBAS VIDAL GOMES, 212, CIDADE NOVA, BELO HORIZONTE, MG", "BANCO": "BDMG", "LINHA_AVAL_NOME": "GIRO", "LATITUDE": "-19.8921092", "LONGITUDE": "-43.9259169", "STATUS_OPERACIONAL": "CARTEIRA", "STATUS": "CARTEIRA", "field_14": null, "field_15": null, "field_16": null }, "geometry": { "type": "Point", "coordinates": [ -43.9259169, -19.8921092 ] } },
{ "type": "Feature", "properties": { "NROCNPJ_PAD": "17279715000128", "STATUS_MAILING": "EMPRESA ELEGÍVEL PRESENCIAL E PROPRIETÁRIO AUSENTE", "NOME_FANTASIA": "MXM COMERCIAL", "RAZAO_SOCIAL": "COMERCIAL MXM MOTOPECAS LTDA", "RESPONSAVEL": "AILTONBARBOSAFIRPI", "MUNICIPIO": "BELO HORIZONTE", "ENDEE": "RUA IGUASSU, 463, CONCORDIA, BELO HORIZONTE, MG", "BANCO": "SICOOB", "LINHA_AVAL_NOME": "GIRO", "LATITUDE": "-19.9022819", "LONGITUDE": "-43.9369514", "STATUS_OPERACIONAL": "CARTEIRA", "STATUS": "CARTEIRA", "field_14": null, "field_15": null, "field_16": null }, "geometry": { "type": "Point", "coordinates": [ -43.9369514, -19.9022819 ] } },
{ "type": "Feature", "properties": { "NROCNPJ_PAD": "24773746000104", "STATUS_MAILING": "EMPRESA ELEGÍVEL PRESENCIAL E PROPRIETÁRIO AUSENTE", "NOME_FANTASIA": "JM BUFFET", "RAZAO_SOCIAL": "JM BUFFET EVENTOS CORPORATIVOS LTDA", "RESPONSAVEL": "JOAO MAGNUS MATILDES SANTOS", "MUNICIPIO": "BELO HORIZONTE", "ENDEE": "RUA PURUS, 37, CONCORDIA, BELO HORIZONTE, MG", "BANCO": "BDMG", "LINHA_AVAL_NOME": "GIRO", "LATITUDE": "-19.9026008", "LONGITUDE": "-43.9387017", "STATUS_OPERACIONAL": "CARTEIRA", "STATUS": "CARTEIRA", "field_14": null, "field_15": null, "field_16": null }, "geometry": { "type": "Point", "coordinates": [ -43.9387017, -19.9026008 ] } },
{ "type": "Feature", "properties": { "NROCNPJ_PAD": "55757210000110", "STATUS_MAILING": "EMPRESA ELEGÍVEL PRESENCIAL E PROPRIETÁRIO AUSENTE", "NOME_FANTASIA": "-", "RAZAO_SOCIAL": "ASTEBEL REDE DE SERVICOS LTDA", "RESPONSAVEL": "AIMEE GRACIETE AURELIANO ALMEIDA", "MUNICIPIO": "BELO HORIZONTE", "ENDEE": "RUA CONSELHEIRO LAFAIETE, 1044, SAGRADA FAMILIA, BELO HORIZONTE, MG", "BANCO": "SICREDI 2", "LINHA_AVAL_NOME": "EMPREENDEDORISMO FEM", "LATITUDE": "-19.9029472", "LONGITUDE": "-43.9236173", "STATUS_OPERACIONAL": "CARTEIRA", "STATUS": "CARTEIRA", "field_14": null, "field_15": null, "field_16": null }, "geometry": { "type": "Point", "coordinates": [ -43.9236173, -19.9029472 ] } },
{ "type": "Feature", "properties": { "NROCNPJ_PAD": "24224027000126", "STATUS_MAILING": "EMPRESA ELEGÍVEL PRESENCIAL E PROPRIETÁRIO AUSENTE", "NOME_FANTASIA": "SMC IT INOVACAO E TECNOLOGIA", "RAZAO_SOCIAL": "SMC IT INOVACAO E TECNOLOGIA LTDA", "RESPONSAVEL": "ALEXANDRE SANTOS DE MOURA CEZAR|ALEXANDRESANTOSDEMOURACEZAR|ALYSSON SANTOS LISBOA|ALYSSONSANTOSLISBOA", "MUNICIPIO": "BELO HORIZONTE", "ENDEE": "RUA PERDOES, 269, CARLOS PRATES, BELO HORIZONTE, MG", "BANCO": "BDMG", "LINHA_AVAL_NOME": "GIRO", "LATITUDE": "-19.9139756", "LONGITUDE": "-43.9693448", "STATUS_OPERACIONAL": "CARTEIRA", "STATUS": "CARTEIRA", "field_14": null, "field_15": null, "field_16": null }, "geometry": { "type": "Point", "coordinates": [ -43.9693448, -19.9139756 ] } },
{ "type": "Feature", "properties": { "NROCNPJ_PAD": "43277158000116", "STATUS_MAILING": "EMPRESA ELEGÍVEL PRESENCIAL E PROPRIETÁRIO AUSENTE", "NOME_FANTASIA": "PRATA DE MINAS", "RAZAO_SOCIAL": "ELISANGELA LUIZA JORDAO", "RESPONSAVEL": "ELISANGELALUIZAJORDAO", "MUNICIPIO": "BELO HORIZONTE", "ENDEE": "RUA RIO DE JANEIRO, 243, CENTRO, BELO HORIZONTE, MG", "BANCO": "SICOOB", "LINHA_AVAL_NOME": "EMPREENDEDORISMO FEM", "LATITUDE": "-19.916497", "LONGITUDE": "-43.937805", "STATUS_OPERACIONAL": "CARTEIRA", "STATUS": "CARTEIRA", "field_14": null, "field_15": null, "field_16": null }, "geometry": { "type": "Point", "coordinates": [ -43.937805, -19.916497 ] } },
{ "type": "Feature", "properties": { "NROCNPJ_PAD": "06198011000104", "STATUS_MAILING": "EMPRESA ELEGÍVEL PRESENCIAL E PROPRIETÁRIO AUSENTE", "NOME_FANTASIA": "OFICINA DO PAO", "RAZAO_SOCIAL": "PANIFICADORA ROSAIS LTDA", "RESPONSAVEL": "IGOR DE PAIVA CABRAL", "MUNICIPIO": "BELO HORIZONTE", "ENDEE": "RUA MENDANHA, 193, PADRE EUSTAQUIO, BELO HORIZONTE, MG", "BANCO": "BRADESCO", "LINHA_AVAL_NOME": "GIRO", "LATITUDE": "-19.9185551", "LONGITUDE": "-43.9694891", "STATUS_OPERACIONAL": "CARTEIRA", "STATUS": "CARTEIRA", "field_14": null, "field_15": null, "field_16": null }, "geometry": { "type": "Point", "coordinates": [ -43.9694891, -19.9185551 ] } },
{ "type": "Feature", "properties": { "NROCNPJ_PAD": "50038963000152", "STATUS_MAILING": "EMPRESA ELEGÍVEL PRESENCIAL E PROPRIETÁRIO AUSENTE", "NOME_FANTASIA": "-", "RAZAO_SOCIAL": "CARLA LAZZARINI LAVANDERIA LTDA", "RESPONSAVEL": "CARLA SOUZA COSTA LAZZARINI", "MUNICIPIO": "BELO HORIZONTE", "ENDEE": "RUA DOM JOAO ANTONIO DOS SANTOS, 195, CORACAO EUCARISTICO, BELO HORIZONTE, MG", "BANCO": "BDMG", "LINHA_AVAL_NOME": "GIRO", "LATITUDE": "-19.9219303", "LONGITUDE": "-43.9866248", "STATUS_OPERACIONAL": "CARTEIRA", "STATUS": "CARTEIRA", "field_14": null, "field_15": null, "field_16": null }, "geometry": { "type": "Point", "coordinates": [ -43.9866248, -19.9219303 ] } },
{ "type": "Feature", "properties": { "NROCNPJ_PAD": "33473318000149", "STATUS_MAILING": "EMPRESA ELEGÍVEL PRESENCIAL E PROPRIETÁRIO AUSENTE", "NOME_FANTASIA": "-", "RAZAO_SOCIAL": "LASSAN CONSULTORIA EM ENGENHARIA LTDA", "RESPONSAVEL": "LEONARDO AUGUSTO DOS SANTOS|LUCIANO FERNANDES SOUZA", "MUNICIPIO": "BELO HORIZONTE", "ENDEE": "RUA ERE, 23, PRADO, BELO HORIZONTE, MG", "BANCO": "BDMG", "LINHA_AVAL_NOME": "GIRO", "LATITUDE": "-19.9226691", "LONGITUDE": "-43.9579607", "STATUS_OPERACIONAL": "CARTEIRA", "STATUS": "CARTEIRA", "field_14": null, "field_15": null, "field_16": null }, "geometry": { "type": "Point", "coordinates": [ -43.9579607, -19.9226691 ] } },
{ "type": "Feature", "properties": { "NROCNPJ_PAD": "10902924000137", "STATUS_MAILING": "EMPRESA ELEGÍVEL PRESENCIAL E PROPRIETÁRIO AUSENTE", "NOME_FANTASIA": "-", "RAZAO_SOCIAL": "CONCEITO OPTICO LTDA", "RESPONSAVEL": "BRENO DE OLIVEIRA SANTOS|PATRICIA JUNIA DA SILVA SANTOS", "MUNICIPIO": "BELO HORIZONTE", "ENDEE": "RUA MARANHAO, 320, SANTA EFIGENIA, BELO HORIZONTE, MG", "BANCO": "BDMG", "LINHA_AVAL_NOME": "GIRO", "LATITUDE": "-19.9247147", "LONGITUDE": "-43.9237039", "STATUS_OPERACIONAL": "CARTEIRA", "STATUS": "CARTEIRA", "field_14": null, "field_15": null, "field_16": null }, "geometry": { "type": "Point", "coordinates": [ -43.9237039, -19.9247147 ] } },
{ "type": "Feature", "properties": { "NROCNPJ_PAD": "27822838000117", "STATUS_MAILING": "EMPRESA ELEGÍVEL PRESENCIAL E PROPRIETÁRIO AUSENTE", "NOME_FANTASIA": "-", "RAZAO_SOCIAL": "CHELOTTI ASSUNTOS IMIGRATORIOS LTDA", "RESPONSAVEL": "-", "MUNICIPIO": "BELO HORIZONTE", "ENDEE": "RUA DOS OTONI, 428, SANTA EFIGENIA, BELO HORIZONTE, MG", "BANCO": "BRADESCO", "LINHA_AVAL_NOME": "GIRO", "LATITUDE": "-19.9263623", "LONGITUDE": "-43.9242962", "STATUS_OPERACIONAL": "CARTEIRA", "STATUS": "CARTEIRA", "field_14": null, "field_15": null, "field_16": null }, "geometry": { "type": "Point", "coordinates": [ -43.9242962, -19.9263623 ] } },
{ "type": "Feature", "properties": { "NROCNPJ_PAD": "32849883000103", "STATUS_MAILING": "EMPRESA ELEGÍVEL PRESENCIAL E PROPRIETÁRIO AUSENTE", "NOME_FANTASIA": "ORBI NUTRITION - COMERCIO E REPRESENTACAO", "RAZAO_SOCIAL": "ORBITA SERVICOS E COMERCIO DE PRODUTOS PARA SAUDE LTDA", "RESPONSAVEL": "CRISTIANO RIOGA", "MUNICIPIO": "BELO HORIZONTE", "ENDEE": "RUA TURQUESA, 108, PRADO, BELO HORIZONTE, MG", "BANCO": "BDMG", "LINHA_AVAL_NOME": "GIRO", "LATITUDE": "-19.9275037", "LONGITUDE": "-43.9590285", "STATUS_OPERACIONAL": "CARTEIRA", "STATUS": "CARTEIRA", "field_14": null, "field_15": null, "field_16": null }, "geometry": { "type": "Point", "coordinates": [ -43.9590285, -19.9275037 ] } },
{ "type": "Feature", "properties": { "NROCNPJ_PAD": "05998602000101", "STATUS_MAILING": "EMPRESA ELEGÍVEL PRESENCIAL E PROPRIETÁRIO AUSENTE", "NOME_FANTASIA": "-", "RAZAO_SOCIAL": "JPAC SERVICOS CONTABEIS LTDA", "RESPONSAVEL": "RENATONERYLUCASDASILVA", "MUNICIPIO": "BELO HORIZONTE", "ENDEE": "AVENIDA ALVARES CABRAL, 593, CENTRO, BELO HORIZONTE, MG", "BANCO": "SICOOB", "LINHA_AVAL_NOME": "GIRO", "LATITUDE": "-19.9282595", "LONGITUDE": "-43.9395876", "STATUS_OPERACIONAL": "CARTEIRA", "STATUS": "CARTEIRA", "field_14": null, "field_15": null, "field_16": null }, "geometry": { "type": "Point", "coordinates": [ -43.9395876, -19.9282595 ] } },
{ "type": "Feature", "properties": { "NROCNPJ_PAD": "42274253000101", "STATUS_MAILING": "EMPRESA ELEGÍVEL PRESENCIAL E PROPRIETÁRIO AUSENTE", "NOME_FANTASIA": "ESSENTIAL BPO", "RAZAO_SOCIAL": "ESSENTIAL BPO E ASSESSORIA EMPRESARIAL LTDA", "RESPONSAVEL": "FABIULA APARECIDA ZANETI DE ABREU SANTOS", "MUNICIPIO": "BELO HORIZONTE", "ENDEE": "AVENIDA ALVARES CABRAL, 1345, LOURDES, BELO HORIZONTE, MG", "BANCO": "BRADESCO", "LINHA_AVAL_NOME": "GIRO", "LATITUDE": "-19.9309648", "LONGITUDE": "-43.94646", "STATUS_OPERACIONAL": "CARTEIRA", "STATUS": "CARTEIRA", "field_14": null, "field_15": null, "field_16": null }, "geometry": { "type": "Point", "coordinates": [ -43.94646, -19.9309648 ] } },
{ "type": "Feature", "properties": { "NROCNPJ_PAD": "12842222000130", "STATUS_MAILING": "EMPRESA ELEGÍVEL PRESENCIAL E PROPRIETÁRIO AUSENTE", "NOME_FANTASIA": "-", "RAZAO_SOCIAL": "RESTAURANTE E LANCHONETE CHAGAS & LAS CASAS LTDA", "RESPONSAVEL": "RENATA SANTOS SILVA", "MUNICIPIO": "BELO HORIZONTE", "ENDEE": "RUA BERNARDINO DE LIMA, 231, GUTIERREZ, BELO HORIZONTE, MG", "BANCO": "BRADESCO", "LINHA_AVAL_NOME": "GIRO", "LATITUDE": "-19.931088", "LONGITUDE": "-43.9596256", "STATUS_OPERACIONAL": "CARTEIRA", "STATUS": "CARTEIRA", "field_14": null, "field_15": null, "field_16": null }, "geometry": { "type": "Point", "coordinates": [ -43.9596256, -19.931088 ] } },
{ "type": "Feature", "properties": { "NROCNPJ_PAD": "05888434000193", "STATUS_MAILING": "EMPRESA ELEGÍVEL PRESENCIAL E PROPRIETÁRIO AUSENTE", "NOME_FANTASIA": "CONTROLE GESTAO E CONSULTORIA", "RAZAO_SOCIAL": "CONTROLE GESTAO E CONSULTORIA EMPRESARIAL LTDA", "RESPONSAVEL": "MARCELO HENRIQUE SANTOS TEIXEIRA", "MUNICIPIO": "BELO HORIZONTE", "ENDEE": "RUA CARIRI, 26, NOVA SUISSA, BELO HORIZONTE, MG", "BANCO": "BDMG", "LINHA_AVAL_NOME": "GIRO", "LATITUDE": "-19.9321241", "LONGITUDE": "-43.9770969", "STATUS_OPERACIONAL": "CARTEIRA", "STATUS": "CARTEIRA", "field_14": null, "field_15": null, "field_16": null }, "geometry": { "type": "Point", "coordinates": [ -43.9770969, -19.9321241 ] } },
{ "type": "Feature", "properties": { "NROCNPJ_PAD": "47186130000124", "STATUS_MAILING": "EMPRESA ELEGÍVEL PRESENCIAL E PROPRIETÁRIO AUSENTE", "NOME_FANTASIA": "LIFE CAFE", "RAZAO_SOCIAL": "LIFE CAFE LTDA", "RESPONSAVEL": "FERNANDA CRISTINA RODRIGUES", "MUNICIPIO": "BELO HORIZONTE", "ENDEE": "AVENIDA DO CONTORNO, 4747, SERRA, BELO HORIZONTE, MG", "BANCO": "SICOOB", "LINHA_AVAL_NOME": "GIRO", "LATITUDE": "-19.93527", "LONGITUDE": "-43.9245264", "STATUS_OPERACIONAL": "CARTEIRA", "STATUS": "CARTEIRA", "field_14": null, "field_15": null, "field_16": null }, "geometry": { "type": "Point", "coordinates": [ -43.9245264, -19.93527 ] } },
{ "type": "Feature", "properties": { "NROCNPJ_PAD": "26033552000190", "STATUS_MAILING": "EMPRESA ELEGÍVEL PRESENCIAL E PROPRIETÁRIO AUSENTE", "NOME_FANTASIA": "NACASA", "RAZAO_SOCIAL": "RIZOMA COMERCIO E SERVICOS LTDA", "RESPONSAVEL": "RAFAELA CORREA COSTA", "MUNICIPIO": "BELO HORIZONTE", "ENDEE": "RUA CEARA, 1679, SAVASSI, BELO HORIZONTE, MG", "BANCO": "BDMG", "LINHA_AVAL_NOME": "GIRO", "LATITUDE": "-19.9360371", "LONGITUDE": "-43.9293383", "STATUS_OPERACIONAL": "CARTEIRA", "STATUS": "CARTEIRA", "field_14": null, "field_15": null, "field_16": null }, "geometry": { "type": "Point", "coordinates": [ -43.9293383, -19.9360371 ] } },
{ "type": "Feature", "properties": { "NROCNPJ_PAD": "26578030000173", "STATUS_MAILING": "EMPRESA ELEGÍVEL PRESENCIAL E PROPRIETÁRIO AUSENTE", "NOME_FANTASIA": "RICHARTS DE JOIAS", "RAZAO_SOCIAL": "COMERCIAL RVB DE JOIAS LTDA", "RESPONSAVEL": "RICARDO VIEIRA BARROSO", "MUNICIPIO": "BELO HORIZONTE", "ENDEE": "RUA ALAGOAS, 1314, SAVASSI, BELO HORIZONTE, MG", "BANCO": "ESTÍMULO", "LINHA_AVAL_NOME": "INVESTIMENTO + GIRO", "LATITUDE": "-19.938271", "LONGITUDE": "-43.937176", "STATUS_OPERACIONAL": "CARTEIRA", "STATUS": "CARTEIRA", "field_14": null, "field_15": null, "field_16": null }, "geometry": { "type": "Point", "coordinates": [ -43.937176, -19.938271 ] } },
{ "type": "Feature", "properties": { "NROCNPJ_PAD": "50133525000173", "STATUS_MAILING": "EMPRESA ELEGÍVEL PRESENCIAL E PROPRIETÁRIO AUSENTE", "NOME_FANTASIA": "O LEGITIMO ROCAMBOLE LD", "RAZAO_SOCIAL": "O LEGITIMO ROCAMBOLE LD. LTDA", "RESPONSAVEL": "ANDREYOUSSEFCARAZZADOLIBANO|RICARDOIOUSSEFCARAZZADOLIBANO", "MUNICIPIO": "BELO HORIZONTE", "ENDEE": "AVENIDA DO CONTORNO, 6739, SANTO ANTONIO, BELO HORIZONTE, MG", "BANCO": "SICOOB", "LINHA_AVAL_NOME": "GIRO", "LATITUDE": "-19.9398463", "LONGITUDE": "-43.9403136", "STATUS_OPERACIONAL": "CARTEIRA", "STATUS": "CARTEIRA", "field_14": null, "field_15": null, "field_16": null }, "geometry": { "type": "Point", "coordinates": [ -43.9403136, -19.9398463 ] } },
{ "type": "Feature", "properties": { "NROCNPJ_PAD": "21492350000192", "STATUS_MAILING": "EMPRESA ELEGÍVEL PRESENCIAL E PROPRIETÁRIO AUSENTE", "NOME_FANTASIA": "-", "RAZAO_SOCIAL": "MASSAS MARGHERITA INDUSTRIA E COMERCIO LTDA", "RESPONSAVEL": "GUSTAVO CHIARI QUINTAO", "MUNICIPIO": "BELO HORIZONTE", "ENDEE": "RUA SANTO ANTONIO DO MONTE, 69, SANTO ANTONIO, BELO HORIZONTE, MG", "BANCO": "SICOOB", "LINHA_AVAL_NOME": "GIRO", "LATITUDE": "-19.9427312", "LONGITUDE": "-43.9401791", "STATUS_OPERACIONAL": "CARTEIRA", "STATUS": "CARTEIRA", "field_14": null, "field_15": null, "field_16": null }, "geometry": { "type": "Point", "coordinates": [ -43.9401791, -19.9427312 ] } },
{ "type": "Feature", "properties": { "NROCNPJ_PAD": "14994652000101", "STATUS_MAILING": "EMPRESA ELEGÍVEL PRESENCIAL E PROPRIETÁRIO AUSENTE", "NOME_FANTASIA": "-", "RAZAO_SOCIAL": "SAAVA COMERCIO DE BOLSAS LTDA", "RESPONSAVEL": "JULIANA ANTUNES DE PADUA|JULIANAANTUNESDEPADUA", "MUNICIPIO": "BELO HORIZONTE", "ENDEE": "RUA CAMPANHA, 221, CARMO, BELO HORIZONTE, MG", "BANCO": "SICOOB", "LINHA_AVAL_NOME": "EMPREENDEDORISMO FEM", "LATITUDE": "-19.9433575", "LONGITUDE": "-43.9305072", "STATUS_OPERACIONAL": "CARTEIRA", "STATUS": "CARTEIRA", "field_14": null, "field_15": null, "field_16": null }, "geometry": { "type": "Point", "coordinates": [ -43.9305072, -19.9433575 ] } },
{ "type": "Feature", "properties": { "NROCNPJ_PAD": "31206954000189", "STATUS_MAILING": "EMPRESA ELEGÍVEL PRESENCIAL E PROPRIETÁRIO AUSENTE", "NOME_FANTASIA": "MARFRE CONSULTORIA E PERICIA CONTABIL", "RAZAO_SOCIAL": "MARFRE CONSULTORIA E PERICIA CONTABIL LTDA", "RESPONSAVEL": "ALESSANDRA MARTINS DE FREITAS", "MUNICIPIO": "BELO HORIZONTE", "ENDEE": "AVENIDA RAJA GABAGLIA, 1617, LUXEMBURGO, BELO HORIZONTE, MG", "BANCO": "BDMG", "LINHA_AVAL_NOME": "GIRO", "LATITUDE": "-19.9484189", "LONGITUDE": "-43.960552", "STATUS_OPERACIONAL": "CARTEIRA", "STATUS": "CARTEIRA", "field_14": null, "field_15": null, "field_16": null }, "geometry": { "type": "Point", "coordinates": [ -43.960552, -19.9484189 ] } },
{ "type": "Feature", "properties": { "NROCNPJ_PAD": "33979533000116", "STATUS_MAILING": "EMPRESA ELEGÍVEL PRESENCIAL E PROPRIETÁRIO AUSENTE", "NOME_FANTASIA": "GRUPO MCX", "RAZAO_SOCIAL": "ECONOCONT SOLUCOES CONTABEIS LTDA", "RESPONSAVEL": "ADELAIDE MARIA DA CRUZ|MARCIO DE SOUZA E SILVA", "MUNICIPIO": "BELO HORIZONTE", "ENDEE": "RUA JOSE CLAUDIO REZENDE, 300, ESTORIL, BELO HORIZONTE, MG", "BANCO": "BDMG", "LINHA_AVAL_NOME": "GIRO", "LATITUDE": "-19.9644974", "LONGITUDE": "-43.9640714", "STATUS_OPERACIONAL": "CARTEIRA", "STATUS": "CARTEIRA", "field_14": null, "field_15": null, "field_16": null }, "geometry": { "type": "Point", "coordinates": [ -43.9640714, -19.9644974 ] } },
{ "type": "Feature", "properties": { "NROCNPJ_PAD": "26719111000146", "STATUS_MAILING": "EMPRESA ELEGÍVEL PRESENCIAL E PROPRIETÁRIO AUSENTE", "NOME_FANTASIA": "VEM MALHAR PILATES", "RAZAO_SOCIAL": "EGAF - EXCELENCIA EM GESTAO DA ATIVIDADE FISICA LTDA", "RESPONSAVEL": "DANIELCESARTEIXEIRA", "MUNICIPIO": "BELO HORIZONTE", "ENDEE": "AVENIDA PROFESSOR MARIO WERNECK, 1853, BURITIS, BELO HORIZONTE, MG", "BANCO": "SICOOB", "LINHA_AVAL_NOME": "GIRO", "LATITUDE": "-19.9719978", "LONGITUDE": "-43.9663335", "STATUS_OPERACIONAL": "CARTEIRA", "STATUS": "CARTEIRA", "field_14": null, "field_15": null, "field_16": null }, "geometry": { "type": "Point", "coordinates": [ -43.9663335, -19.9719978 ] } },
{ "type": "Feature", "properties": { "NROCNPJ_PAD": "45923362000192", "STATUS_MAILING": "EMPRESA ELEGÍVEL PRESENCIAL E PROPRIETÁRIO AUSENTE", "NOME_FANTASIA": "PLANETA IMAGINARIO", "RAZAO_SOCIAL": "PLANETA BH RECREACAO LTDA", "RESPONSAVEL": "DANIEL NOVAIS VALENCA", "MUNICIPIO": "BELO HORIZONTE", "ENDEE": "RODOVIA BR TREZENTOS E CINQUENTA E SEIS, 3049, BELVEDERE, BELO HORIZONTE, MG", "BANCO": "BRADESCO", "LINHA_AVAL_NOME": "GIRO", "LATITUDE": "-19.97552", "LONGITUDE": "-43.94656", "STATUS_OPERACIONAL": "CARTEIRA", "STATUS": "CARTEIRA", "field_14": null, "field_15": null, "field_16": null }, "geometry": { "type": "Point", "coordinates": [ -43.94656, -19.97552 ] } },
{ "type": "Feature", "properties": { "NROCNPJ_PAD": "20545039000100", "STATUS_MAILING": "EMPRESA ELEGÍVEL PRESENCIAL E PROPRIETÁRIO INDISPONÍVEL", "NOME_FANTASIA": "CONSUARES ASSESSORIA EMPRESARIAL", "RAZAO_SOCIAL": "CONSUARES ASSESSORIA EMPRESARIAL LTDA", "RESPONSAVEL": "EDMAR DA CUNHA SOARES", "MUNICIPIO": "BELO HORIZONTE", "ENDEE": "RUA PADRE PEDRO PINTO, 2502, LETICIA, BELO HORIZONTE, MG", "BANCO": "BDMG", "LINHA_AVAL_NOME": "GIRO", "LATITUDE": "-19.8064702", "LONGITUDE": "-43.970955", "STATUS_OPERACIONAL": "CARTEIRA", "STATUS": "CARTEIRA", "field_14": null, "field_15": null, "field_16": null }, "geometry": { "type": "Point", "coordinates": [ -43.970955, -19.8064702 ] } },
{ "type": "Feature", "properties": { "NROCNPJ_PAD": "10631565000120", "STATUS_MAILING": "EMPRESA ELEGÍVEL PRESENCIAL E PROPRIETÁRIO INDISPONÍVEL", "NOME_FANTASIA": "DIRECIONAL GROUP", "RAZAO_SOCIAL": "DIRECIONAL SEGURANCA ELETRONICA LTDA", "RESPONSAVEL": "EDSON FERNANDES DE SALLES|GABRIELADECASTROANTUNESALMEIDA", "MUNICIPIO": "BELO HORIZONTE", "ENDEE": "RUA MONSENHOR NEGROMONTE, 374, PLANALTO, BELO HORIZONTE, MG", "BANCO": "SICOOB", "LINHA_AVAL_NOME": "GIRO", "LATITUDE": "-19.8287419", "LONGITUDE": "-43.9548897", "STATUS_OPERACIONAL": "CARTEIRA", "STATUS": "CARTEIRA", "field_14": null, "field_15": null, "field_16": null }, "geometry": { "type": "Point", "coordinates": [ -43.9548897, -19.8287419 ] } },
{ "type": "Feature", "properties": { "NROCNPJ_PAD": "12301577000112", "STATUS_MAILING": "EMPRESA ELEGÍVEL PRESENCIAL E PROPRIETÁRIO INDISPONÍVEL", "NOME_FANTASIA": "ERICA RUBIA CLINICA DE ESTETICA", "RAZAO_SOCIAL": "ERICA RUBIA SAUDE ESTETICA LTDA", "RESPONSAVEL": "LUCIANARUBIAMARCHEZINIALVES", "MUNICIPIO": "BELO HORIZONTE", "ENDEE": "RUA MARIA VAZ DE MELO, 137, DONA CLARA, BELO HORIZONTE, MG", "BANCO": "SICOOB", "LINHA_AVAL_NOME": "EMPREENDEDORISMO FEM", "LATITUDE": "-19.8586074", "LONGITUDE": "-43.9456338", "STATUS_OPERACIONAL": "CARTEIRA", "STATUS": "CARTEIRA", "field_14": null, "field_15": null, "field_16": null }, "geometry": { "type": "Point", "coordinates": [ -43.9456338, -19.8586074 ] } },
{ "type": "Feature", "properties": { "NROCNPJ_PAD": "26352438000122", "STATUS_MAILING": "EMPRESA ELEGÍVEL PRESENCIAL E PROPRIETÁRIO INDISPONÍVEL", "NOME_FANTASIA": "MERCADO DA MESA", "RAZAO_SOCIAL": "REIS SANTANA COMERCIO E EVENTOS LTDA", "RESPONSAVEL": "SANDRELE CRISTINA REIS SANTANA|THIAGO SOUZA SANTANA", "MUNICIPIO": "BELO HORIZONTE", "ENDEE": "RUA OSWALDO CRIVELLARI, 155, SANTA ROSA, BELO HORIZONTE, MG", "BANCO": "BDMG", "LINHA_AVAL_NOME": "GIRO", "LATITUDE": "-19.8641725", "LONGITUDE": "-43.943752", "STATUS_OPERACIONAL": "CARTEIRA", "STATUS": "CARTEIRA", "field_14": null, "field_15": null, "field_16": null }, "geometry": { "type": "Point", "coordinates": [ -43.943752, -19.8641725 ] } },
{ "type": "Feature", "properties": { "NROCNPJ_PAD": "53460682000181", "STATUS_MAILING": "EMPRESA ELEGÍVEL PRESENCIAL E PROPRIETÁRIO INDISPONÍVEL", "NOME_FANTASIA": "MASSAS PIZZARIA E DELIVERY", "RAZAO_SOCIAL": "VITOR R.GUIMARAES MASSAS DELIVERY", "RESPONSAVEL": "VITORRODRIGUESGUIMARAES", "MUNICIPIO": "BELO HORIZONTE", "ENDEE": "RUA FREI LEOPOLDO, 80, SAO LUIZ, BELO HORIZONTE, MG", "BANCO": "SICOOB", "LINHA_AVAL_NOME": "GIRO", "LATITUDE": "-19.8709861", "LONGITUDE": "-43.979353", "STATUS_OPERACIONAL": "CARTEIRA", "STATUS": "CARTEIRA", "field_14": null, "field_15": null, "field_16": null }, "geometry": { "type": "Point", "coordinates": [ -43.979353, -19.8709861 ] } },
{ "type": "Feature", "properties": { "NROCNPJ_PAD": "64713557000152", "STATUS_MAILING": "EMPRESA ELEGÍVEL PRESENCIAL E PROPRIETÁRIO INDISPONÍVEL", "NOME_FANTASIA": "-", "RAZAO_SOCIAL": "DSR RUNNER TEAM T.E LTDA", "RESPONSAVEL": "-", "MUNICIPIO": "BELO HORIZONTE", "ENDEE": "RUA BRASILEIA, 50, OURO PRETO, BELO HORIZONTE, MG", "BANCO": "SICOOB", "LINHA_AVAL_NOME": "GIRO", "LATITUDE": "-19.8714802", "LONGITUDE": "-43.9833612", "STATUS_OPERACIONAL": "CARTEIRA", "STATUS": "CARTEIRA", "field_14": null, "field_15": null, "field_16": null }, "geometry": { "type": "Point", "coordinates": [ -43.9833612, -19.8714802 ] } },
{ "type": "Feature", "properties": { "NROCNPJ_PAD": "71089072000103", "STATUS_MAILING": "EMPRESA ELEGÍVEL PRESENCIAL E PROPRIETÁRIO INDISPONÍVEL", "NOME_FANTASIA": "COLEGIO COP", "RAZAO_SOCIAL": "COLEGIO COPBH LTDA", "RESPONSAVEL": "CARLOS EYMARD MAGESTE DE MELO|CARLOSEYMARDMAGESTEDEMELO|MARIA JOSE DE ROMA SILVA|SIMONE SANTOS DE ROMA|SIMONESANTOSDEROMA|TANIA SANTOS ROMA CUNHA", "MUNICIPIO": "BELO HORIZONTE", "ENDEE": "RUA SENA MADUREIRA, 455, OURO PRETO, BELO HORIZONTE, MG", "BANCO": "SICOOB", "LINHA_AVAL_NOME": "GIRO", "LATITUDE": "-19.8730356", "LONGITUDE": "-43.9894598", "STATUS_OPERACIONAL": "CARTEIRA", "STATUS": "CARTEIRA", "field_14": null, "field_15": null, "field_16": null }, "geometry": { "type": "Point", "coordinates": [ -43.9894598, -19.8730356 ] } },
{ "type": "Feature", "properties": { "NROCNPJ_PAD": "26232564000143", "STATUS_MAILING": "EMPRESA ELEGÍVEL PRESENCIAL E PROPRIETÁRIO INDISPONÍVEL", "NOME_FANTASIA": "INVICTUS SOLUCOES EM ENGENHARIA", "RAZAO_SOCIAL": "INVICTUS SOLUCOES EM ENGENHARIA LTDA.", "RESPONSAVEL": "FERNANDO JOSE RODRIGUES SILVA ARAUJO", "MUNICIPIO": "BELO HORIZONTE", "ENDEE": "RUA MARIA JOSE GOMES, 154, SANTA CRUZ, BELO HORIZONTE, MG", "BANCO": "BRADESCO", "LINHA_AVAL_NOME": "-", "LATITUDE": "-19.8746489", "LONGITUDE": "-43.9451139", "STATUS_OPERACIONAL": "CARTEIRA", "STATUS": "CARTEIRA", "field_14": null, "field_15": null, "field_16": null }, "geometry": { "type": "Point", "coordinates": [ -43.9451139, -19.8746489 ] } },
{ "type": "Feature", "properties": { "NROCNPJ_PAD": "31325185000138", "STATUS_MAILING": "EMPRESA ELEGÍVEL PRESENCIAL E PROPRIETÁRIO INDISPONÍVEL", "NOME_FANTASIA": "VIBE TRANSPORTES", "RAZAO_SOCIAL": "VIBE TRANSPORTES LTDA", "RESPONSAVEL": "RUBIA DANIELA NORONHA DE ANDRADE", "MUNICIPIO": "BELO HORIZONTE", "ENDEE": "RUA JUAREZ, 131, UNIAO, BELO HORIZONTE, MG", "BANCO": "BDMG", "LINHA_AVAL_NOME": "GIRO", "LATITUDE": "-19.8787889", "LONGITUDE": "-43.9253698", "STATUS_OPERACIONAL": "CARTEIRA", "STATUS": "CARTEIRA", "field_14": null, "field_15": null, "field_16": null }, "geometry": { "type": "Point", "coordinates": [ -43.9253698, -19.8787889 ] } },
{ "type": "Feature", "properties": { "NROCNPJ_PAD": "27693353000170", "STATUS_MAILING": "EMPRESA ELEGÍVEL PRESENCIAL E PROPRIETÁRIO INDISPONÍVEL", "NOME_FANTASIA": "MAXSEG SEGURANCA ELETRONICA", "RAZAO_SOCIAL": "MAXSEG COMERCIO E SERVICO DE EQUIPAMENTOS DE MONITORAMENTO LTDA", "RESPONSAVEL": "IGORDESOUZAOLIVEIRA", "MUNICIPIO": "BELO HORIZONTE", "ENDEE": "RUA GENTIL TEODORO, 271, SANTA CRUZ, BELO HORIZONTE, MG", "BANCO": "SICOOB", "LINHA_AVAL_NOME": "GIRO", "LATITUDE": "-19.8810289", "LONGITUDE": "-43.9381668", "STATUS_OPERACIONAL": "CARTEIRA", "STATUS": "CARTEIRA", "field_14": null, "field_15": null, "field_16": null }, "geometry": { "type": "Point", "coordinates": [ -43.9381668, -19.8810289 ] } },
{ "type": "Feature", "properties": { "NROCNPJ_PAD": "14543317000189", "STATUS_MAILING": "EMPRESA ELEGÍVEL PRESENCIAL E PROPRIETÁRIO INDISPONÍVEL", "NOME_FANTASIA": "ATACADAO DO SORVETE CAICARA", "RAZAO_SOCIAL": "ATACADAO DO SORVETE CAICARA LTDA", "RESPONSAVEL": "MATHEUSGASPARINIDEMAGALHAES", "MUNICIPIO": "BELO HORIZONTE", "ENDEE": "RUA BRAZ BALTAZAR, 183, CAICARAS, BELO HORIZONTE, MG", "BANCO": "SICOOB", "LINHA_AVAL_NOME": "GIRO", "LATITUDE": "-19.901976", "LONGITUDE": "-43.967915", "STATUS_OPERACIONAL": "CARTEIRA", "STATUS": "CARTEIRA", "field_14": null, "field_15": null, "field_16": null }, "geometry": { "type": "Point", "coordinates": [ -43.967915, -19.901976 ] } },
{ "type": "Feature", "properties": { "NROCNPJ_PAD": "57004540000160", "STATUS_MAILING": "EMPRESA ELEGÍVEL PRESENCIAL E PROPRIETÁRIO INDISPONÍVEL", "NOME_FANTASIA": "AURORA INSTITUTO DE PSICOLOGIA", "RAZAO_SOCIAL": "AURORA INSTITUTO DE PSICOLOGIA LTDA", "RESPONSAVEL": "CLARA MAGALHAES MARTINS CAMPOS", "MUNICIPIO": "BELO HORIZONTE", "ENDEE": "RUA BELMIRO BRAGA, 344, CAICARAS, BELO HORIZONTE, MG", "BANCO": "BDMG", "LINHA_AVAL_NOME": "GIRO", "LATITUDE": "-19.9062625", "LONGITUDE": "-43.9675298", "STATUS_OPERACIONAL": "CARTEIRA", "STATUS": "CARTEIRA", "field_14": null, "field_15": null, "field_16": null }, "geometry": { "type": "Point", "coordinates": [ -43.9675298, -19.9062625 ] } },
{ "type": "Feature", "properties": { "NROCNPJ_PAD": "53857096000175", "STATUS_MAILING": "EMPRESA ELEGÍVEL PRESENCIAL E PROPRIETÁRIO INDISPONÍVEL", "NOME_FANTASIA": "MFLEET COMERCIO", "RAZAO_SOCIAL": "MFLEET COMERCIO E SERVICOS LTDA", "RESPONSAVEL": "-", "MUNICIPIO": "BELO HORIZONTE", "ENDEE": "RUA TRES PONTAS, 1422, CARLOS PRATES, BELO HORIZONTE, MG", "BANCO": "BRADESCO", "LINHA_AVAL_NOME": "-", "LATITUDE": "-19.9120592", "LONGITUDE": "-43.9681258", "STATUS_OPERACIONAL": "CARTEIRA", "STATUS": "CARTEIRA", "field_14": null, "field_15": null, "field_16": null }, "geometry": { "type": "Point", "coordinates": [ -43.9681258, -19.9120592 ] } },
{ "type": "Feature", "properties": { "NROCNPJ_PAD": "40038774000126", "STATUS_MAILING": "EMPRESA ELEGÍVEL PRESENCIAL E PROPRIETÁRIO INDISPONÍVEL", "NOME_FANTASIA": "REOBOTE SERVICOS", "RAZAO_SOCIAL": "REOBOTE MANUTENCAO RESIDENCIAL E PREDIAL LTDA", "RESPONSAVEL": "FABIANA SARA DA SILVA SANTOS|RODRIGO PEGO DE ALMEIDA", "MUNICIPIO": "BELO HORIZONTE", "ENDEE": "RUA RIACHUELO, 20, CARLOS PRATES, BELO HORIZONTE, MG", "BANCO": "BDMG", "LINHA_AVAL_NOME": "GIRO", "LATITUDE": "-19.9144893", "LONGITUDE": "-43.9638105", "STATUS_OPERACIONAL": "CARTEIRA", "STATUS": "CARTEIRA", "field_14": null, "field_15": null, "field_16": null }, "geometry": { "type": "Point", "coordinates": [ -43.9638105, -19.9144893 ] } },
{ "type": "Feature", "properties": { "NROCNPJ_PAD": "15611731000140", "STATUS_MAILING": "EMPRESA ELEGÍVEL PRESENCIAL E PROPRIETÁRIO INDISPONÍVEL", "NOME_FANTASIA": "RCW SOLUCOES EM CLIMATIZACAO", "RAZAO_SOCIAL": "RCW SOLUCOES EM CLIMATIZACAO LTDA", "RESPONSAVEL": "PEDRO ANDRE ALVES CAMPOS WINGESTER", "MUNICIPIO": "BELO HORIZONTE", "ENDEE": "AVENIDA CORONEL JOSE BENJAMIM, 385, PADRE EUSTAQUIO, BELO HORIZONTE, MG", "BANCO": "BRADESCO", "LINHA_AVAL_NOME": "GIRO", "LATITUDE": "-19.9191248", "LONGITUDE": "-43.9728245", "STATUS_OPERACIONAL": "CARTEIRA", "STATUS": "CARTEIRA", "field_14": null, "field_15": null, "field_16": null }, "geometry": { "type": "Point", "coordinates": [ -43.9728245, -19.9191248 ] } },
{ "type": "Feature", "properties": { "NROCNPJ_PAD": "20506638000106", "STATUS_MAILING": "EMPRESA ELEGÍVEL PRESENCIAL E PROPRIETÁRIO INDISPONÍVEL", "NOME_FANTASIA": "EA MULTISERVICOS", "RAZAO_SOCIAL": "ABBA ASSESSORIA EMPRESARIAL E SERVICOS LTDA", "RESPONSAVEL": "FERNANDO WANDERLEY TAVEIRA", "MUNICIPIO": "BELO HORIZONTE", "ENDEE": "AVENIDA DO CONTORNO, 9921, PRADO, BELO HORIZONTE, MG", "BANCO": "BDMG", "LINHA_AVAL_NOME": "GIRO", "LATITUDE": "-19.9216669", "LONGITUDE": "-43.9575556", "STATUS_OPERACIONAL": "CARTEIRA", "STATUS": "CARTEIRA", "field_14": null, "field_15": null, "field_16": null }, "geometry": { "type": "Point", "coordinates": [ -43.9575556, -19.9216669 ] } },
{ "type": "Feature", "properties": { "NROCNPJ_PAD": "20064185000105", "STATUS_MAILING": "EMPRESA ELEGÍVEL PRESENCIAL E PROPRIETÁRIO INDISPONÍVEL", "NOME_FANTASIA": "MAROSIX", "RAZAO_SOCIAL": "CLAUDIO LUIS GROSSI MAROTTA", "RESPONSAVEL": "CLAUDIOLUISGROSSIMAROTTA", "MUNICIPIO": "BELO HORIZONTE", "ENDEE": "RUA TRES CORACOES, 78, CALAFATE, BELO HORIZONTE, MG", "BANCO": "SICOOB", "LINHA_AVAL_NOME": "GIRO", "LATITUDE": "-19.9247184", "LONGITUDE": "-43.9693617", "STATUS_OPERACIONAL": "CARTEIRA", "STATUS": "CARTEIRA", "field_14": null, "field_15": null, "field_16": null }, "geometry": { "type": "Point", "coordinates": [ -43.9693617, -19.9247184 ] } },
{ "type": "Feature", "properties": { "NROCNPJ_PAD": "25225799000145", "STATUS_MAILING": "EMPRESA ELEGÍVEL PRESENCIAL E PROPRIETÁRIO INDISPONÍVEL", "NOME_FANTASIA": "-", "RAZAO_SOCIAL": "BUTIQUE DAS MEIAS LTDA", "RESPONSAVEL": "TIAGOMACHADOSILVEIRA", "MUNICIPIO": "BELO HORIZONTE", "ENDEE": "RUA CEARA, 611, SANTA EFIGENIA, BELO HORIZONTE, MG", "BANCO": "SICOOB", "LINHA_AVAL_NOME": "GIRO", "LATITUDE": "-19.9265445", "LONGITUDE": "-43.9267018", "STATUS_OPERACIONAL": "CARTEIRA", "STATUS": "CARTEIRA", "field_14": null, "field_15": null, "field_16": null }, "geometry": { "type": "Point", "coordinates": [ -43.9267018, -19.9265445 ] } },
{ "type": "Feature", "properties": { "NROCNPJ_PAD": "29827510000119", "STATUS_MAILING": "EMPRESA ELEGÍVEL PRESENCIAL E PROPRIETÁRIO INDISPONÍVEL", "NOME_FANTASIA": "TOKEN METODO", "RAZAO_SOCIAL": "TOKEN METODO ESCOLA DE MATEMATICA LTDA", "RESPONSAVEL": "CARLOSMIRANDALACERDA", "MUNICIPIO": "BELO HORIZONTE", "ENDEE": "RUA CEARA, 741, FUNCIONARIOS, BELO HORIZONTE, MG", "BANCO": "SICOOB", "LINHA_AVAL_NOME": "GIRO", "LATITUDE": "-19.9278004", "LONGITUDE": "-43.926827", "STATUS_OPERACIONAL": "CARTEIRA", "STATUS": "CARTEIRA", "field_14": null, "field_15": null, "field_16": null }, "geometry": { "type": "Point", "coordinates": [ -43.926827, -19.9278004 ] } },
{ "type": "Feature", "properties": { "NROCNPJ_PAD": "25131535000122", "STATUS_MAILING": "EMPRESA ELEGÍVEL PRESENCIAL E PROPRIETÁRIO INDISPONÍVEL", "NOME_FANTASIA": "OD GRAPH", "RAZAO_SOCIAL": "OD GRAFICA DIGITAL LTDA", "RESPONSAVEL": "ANAMARIADACOSTACARVALHO|OSVALDOCARVALHOJUNIOR", "MUNICIPIO": "BELO HORIZONTE", "ENDEE": "RUA BERNARDO GUIMARAES, 765, SAVASSI, BELO HORIZONTE, MG", "BANCO": "SICOOB", "LINHA_AVAL_NOME": "GIRO", "LATITUDE": "-19.9314055", "LONGITUDE": "-43.9317736", "STATUS_OPERACIONAL": "CARTEIRA", "STATUS": "CARTEIRA", "field_14": null, "field_15": null, "field_16": null }, "geometry": { "type": "Point", "coordinates": [ -43.9317736, -19.9314055 ] } },
{ "type": "Feature", "properties": { "NROCNPJ_PAD": "30417621000136", "STATUS_MAILING": "EMPRESA ELEGÍVEL PRESENCIAL E PROPRIETÁRIO INDISPONÍVEL", "NOME_FANTASIA": "NATURA VITTA PHARMA", "RAZAO_SOCIAL": "NATURA VITTA FARMACIA LTDA", "RESPONSAVEL": "FILIPE DE PINHO MIRANDA|LENICE MARA DE PINHO|LILIAM JOSITA DE PINHO", "MUNICIPIO": "BELO HORIZONTE", "ENDEE": "RUA PARAIBA, 589, SAVASSI, BELO HORIZONTE, MG", "BANCO": "BDMG", "LINHA_AVAL_NOME": "GIRO", "LATITUDE": "-19.9315666", "LONGITUDE": "-43.9322494", "STATUS_OPERACIONAL": "CARTEIRA", "STATUS": "CARTEIRA", "field_14": null, "field_15": null, "field_16": null }, "geometry": { "type": "Point", "coordinates": [ -43.9322494, -19.9315666 ] } },
{ "type": "Feature", "properties": { "NROCNPJ_PAD": "49893959000192", "STATUS_MAILING": "EMPRESA ELEGÍVEL PRESENCIAL E PROPRIETÁRIO INDISPONÍVEL", "NOME_FANTASIA": "-", "RAZAO_SOCIAL": "VALOR E SAUDE ASSESSORIA E GESTAO LTDA", "RESPONSAVEL": "GABRIEL FARIA DE OLIVEIRA", "MUNICIPIO": "BELO HORIZONTE", "ENDEE": "RUA BERNARDO GUIMARAES, 245, FUNCIONARIOS, BELO HORIZONTE, MG", "BANCO": "BRADESCO", "LINHA_AVAL_NOME": "GIRO", "LATITUDE": "-19.9326397", "LONGITUDE": "-43.9268914", "STATUS_OPERACIONAL": "CARTEIRA", "STATUS": "CARTEIRA", "field_14": null, "field_15": null, "field_16": null }, "geometry": { "type": "Point", "coordinates": [ -43.9268914, -19.9326397 ] } },
{ "type": "Feature", "properties": { "NROCNPJ_PAD": "05430313000101", "STATUS_MAILING": "EMPRESA ELEGÍVEL PRESENCIAL E PROPRIETÁRIO INDISPONÍVEL", "NOME_FANTASIA": "TORAXCENTER", "RAZAO_SOCIAL": "TORAXCENTER - MEDICINA DIAGNOSTICA LTDA", "RESPONSAVEL": "ENEYDEGONTIJOFERNANDES|FLAVIANOMARQUESDASILVA|JULIOGONTIJOFERNANDES|SUZELFELICIODASILVA", "MUNICIPIO": "BELO HORIZONTE", "ENDEE": "RUA GONCALVES DIAS, 506, FUNCIONARIOS, BELO HORIZONTE, MG", "BANCO": "SICOOB", "LINHA_AVAL_NOME": "EMPREENDEDORISMO FEM", "LATITUDE": "-19.932916", "LONGITUDE": "-43.9295545", "STATUS_OPERACIONAL": "CARTEIRA", "STATUS": "CARTEIRA", "field_14": null, "field_15": null, "field_16": null }, "geometry": { "type": "Point", "coordinates": [ -43.9295545, -19.932916 ] } },
{ "type": "Feature", "properties": { "NROCNPJ_PAD": "56078682000100", "STATUS_MAILING": "EMPRESA ELEGÍVEL PRESENCIAL E PROPRIETÁRIO INDISPONÍVEL", "NOME_FANTASIA": "-", "RAZAO_SOCIAL": "FP FISIO LTDA", "RESPONSAVEL": "FERNANDA PATRICIA DE JESUS", "MUNICIPIO": "BELO HORIZONTE", "ENDEE": "AVENIDA ALVARES CABRAL, 1777, SANTO AGOSTINHO, BELO HORIZONTE, MG", "BANCO": "BDMG", "LINHA_AVAL_NOME": "GIRO", "LATITUDE": "-19.9334749", "LONGITUDE": "-43.9507488", "STATUS_OPERACIONAL": "CARTEIRA", "STATUS": "CARTEIRA", "field_14": null, "field_15": null, "field_16": null }, "geometry": { "type": "Point", "coordinates": [ -43.9507488, -19.9334749 ] } },
{ "type": "Feature", "properties": { "NROCNPJ_PAD": "04528829000112", "STATUS_MAILING": "EMPRESA ELEGÍVEL PRESENCIAL E PROPRIETÁRIO INDISPONÍVEL", "NOME_FANTASIA": "-", "RAZAO_SOCIAL": "CLIMATIZAR ENGENHARIA TERMICA E AUTOMACAO LTDA", "RESPONSAVEL": "FRANCISCOJOSESIMOESPIMENTA|MARCELO CHAVES CERQUEIRA", "MUNICIPIO": "BELO HORIZONTE", "ENDEE": "AVENIDA AFONSO PENA, 2918, SAVASSI, BELO HORIZONTE, MG", "BANCO": "SICOOB", "LINHA_AVAL_NOME": "GIRO", "LATITUDE": "-19.9368931", "LONGITUDE": "-43.9280252", "STATUS_OPERACIONAL": "CARTEIRA", "STATUS": "CARTEIRA", "field_14": null, "field_15": null, "field_16": null }, "geometry": { "type": "Point", "coordinates": [ -43.9280252, -19.9368931 ] } },
{ "type": "Feature", "properties": { "NROCNPJ_PAD": "19124057000120", "STATUS_MAILING": "EMPRESA ELEGÍVEL PRESENCIAL E PROPRIETÁRIO INDISPONÍVEL", "NOME_FANTASIA": "PAPEL PICADO", "RAZAO_SOCIAL": "IMAGINACAO PAPELARIA E COMERCIO LTDA.", "RESPONSAVEL": "FLÁVIA DE JESUS BISPO SANTOS", "MUNICIPIO": "BELO HORIZONTE", "ENDEE": "AVENIDA GETULIO VARGAS, 1470, FUNCIONARIOS, BELO HORIZONTE, MG", "BANCO": "SICOOB", "LINHA_AVAL_NOME": "EMPREENDEDORISMO FEM", "LATITUDE": "-19.938581", "LONGITUDE": "-43.9368161", "STATUS_OPERACIONAL": "CARTEIRA", "STATUS": "CARTEIRA", "field_14": null, "field_15": null, "field_16": null }, "geometry": { "type": "Point", "coordinates": [ -43.9368161, -19.938581 ] } },
{ "type": "Feature", "properties": { "NROCNPJ_PAD": "07595538000135", "STATUS_MAILING": "EMPRESA ELEGÍVEL PRESENCIAL E PROPRIETÁRIO INDISPONÍVEL", "NOME_FANTASIA": "CLINICA LESS", "RAZAO_SOCIAL": "CLINICA MEDICA VIANELLO LTDA", "RESPONSAVEL": "-", "MUNICIPIO": "BELO HORIZONTE", "ENDEE": "RUA LEVINDO LOPES, 333, SAVASSI, BELO HORIZONTE, MG", "BANCO": "BDMG", "LINHA_AVAL_NOME": "GIRO", "LATITUDE": "-19.9390388", "LONGITUDE": "-43.9395847", "STATUS_OPERACIONAL": "CARTEIRA", "STATUS": "CARTEIRA", "field_14": null, "field_15": null, "field_16": null }, "geometry": { "type": "Point", "coordinates": [ -43.9395847, -19.9390388 ] } },
{ "type": "Feature", "properties": { "NROCNPJ_PAD": "17906722000102", "STATUS_MAILING": "EMPRESA ELEGÍVEL PRESENCIAL E PROPRIETÁRIO INDISPONÍVEL", "NOME_FANTASIA": "PONTO SAVASSI", "RAZAO_SOCIAL": "BAR E RESTAURANTE PONTO SAVASSI LTDA", "RESPONSAVEL": "GILSIMAR DE CARVALHO DA CRUZ", "MUNICIPIO": "BELO HORIZONTE", "ENDEE": "RUA FERNANDES TOURINHO, 105, SAVASSI, BELO HORIZONTE, MG", "BANCO": "BDMG", "LINHA_AVAL_NOME": "GIRO", "LATITUDE": "-19.9395582", "LONGITUDE": "-43.9356845", "STATUS_OPERACIONAL": "CARTEIRA", "STATUS": "CARTEIRA", "field_14": null, "field_15": null, "field_16": null }, "geometry": { "type": "Point", "coordinates": [ -43.9356845, -19.9395582 ] } },
{ "type": "Feature", "properties": { "NROCNPJ_PAD": "34266469000199", "STATUS_MAILING": "EMPRESA ELEGÍVEL PRESENCIAL E PROPRIETÁRIO INDISPONÍVEL", "NOME_FANTASIA": "PONTO SAVASSI II", "RAZAO_SOCIAL": "BAR E RESTAURANTE PONTO SAVASSI CONTORNO LTDA", "RESPONSAVEL": "MARIA ELISABETE GREGORIO", "MUNICIPIO": "BELO HORIZONTE", "ENDEE": "AVENIDA DO CONTORNO, 6317, SAO PEDRO, BELO HORIZONTE, MG", "BANCO": "BDMG", "LINHA_AVAL_NOME": "GIRO", "LATITUDE": "-19.9403889", "LONGITUDE": "-43.9363688", "STATUS_OPERACIONAL": "CARTEIRA", "STATUS": "CARTEIRA", "field_14": null, "field_15": null, "field_16": null }, "geometry": { "type": "Point", "coordinates": [ -43.9363688, -19.9403889 ] } },
{ "type": "Feature", "properties": { "NROCNPJ_PAD": "47615447000139", "STATUS_MAILING": "EMPRESA ELEGÍVEL PRESENCIAL E PROPRIETÁRIO INDISPONÍVEL", "NOME_FANTASIA": "TUO ATELIER", "RAZAO_SOCIAL": "ATELIER SONHO POSSIVEL LTDA", "RESPONSAVEL": "ISISHENRIQUESANTOSDEOLIVEIRA|RAFAELAMOTTADAROCHACHAVES", "MUNICIPIO": "BELO HORIZONTE", "ENDEE": "AVENIDA PRUDENTE DE MORAIS, 621, SANTO ANTONIO, BELO HORIZONTE, MG", "BANCO": "SICOOB", "LINHA_AVAL_NOME": "EMPREENDEDORISMO FEM", "LATITUDE": "-19.9428469", "LONGITUDE": "-43.9485175", "STATUS_OPERACIONAL": "CARTEIRA", "STATUS": "CARTEIRA", "field_14": null, "field_15": null, "field_16": null }, "geometry": { "type": "Point", "coordinates": [ -43.9485175, -19.9428469 ] } },
{ "type": "Feature", "properties": { "NROCNPJ_PAD": "42351118000104", "STATUS_MAILING": "EMPRESA ELEGÍVEL PRESENCIAL E PROPRIETÁRIO INDISPONÍVEL", "NOME_FANTASIA": "AFONSINA OLIVEIRA", "RAZAO_SOCIAL": "FIDELIS E OLIVEIRA GESTAO EMPRESARIAL LTDA", "RESPONSAVEL": "-", "MUNICIPIO": "BELO HORIZONTE", "ENDEE": "AVENIDA RAJA GABAGLIA, 1400, GUTIERREZ, BELO HORIZONTE, MG", "BANCO": "BRADESCO", "LINHA_AVAL_NOME": "GIRO", "LATITUDE": "-19.9469451", "LONGITUDE": "-43.9598893", "STATUS_OPERACIONAL": "CARTEIRA", "STATUS": "CARTEIRA", "field_14": null, "field_15": null, "field_16": null }, "geometry": { "type": "Point", "coordinates": [ -43.9598893, -19.9469451 ] } },
{ "type": "Feature", "properties": { "NROCNPJ_PAD": "43297333000137", "STATUS_MAILING": "EMPRESA ELEGÍVEL PRESENCIAL E PROPRIETÁRIO INDISPONÍVEL", "NOME_FANTASIA": "FP GESTAO FINANCEIRA", "RAZAO_SOCIAL": "FP GESTAO FINANCEIRA LTDA", "RESPONSAVEL": "FERNANDASANTOSBOVOLIN", "MUNICIPIO": "BELO HORIZONTE", "ENDEE": "AVENIDA RAJA GABAGLIA, 2000, ALPES, BELO HORIZONTE, MG", "BANCO": "SICOOB", "LINHA_AVAL_NOME": "EMPREENDEDORISMO FEM", "LATITUDE": "-19.9540113", "LONGITUDE": "-43.9596325", "STATUS_OPERACIONAL": "CARTEIRA", "STATUS": "CARTEIRA", "field_14": null, "field_15": null, "field_16": null }, "geometry": { "type": "Point", "coordinates": [ -43.9596325, -19.9540113 ] } },
{ "type": "Feature", "properties": { "NROCNPJ_PAD": "42355089000159", "STATUS_MAILING": "EMPRESA ELEGÍVEL PRESENCIAL E PROPRIETÁRIO INDISPONÍVEL", "NOME_FANTASIA": "CND CONSULTORIA E ASSESSORIA CONTABIL", "RAZAO_SOCIAL": "CND CONTABILIDADE LTDA", "RESPONSAVEL": "MAYRA LETICIA VIEIRA DUARTE NUNES|RODRIGO SILVA MOREIRA NUNES", "MUNICIPIO": "BELO HORIZONTE", "ENDEE": "AVENIDA RAJA GABAGLIA, 3502, ESTORIL, BELO HORIZONTE, MG", "BANCO": "BDMG", "LINHA_AVAL_NOME": "GIRO", "LATITUDE": "-19.9635986", "LONGITUDE": "-43.956294", "STATUS_OPERACIONAL": "CARTEIRA", "STATUS": "CARTEIRA", "field_14": null, "field_15": null, "field_16": null }, "geometry": { "type": "Point", "coordinates": [ -43.956294, -19.9635986 ] } },
{ "type": "Feature", "properties": { "NROCNPJ_PAD": "32774605000126", "STATUS_MAILING": "EMPRESA ELEGÍVEL PRESENCIAL E PROPRIETÁRIO INDISPONÍVEL", "NOME_FANTASIA": "LOJA DO GALO", "RAZAO_SOCIAL": "H&E COMERCIO PRODUTOS ESPORTIVOS LTDA", "RESPONSAVEL": "HISSA ELIAS MOYSES FILHO", "MUNICIPIO": "BELO HORIZONTE", "ENDEE": "AVENIDA PROFESSOR MARIO WERNECK, 1360, BURITIS, BELO HORIZONTE, MG", "BANCO": "BDMG", "LINHA_AVAL_NOME": "GIRO", "LATITUDE": "-19.9682434", "LONGITUDE": "-43.9652069", "STATUS_OPERACIONAL": "CARTEIRA", "STATUS": "CARTEIRA", "field_14": null, "field_15": null, "field_16": null }, "geometry": { "type": "Point", "coordinates": [ -43.9652069, -19.9682434 ] } },
{ "type": "Feature", "properties": { "NROCNPJ_PAD": "42187159000107", "STATUS_MAILING": "EMPRESA ELEGÍVEL PRESENCIAL E PROPRIETÁRIO INDISPONÍVEL", "NOME_FANTASIA": "MINIATURA", "RAZAO_SOCIAL": "MINIATURA CALCADOS E MODA INFANTIL LTDA", "RESPONSAVEL": "GABRIELLE TORRES DE CASTRO|GABRIELLETORRESDECASTRO", "MUNICIPIO": "BELO HORIZONTE", "ENDEE": "RUA DESEMBARGADOR JORGE FONTANA, 408, BELVEDERE, BELO HORIZONTE, MG", "BANCO": "BDMG", "LINHA_AVAL_NOME": "GIRO", "LATITUDE": "-19.9758091", "LONGITUDE": "-43.9434925", "STATUS_OPERACIONAL": "CARTEIRA", "STATUS": "CARTEIRA", "field_14": null, "field_15": null, "field_16": null }, "geometry": { "type": "Point", "coordinates": [ -43.9434925, -19.9758091 ] } },
{ "type": "Feature", "properties": { "NROCNPJ_PAD": "48771007000133", "STATUS_MAILING": "EMPRESA ELEGÍVEL PRESENCIAL E PROPRIETÁRIO INDISPONÍVEL", "NOME_FANTASIA": "ZEINA FARAH", "RAZAO_SOCIAL": "ZEINA FARAH LTDA", "RESPONSAVEL": "-", "MUNICIPIO": "BELO HORIZONTE", "ENDEE": "RUA DESEMBARGADOR JORGE FONTANA, 428, BELVEDERE, BELO HORIZONTE, MG", "BANCO": "BRADESCO", "LINHA_AVAL_NOME": "GIRO", "LATITUDE": "-19.975951", "LONGITUDE": "-43.9437616", "STATUS_OPERACIONAL": "CARTEIRA", "STATUS": "CARTEIRA", "field_14": null, "field_15": null, "field_16": null }, "geometry": { "type": "Point", "coordinates": [ -43.9437616, -19.975951 ] } },
{ "type": "Feature", "properties": { "NROCNPJ_PAD": "57053073000169", "STATUS_MAILING": "EMPRESA ELEGÍVEL ONLINE SEM SUCESSO NO CONTATO TELEFÔNICO/EMPRESA ELEGÍVEL PRESENCIAL E PROPRIETÁRIO AUSENTE", "NOME_FANTASIA": "-", "RAZAO_SOCIAL": "FIX MANUTENCAO LTDA", "RESPONSAVEL": "-", "MUNICIPIO": "BELO HORIZONTE", "ENDEE": "RUA CORONEL JAIRO PEREIRA, 799, PALMARES, BELO HORIZONTE, MG", "BANCO": "BRADESCO", "LINHA_AVAL_NOME": "EMPREENDEDORISMO FEM", "LATITUDE": "-19.8710904", "LONGITUDE": "-43.9294582", "STATUS_OPERACIONAL": "CARTEIRA", "STATUS": "CARTEIRA", "field_14": null, "field_15": null, "field_16": null }, "geometry": { "type": "Point", "coordinates": [ -43.9294582, -19.8710904 ] } },
{ "type": "Feature", "properties": { "NROCNPJ_PAD": "45537922000170", "STATUS_MAILING": "EMPRESA ELEGÍVEL ONLINE SEM SUCESSO NO CONTATO TELEFÔNICO/EMPRESA ELEGÍVEL PRESENCIAL E PROPRIETÁRIO AUSENTE", "NOME_FANTASIA": "-", "RAZAO_SOCIAL": "VANDERLEI FERREIRA DA COSTA", "RESPONSAVEL": "VANDERLEIFERREIRADACOSTA", "MUNICIPIO": "BELO HORIZONTE", "ENDEE": "RUA FERNANDO TRISTAO DE OLIVEIRA, 232, IPE, BELO HORIZONTE, MG", "BANCO": "SICOOB", "LINHA_AVAL_NOME": "GIRO", "LATITUDE": "-19.872274", "LONGITUDE": "-43.9065927", "STATUS_OPERACIONAL": "CARTEIRA", "STATUS": "CARTEIRA", "field_14": null, "field_15": null, "field_16": null }, "geometry": { "type": "Point", "coordinates": [ -43.9065927, -19.872274 ] } },
{ "type": "Feature", "properties": { "NROCNPJ_PAD": "21579233000160", "STATUS_MAILING": "EMPRESA ELEGÍVEL ONLINE SEM SUCESSO NO CONTATO TELEFÔNICO/EMPRESA ELEGÍVEL PRESENCIAL E PROPRIETÁRIO AUSENTE", "NOME_FANTASIA": "ROTA TRUCK", "RAZAO_SOCIAL": "ANEL PECAS DIESEL LTDA", "RESPONSAVEL": "FABIOTOLEDO", "MUNICIPIO": "BELO HORIZONTE", "ENDEE": "RUA PROFESSOR PAIXAO, 7, BAIRRO DAS INDUSTRIAS I, BELO HORIZONTE, MG", "BANCO": "SICOOB", "LINHA_AVAL_NOME": "GIRO", "LATITUDE": "-19.9573551", "LONGITUDE": "-44.0027233", "STATUS_OPERACIONAL": "CARTEIRA", "STATUS": "CARTEIRA", "field_14": null, "field_15": null, "field_16": null }, "geometry": { "type": "Point", "coordinates": [ -44.0027233, -19.9573551 ] } },
{ "type": "Feature", "properties": { "NROCNPJ_PAD": "28197236000189", "STATUS_MAILING": "EMPRESA ELEGÍVEL ONLINE SEM SUCESSO NO CONTATO TELEFÔNICO/EMPRESA ELEGÍVEL PRESENCIAL E PROPRIETÁRIO AUSENTE", "NOME_FANTASIA": "-", "RAZAO_SOCIAL": "MKV COMERCIO, IMPORTACAO E EXPORTACAO LTDA", "RESPONSAVEL": "KELLEN CRISTINA ALVES DE MELO", "MUNICIPIO": "BELO HORIZONTE", "ENDEE": "RUA ALVIMAR REZENDE, 105, SANTA MARGARIDA, BELO HORIZONTE, MG", "BANCO": "BDMG", "LINHA_AVAL_NOME": "GIRO", "LATITUDE": "-19.9723746", "LONGITUDE": "-44.0202627", "STATUS_OPERACIONAL": "CARTEIRA", "STATUS": "CARTEIRA", "field_14": null, "field_15": null, "field_16": null }, "geometry": { "type": "Point", "coordinates": [ -44.0202627, -19.9723746 ] } },
{ "type": "Feature", "properties": { "NROCNPJ_PAD": "14947268000140", "STATUS_MAILING": "EMPRESA ELEGÍVEL PRESENCIAL E PROPRIETÁRIO AUSENTE", "NOME_FANTASIA": "ONICO PES", "RAZAO_SOCIAL": "CALEDIROL ARTIGOS ORTOPEDICOS LTDA", "RESPONSAVEL": "FERNANDO OLIVEIRA SANTOS|NUBIA DE SOUZA AVILA", "MUNICIPIO": "BELO HORIZONTE", "ENDEE": "AVENIDA VILARINHO, 5230, VENDA NOVA, BELO HORIZONTE, MG", "BANCO": "BDMG", "LINHA_AVAL_NOME": "GIRO", "LATITUDE": "-19.8021884", "LONGITUDE": "-43.9819423", "STATUS_OPERACIONAL": "CARTEIRA", "STATUS": "CARTEIRA", "field_14": null, "field_15": null, "field_16": null }, "geometry": { "type": "Point", "coordinates": [ -43.9819423, -19.8021884 ] } },
{ "type": "Feature", "properties": { "NROCNPJ_PAD": "36651714000107", "STATUS_MAILING": "EMPRESA ELEGÍVEL PRESENCIAL E PROPRIETÁRIO AUSENTE", "NOME_FANTASIA": "-", "RAZAO_SOCIAL": "ESTUDIO DE BELEZA WAGNER FUTRO LTDA", "RESPONSAVEL": "WAGNERFUTRORODRIGUES", "MUNICIPIO": "BELO HORIZONTE", "ENDEE": "RUA MARMORE, 747, SANTA TEREZA, BELO HORIZONTE, MG", "BANCO": "SICOOB", "LINHA_AVAL_NOME": "GIRO", "LATITUDE": "-19.9168385", "LONGITUDE": "-43.9153305", "STATUS_OPERACIONAL": "CARTEIRA", "STATUS": "CARTEIRA", "field_14": null, "field_15": null, "field_16": null }, "geometry": { "type": "Point", "coordinates": [ -43.9153305, -19.9168385 ] } },
{ "type": "Feature", "properties": { "NROCNPJ_PAD": "70953377000140", "STATUS_MAILING": "EMPRESA ELEGÍVEL PRESENCIAL E PROPRIETÁRIO AUSENTE", "NOME_FANTASIA": "-", "RAZAO_SOCIAL": "VANTEC SOLUCOES TECNOLOGICAS LTDA", "RESPONSAVEL": "WOLDER SILVA FONSECA", "MUNICIPIO": "BELO HORIZONTE", "ENDEE": "RUA SANTA CATARINA, 1630, LOURDES, BELO HORIZONTE, MG", "BANCO": "SICOOB", "LINHA_AVAL_NOME": "GIRO", "LATITUDE": "-19.9348219", "LONGITUDE": "-43.947299", "STATUS_OPERACIONAL": "CARTEIRA", "STATUS": "CARTEIRA", "field_14": null, "field_15": null, "field_16": null }, "geometry": { "type": "Point", "coordinates": [ -43.947299, -19.9348219 ] } },
{ "type": "Feature", "properties": { "NROCNPJ_PAD": "55441483000151", "STATUS_MAILING": "EMPRESA ELEGÍVEL PRESENCIAL E PROPRIETÁRIO INDISPONÍVEL", "NOME_FANTASIA": "HOSPILOC", "RAZAO_SOCIAL": "HOSPILOC ALUGUEL E VENDA DE EQUIPAMENTOS MEDICO ORTOPEDICOS LTDA", "RESPONSAVEL": "-", "MUNICIPIO": "BELO HORIZONTE", "ENDEE": "AVENIDA PASTEUR, 76, SANTA EFIGENIA, BELO HORIZONTE, MG", "BANCO": "BRADESCO", "LINHA_AVAL_NOME": "GIRO", "LATITUDE": "-19.9272119", "LONGITUDE": "-43.92948", "STATUS_OPERACIONAL": "CARTEIRA", "STATUS": "CARTEIRA", "field_14": null, "field_15": null, "field_16": null }, "geometry": { "type": "Point", "coordinates": [ -43.92948, -19.9272119 ] } },
{ "type": "Feature", "properties": { "NROCNPJ_PAD": "21179595000164", "STATUS_MAILING": "EMPRESA ELEGÍVEL PRESENCIAL E PROPRIETÁRIO INDISPONÍVEL", "NOME_FANTASIA": "-", "RAZAO_SOCIAL": "I.G.A ODONTOLOGIA LTDA", "RESPONSAVEL": "ISABELAGUIEIRODEABREU", "MUNICIPIO": "BELO HORIZONTE", "ENDEE": "RUA RIO GRANDE DO NORTE, 355, FUNCIONARIOS, BELO HORIZONTE, MG", "BANCO": "SICOOB", "LINHA_AVAL_NOME": "GIRO", "LATITUDE": "-19.9285614", "LONGITUDE": "-43.9299858", "STATUS_OPERACIONAL": "CARTEIRA", "STATUS": "CARTEIRA", "field_14": null, "field_15": null, "field_16": null }, "geometry": { "type": "Point", "coordinates": [ -43.9299858, -19.9285614 ] } },
{ "type": "Feature", "properties": { "NROCNPJ_PAD": "11861703000120", "STATUS_MAILING": "EMPRESA ELEGÍVEL PRESENCIAL E PROPRIETÁRIO INDISPONÍVEL", "NOME_FANTASIA": "-", "RAZAO_SOCIAL": "CLINICA MARCELO PITCHON LTDA", "RESPONSAVEL": "LOURDESMEIRECANUTOGONCALVESDESOUZA|MARCELOPITCHON|SARANASROULAHDEPITCHON", "MUNICIPIO": "BELO HORIZONTE", "ENDEE": "AVENIDA DO CONTORNO, 5351, CRUZEIRO, BELO HORIZONTE, MG", "BANCO": "SICOOB", "LINHA_AVAL_NOME": "GIRO", "LATITUDE": "-19.9397508", "LONGITUDE": "-43.9270183", "STATUS_OPERACIONAL": "CARTEIRA", "STATUS": "CARTEIRA", "field_14": null, "field_15": null, "field_16": null }, "geometry": { "type": "Point", "coordinates": [ -43.9270183, -19.9397508 ] } },
{ "type": "Feature", "properties": { "NROCNPJ_PAD": "11462349000161", "STATUS_MAILING": "EMPRESA ELEGÍVEL PRESENCIAL E PROPRIETÁRIO INDISPONÍVEL", "NOME_FANTASIA": "SOLARIDADE", "RAZAO_SOCIAL": "SOLARIDADE RESIDENCIAL SENIOR LTDA", "RESPONSAVEL": "-", "MUNICIPIO": "BELO HORIZONTE", "ENDEE": "RUA ORIENTE, 519, SERRA, BELO HORIZONTE, MG", "BANCO": "BRADESCO", "LINHA_AVAL_NOME": "GIRO", "LATITUDE": "-19.9421692", "LONGITUDE": "-43.9183303", "STATUS_OPERACIONAL": "CARTEIRA", "STATUS": "CARTEIRA", "field_14": null, "field_15": null, "field_16": null }, "geometry": { "type": "Point", "coordinates": [ -43.9183303, -19.9421692 ] } },
{ "type": "Feature", "properties": { "NROCNPJ_PAD": "53936090000193", "STATUS_MAILING": "EMPRESA ELEGÍVEL PRESENCIAL NÃO VISITADA COM ERRO NO CADASTRO TELEFÔNICO", "NOME_FANTASIA": "PADARIA LEPAM", "RAZAO_SOCIAL": "PANIFICADORA LEPAM LTDA", "RESPONSAVEL": "GEANCARLOSGOMES", "MUNICIPIO": "BELO HORIZONTE", "ENDEE": "RUA CONEGO TRINDADE, 717, JARDIM LEBLON, BELO HORIZONTE, MG", "BANCO": "BRADESCO", "LINHA_AVAL_NOME": "GIRO", "LATITUDE": "-19.8212799", "LONGITUDE": "-43.9912181", "STATUS_OPERACIONAL": "CARTEIRA", "STATUS": "CARTEIRA", "field_14": null, "field_15": null, "field_16": null }, "geometry": { "type": "Point", "coordinates": [ -43.9912181, -19.8212799 ] } },
{ "type": "Feature", "properties": { "NROCNPJ_PAD": "36760953000103", "STATUS_MAILING": "EMPRESA ELEGÍVEL PRESENCIAL NÃO VISITADA COM ERRO NO CADASTRO TELEFÔNICO", "NOME_FANTASIA": "CASA DE CARNES ABASTECER SAMAHA", "RAZAO_SOCIAL": "CASA DE CARNES ABASTECER SAMAHA LTDA", "RESPONSAVEL": "SILVANA MARIA DA FONSECA BARBOSA GANDINI", "MUNICIPIO": "BELO HORIZONTE", "ENDEE": "RUA JOAO SAMAHA, 1141, SAO JOAO BATISTA, BELO HORIZONTE, MG", "BANCO": "BDMG", "LINHA_AVAL_NOME": "GIRO", "LATITUDE": "-19.8222865", "LONGITUDE": "-43.9653158", "STATUS_OPERACIONAL": "CARTEIRA", "STATUS": "CARTEIRA", "field_14": null, "field_15": null, "field_16": null }, "geometry": { "type": "Point", "coordinates": [ -43.9653158, -19.8222865 ] } },
{ "type": "Feature", "properties": { "NROCNPJ_PAD": "28910583000107", "STATUS_MAILING": "EMPRESA ELEGÍVEL PRESENCIAL NÃO VISITADA COM ERRO NO CADASTRO TELEFÔNICO", "NOME_FANTASIA": "ZACAM", "RAZAO_SOCIAL": "I G S CAMPOS X-COMMERCE", "RESPONSAVEL": "-", "MUNICIPIO": "BELO HORIZONTE", "ENDEE": "RUA MARAVILHAS, 150, PROVIDENCIA, BELO HORIZONTE, MG", "BANCO": "BDMG", "LINHA_AVAL_NOME": "GIRO", "LATITUDE": "-19.8568344", "LONGITUDE": "-43.9270759", "STATUS_OPERACIONAL": "CARTEIRA", "STATUS": "CARTEIRA", "field_14": null, "field_15": null, "field_16": null }, "geometry": { "type": "Point", "coordinates": [ -43.9270759, -19.8568344 ] } },
{ "type": "Feature", "properties": { "NROCNPJ_PAD": "55778066000107", "STATUS_MAILING": "EMPRESA ELEGÍVEL PRESENCIAL NÃO VISITADA COM ERRO NO CADASTRO TELEFÔNICO", "NOME_FANTASIA": "-", "RAZAO_SOCIAL": "CHARLOCK BURGUER LTDA", "RESPONSAVEL": "JASMIRAPEREIRANUNES|VANDERLEIFERREIRANUNES", "MUNICIPIO": "BELO HORIZONTE", "ENDEE": "RUA LIDIA, 74, PIRAJA, BELO HORIZONTE, MG", "BANCO": "SICOOB", "LINHA_AVAL_NOME": "GIRO", "LATITUDE": "-19.8645911", "LONGITUDE": "-43.9188032", "STATUS_OPERACIONAL": "CARTEIRA", "STATUS": "CARTEIRA", "field_14": null, "field_15": null, "field_16": null }, "geometry": { "type": "Point", "coordinates": [ -43.9188032, -19.8645911 ] } },
{ "type": "Feature", "properties": { "NROCNPJ_PAD": "30567623000101", "STATUS_MAILING": "EMPRESA ELEGÍVEL PRESENCIAL NÃO VISITADA COM ERRO NO CADASTRO TELEFÔNICO", "NOME_FANTASIA": "-", "RAZAO_SOCIAL": "VMGL DESENHO E TECNICA LTDA", "RESPONSAVEL": "-", "MUNICIPIO": "BELO HORIZONTE", "ENDEE": "RUA ENI, 150, SUZANA, BELO HORIZONTE, MG", "BANCO": "BDMG", "LINHA_AVAL_NOME": "GIRO", "LATITUDE": "-19.8660104", "LONGITUDE": "-43.9352707", "STATUS_OPERACIONAL": "CARTEIRA", "STATUS": "CARTEIRA", "field_14": null, "field_15": null, "field_16": null }, "geometry": { "type": "Point", "coordinates": [ -43.9352707, -19.8660104 ] } },
{ "type": "Feature", "properties": { "NROCNPJ_PAD": "51474545000170", "STATUS_MAILING": "EMPRESA ELEGÍVEL PRESENCIAL NÃO VISITADA COM ERRO NO CADASTRO TELEFÔNICO", "NOME_FANTASIA": "-", "RAZAO_SOCIAL": "51.474.545 RODRIGO BATISTA MENEZES", "RESPONSAVEL": "-", "MUNICIPIO": "BELO HORIZONTE", "ENDEE": "RUA MARIA DAS GRACAS, 60, MARIA GORETTI, BELO HORIZONTE, MG", "BANCO": "SICOOB", "LINHA_AVAL_NOME": "GIRO", "LATITUDE": "-19.8662779", "LONGITUDE": "-43.90822", "STATUS_OPERACIONAL": "CARTEIRA", "STATUS": "CARTEIRA", "field_14": null, "field_15": null, "field_16": null }, "geometry": { "type": "Point", "coordinates": [ -43.90822, -19.8662779 ] } },
{ "type": "Feature", "properties": { "NROCNPJ_PAD": "27580651000154", "STATUS_MAILING": "EMPRESA ELEGÍVEL PRESENCIAL NÃO VISITADA COM ERRO NO CADASTRO TELEFÔNICO", "NOME_FANTASIA": "POWER TEC DESENTUPIDORA", "RAZAO_SOCIAL": "POWER TEC DESENTUPIDORA LTDA", "RESPONSAVEL": "-", "MUNICIPIO": "BELO HORIZONTE", "ENDEE": "RUA SAO PAULO, 11, URCA, BELO HORIZONTE, MG", "BANCO": "SICOOB", "LINHA_AVAL_NOME": "GIRO", "LATITUDE": "-19.8698559", "LONGITUDE": "-44.015249", "STATUS_OPERACIONAL": "CARTEIRA", "STATUS": "CARTEIRA", "field_14": null, "field_15": null, "field_16": null }, "geometry": { "type": "Point", "coordinates": [ -44.015249, -19.8698559 ] } },
{ "type": "Feature", "properties": { "NROCNPJ_PAD": "16611314000160", "STATUS_MAILING": "EMPRESA ELEGÍVEL PRESENCIAL NÃO VISITADA COM ERRO NO CADASTRO TELEFÔNICO", "NOME_FANTASIA": "RR PECAS", "RAZAO_SOCIAL": "RR PECAS COMERCIO AUTOMOTIVO LTDA", "RESPONSAVEL": "-", "MUNICIPIO": "BELO HORIZONTE", "ENDEE": "RUA MAJOR DELFINO DE PAULA, 2810, SAO FRANCISCO, BELO HORIZONTE, MG", "BANCO": "BRADESCO", "LINHA_AVAL_NOME": "-", "LATITUDE": "-19.882118", "LONGITUDE": "-43.9608158", "STATUS_OPERACIONAL": "CARTEIRA", "STATUS": "CARTEIRA", "field_14": null, "field_15": null, "field_16": null }, "geometry": { "type": "Point", "coordinates": [ -43.9608158, -19.882118 ] } },
{ "type": "Feature", "properties": { "NROCNPJ_PAD": "61039084000161", "STATUS_MAILING": "EMPRESA ELEGÍVEL PRESENCIAL NÃO VISITADA COM ERRO NO CADASTRO TELEFÔNICO", "NOME_FANTASIA": "-", "RAZAO_SOCIAL": "61.039.084 CARLA FERNANDA LISBOA DE ABREU", "RESPONSAVEL": "-", "MUNICIPIO": "BELO HORIZONTE", "ENDEE": "RUA CIRILO GASPAR DE ARAUJO, 3, APARECIDA SETIMA SECAO, BELO HORIZONTE, MG", "BANCO": "SICOOB", "LINHA_AVAL_NOME": "EMPREENDEDORISMO FEM", "LATITUDE": "-19.894066", "LONGITUDE": "-43.9602619", "STATUS_OPERACIONAL": "CARTEIRA", "STATUS": "CARTEIRA", "field_14": null, "field_15": null, "field_16": null }, "geometry": { "type": "Point", "coordinates": [ -43.9602619, -19.894066 ] } },
{ "type": "Feature", "properties": { "NROCNPJ_PAD": "32479121000154", "STATUS_MAILING": "EMPRESA ELEGÍVEL PRESENCIAL NÃO VISITADA COM ERRO NO CADASTRO TELEFÔNICO", "NOME_FANTASIA": "RW TECNOLOGIA", "RAZAO_SOCIAL": "RW TECNOLOGIA LTDA", "RESPONSAVEL": "KELLEN CRISTINA DUTRA DE OLIVEIRA|ROBERT WALLACE PEIXOTO DE OLIVEIRA", "MUNICIPIO": "BELO HORIZONTE", "ENDEE": "RUA DOS MEDICOS, 36, ALIPIO DE MELO, BELO HORIZONTE, MG", "BANCO": "BDMG", "LINHA_AVAL_NOME": "GIRO", "LATITUDE": "-19.8976386", "LONGITUDE": "-44.0014523", "STATUS_OPERACIONAL": "CARTEIRA", "STATUS": "CARTEIRA", "field_14": null, "field_15": null, "field_16": null }, "geometry": { "type": "Point", "coordinates": [ -44.0014523, -19.8976386 ] } },
{ "type": "Feature", "properties": { "NROCNPJ_PAD": "49137871000140", "STATUS_MAILING": "EMPRESA ELEGÍVEL PRESENCIAL NÃO VISITADA COM ERRO NO CADASTRO TELEFÔNICO", "NOME_FANTASIA": "RDM CONSULTORIA", "RAZAO_SOCIAL": "RDM CONSULTORIA E SERVICOS LTDA", "RESPONSAVEL": "-", "MUNICIPIO": "BELO HORIZONTE", "ENDEE": "RUA CALIFORNIA, 570, SION, BELO HORIZONTE, MG", "BANCO": "BRADESCO", "LINHA_AVAL_NOME": "-", "LATITUDE": "-19.9541074", "LONGITUDE": "-43.9346614", "STATUS_OPERACIONAL": "CARTEIRA", "STATUS": "CARTEIRA", "field_14": null, "field_15": null, "field_16": null }, "geometry": { "type": "Point", "coordinates": [ -43.9346614, -19.9541074 ] } },
{ "type": "Feature", "properties": { "NROCNPJ_PAD": "08403472000105", "STATUS_MAILING": "EMPRESA ELEGÍVEL PRESENCIAL NÃO VISITADA COM ERRO NO CADASTRO TELEFÔNICO", "NOME_FANTASIA": "-", "RAZAO_SOCIAL": "DRYSYSTEM SISTEMAS ACUSTICOS E LIGHT STEEL FRAME LTDA", "RESPONSAVEL": "-", "MUNICIPIO": "BELO HORIZONTE", "ENDEE": "RUA MARIA BEATRIZ, 815, HAVAI, BELO HORIZONTE, MG", "BANCO": "SICOOB", "LINHA_AVAL_NOME": "GIRO", "LATITUDE": "-19.955583", "LONGITUDE": "-43.9772115", "STATUS_OPERACIONAL": "CARTEIRA", "STATUS": "CARTEIRA", "field_14": null, "field_15": null, "field_16": null }, "geometry": { "type": "Point", "coordinates": [ -43.9772115, -19.955583 ] } },
{ "type": "Feature", "properties": { "NROCNPJ_PAD": "40370022000168", "STATUS_MAILING": "EMPRESA ELEGÍVEL PRESENCIAL NÃO VISITADA COM ERRO NO CADASTRO TELEFÔNICO", "NOME_FANTASIA": "-", "RAZAO_SOCIAL": "MGL VEDACOES INDUSTRIAIS LTDA", "RESPONSAVEL": "-", "MUNICIPIO": "BELO HORIZONTE", "ENDEE": "RUA PRESIDENTE COSTA E SILVA, 148, BAIRRO DAS INDUSTRIAS I, BELO HORIZONTE, MG", "BANCO": "BRADESCO", "LINHA_AVAL_NOME": "EMPREENDEDORISMO FEM", "LATITUDE": "-19.9584814", "LONGITUDE": "-44.0104601", "STATUS_OPERACIONAL": "CARTEIRA", "STATUS": "CARTEIRA", "field_14": null, "field_15": null, "field_16": null }, "geometry": { "type": "Point", "coordinates": [ -44.0104601, -19.9584814 ] } },
{ "type": "Feature", "properties": { "NROCNPJ_PAD": "60102263000133", "STATUS_MAILING": "EMPRESA ELEGÍVEL PRESENCIAL NÃO VISITADA COM ERRO NO CADASTRO TELEFÔNICO", "NOME_FANTASIA": "FOURMARC BUSINESS & CONSULTING", "RAZAO_SOCIAL": "FOURMARC BUSINESS & CONSULTING LTDA", "RESPONSAVEL": "-", "MUNICIPIO": "BELO HORIZONTE", "ENDEE": "RUA HENRIQUE BADARO PORTUGAL, 480, BURITIS, BELO HORIZONTE, MG", "BANCO": "BDMG", "LINHA_AVAL_NOME": "GIRO", "LATITUDE": "-19.9723189", "LONGITUDE": "-43.9756543", "STATUS_OPERACIONAL": "CARTEIRA", "STATUS": "CARTEIRA", "field_14": null, "field_15": null, "field_16": null }, "geometry": { "type": "Point", "coordinates": [ -43.9756543, -19.9723189 ] } },
{ "type": "Feature", "properties": { "NROCNPJ_PAD": "22886135000139", "STATUS_MAILING": "EMPRESA ELEGÍVEL PRESENCIAL NÃO VISITADA COM ERRO NO CADASTRO TELEFÔNICO", "NOME_FANTASIA": "ODONTO RISO CENTRO DE REABILITACAO ORAL LINDEIA", "RAZAO_SOCIAL": "CLINICA ODONTOLOGICA SALES LTDA", "RESPONSAVEL": "KEZIA APARECIDA MACIEL PEREIRA", "MUNICIPIO": "BELO HORIZONTE", "ENDEE": "AVENIDA FLOR DE SEDA, 876, LINDEIA, BELO HORIZONTE, MG", "BANCO": "SICOOB", "LINHA_AVAL_NOME": "GIRO", "LATITUDE": "-19.9803174", "LONGITUDE": "-44.0494852", "STATUS_OPERACIONAL": "CARTEIRA", "STATUS": "CARTEIRA", "field_14": null, "field_15": null, "field_16": null }, "geometry": { "type": "Point", "coordinates": [ -44.0494852, -19.9803174 ] } },
{ "type": "Feature", "properties": { "NROCNPJ_PAD": "48582749000110", "STATUS_MAILING": "EMPRESA ELEGÍVEL PRESENCIAL NÃO VISITADA COM ERRO NO CADASTRO TELEFÔNICO", "NOME_FANTASIA": "GRUPO TRINTA PORCENTO", "RAZAO_SOCIAL": "TRINTA PORCENTO GROUP LTDA", "RESPONSAVEL": "-", "MUNICIPIO": "BELO HORIZONTE", "ENDEE": "AVENIDA OLINTO MEIRELES, 1364, SANTA HELENA, BELO HORIZONTE, MG", "BANCO": "BRADESCO", "LINHA_AVAL_NOME": "-", "LATITUDE": "-19.9829613", "LONGITUDE": "-44.0101515", "STATUS_OPERACIONAL": "CARTEIRA", "STATUS": "CARTEIRA", "field_14": null, "field_15": null, "field_16": null }, "geometry": { "type": "Point", "coordinates": [ -44.0101515, -19.9829613 ] } },
{ "type": "Feature", "properties": { "NROCNPJ_PAD": "66310624000113", "STATUS_MAILING": "EMPRESA ELEGÍVEL PRESENCIAL NÃO VISITADA COM ERRO NO CADASTRO TELEFÔNICO", "NOME_FANTASIA": "-", "RAZAO_SOCIAL": "66.310.624 FLAVIO CUNHA DE OLIVEIRA", "RESPONSAVEL": "FLAVIO CUNHA DE OLIVEIRA", "MUNICIPIO": "BELO HORIZONTE", "ENDEE": "RUA ADELINA PATRICIA DE CARVALHO, 11, DIAMANTE, BELO HORIZONTE, MG", "BANCO": "BDMG", "LINHA_AVAL_NOME": "GIRO", "LATITUDE": "-19.9891735", "LONGITUDE": "-44.0186048", "STATUS_OPERACIONAL": "CARTEIRA", "STATUS": "CARTEIRA", "field_14": null, "field_15": null, "field_16": null }, "geometry": { "type": "Point", "coordinates": [ -44.0186048, -19.9891735 ] } },
{ "type": "Feature", "properties": { "NROCNPJ_PAD": "58404560000191", "STATUS_MAILING": "EMPRESA ELEGÍVEL PRESENCIAL NÃO VISITADA COM ERRO NO CADASTRO TELEFÔNICO", "NOME_FANTASIA": "SABORES DE MOEDA PRODUTOS DA ROCA", "RAZAO_SOCIAL": "SABORES DE MOEDA PRODUTOS DA ROCA LTDA", "RESPONSAVEL": "-", "MUNICIPIO": "BELO HORIZONTE", "ENDEE": "AVENIDA SENADOR LEVINDO COELHO, 1918, VALE DO JATOBA, BELO HORIZONTE, MG", "BANCO": "BRADESCO", "LINHA_AVAL_NOME": "-", "LATITUDE": "-20.0053847", "LONGITUDE": "-44.0351956", "STATUS_OPERACIONAL": "CARTEIRA", "STATUS": "CARTEIRA", "field_14": null, "field_15": null, "field_16": null }, "geometry": { "type": "Point", "coordinates": [ -44.0351956, -20.0053847 ] } },
{ "type": "Feature", "properties": { "NROCNPJ_PAD": "57116731000114", "STATUS_MAILING": "EMPRESA ELEGÍVEL PRESENCIAL NÃO VISITADA COM ERRO NO CADASTRO TELEFÔNICO", "NOME_FANTASIA": "-", "RAZAO_SOCIAL": "HAMBURGUERIA DO VALE LTDA", "RESPONSAVEL": "-", "MUNICIPIO": "BELO HORIZONTE", "ENDEE": "RUA ENGRACIA COSTA E SILVA, 111, VALE DO JATOBA (BARREIRO), BELO HORIZONTE, MG", "BANCO": "BDMG", "LINHA_AVAL_NOME": "GIRO", "LATITUDE": "-20.005574", "LONGITUDE": "-44.0413154", "STATUS_OPERACIONAL": "CARTEIRA", "STATUS": "CARTEIRA", "field_14": null, "field_15": null, "field_16": null }, "geometry": { "type": "Point", "coordinates": [ -44.0413154, -20.005574 ] } },
{ "type": "Feature", "properties": { "NROCNPJ_PAD": "14714983000132", "STATUS_MAILING": "EMPRESA ELEGÍVEL ONLINE NÃO TRABALHADA NO CONTATO TELEFÔNICO/EMPRESA ELEGÍVEL PRESENCIAL NÃO VISITADA", "NOME_FANTASIA": "0", "RAZAO_SOCIAL": "14.714.983 DANIELA MOREIRA CORREA", "RESPONSAVEL": "-", "MUNICIPIO": "BELO HORIZONTE", "ENDEE": "RUA SERRA DO NAVIO,00020,RIBEIRO DE ABREU,31872-340,BELO HORIZONTE,-, BRASIL", "BANCO": "BRADESCO", "LINHA_AVAL_NOME": "0", "LATITUDE": "-19.821531", "LONGITUDE": "-43.9009309", "STATUS_OPERACIONAL": "CARTEIRA", "STATUS": "CARTEIRA", "field_14": null, "field_15": null, "field_16": null }, "geometry": { "type": "Point", "coordinates": [ -43.9009309, -19.821531 ] } },
{ "type": "Feature", "properties": { "NROCNPJ_PAD": "32145194000100", "STATUS_MAILING": "EMPRESA ELEGÍVEL ONLINE NÃO TRABALHADA NO CONTATO TELEFÔNICO/EMPRESA ELEGÍVEL PRESENCIAL NÃO VISITADA", "NOME_FANTASIA": "ULHOA TRANSPORTE", "RAZAO_SOCIAL": "RODRIGO RODRIGUES ULHOA 00717254666", "RESPONSAVEL": "RODRIGORODRIGUESULHOA", "MUNICIPIO": "BELO HORIZONTE", "ENDEE": "RUA ANTONIO ORLINDO DE CASTRO, 419, CONJ CASA, SAO JOAO BATISTA (VENDA NOVA), 31515-290, BELO HORIZONTE", "BANCO": "-", "LINHA_AVAL_NOME": "GIRO", "LATITUDE": "-19.8240315", "LONGITUDE": "-43.9667217", "STATUS_OPERACIONAL": "CARTEIRA", "STATUS": "CARTEIRA", "field_14": null, "field_15": null, "field_16": null }, "geometry": { "type": "Point", "coordinates": [ -43.9667217, -19.8240315 ] } },
{ "type": "Feature", "properties": { "NROCNPJ_PAD": "41728781000112", "STATUS_MAILING": "EMPRESA ELEGÍVEL ONLINE NÃO TRABALHADA NO CONTATO TELEFÔNICO/EMPRESA ELEGÍVEL PRESENCIAL NÃO VISITADA", "NOME_FANTASIA": "P&R DISTRIBUIDORA DE COSMETICOS", "RAZAO_SOCIAL": "P&R DISTRIBUIDORA DE COSMETICOS LTDA", "RESPONSAVEL": "-", "MUNICIPIO": "BELO HORIZONTE", "ENDEE": "RUA NEWTON PINTO DE SOUZA,220,SANTA MONICA,31525-260,BELO HORIZONTE,MG, BRASIL", "BANCO": "SICOOB", "LINHA_AVAL_NOME": "0", "LATITUDE": "-19.8249584", "LONGITUDE": "-43.9764848", "STATUS_OPERACIONAL": "CARTEIRA", "STATUS": "CARTEIRA", "field_14": null, "field_15": null, "field_16": null }, "geometry": { "type": "Point", "coordinates": [ -43.9764848, -19.8249584 ] } },
{ "type": "Feature", "properties": { "NROCNPJ_PAD": "54846713000108", "STATUS_MAILING": "EMPRESA ELEGÍVEL ONLINE NÃO TRABALHADA NO CONTATO TELEFÔNICO/EMPRESA ELEGÍVEL PRESENCIAL NÃO VISITADA", "NOME_FANTASIA": "DROGARIAS MINAS FORTE", "RAZAO_SOCIAL": "DROGARIAS MINAS FORTE LTDA", "RESPONSAVEL": "-", "MUNICIPIO": "BELO HORIZONTE", "ENDEE": "RUA JOAO SAMAHA,1233,SAO JOAO BATISTA,31515-393,BELO HORIZONTE,MG, BRASIL", "BANCO": "SICOOB", "LINHA_AVAL_NOME": "0", "LATITUDE": "-19.8260214", "LONGITUDE": "-43.962385", "STATUS_OPERACIONAL": "CARTEIRA", "STATUS": "CARTEIRA", "field_14": null, "field_15": null, "field_16": null }, "geometry": { "type": "Point", "coordinates": [ -43.962385, -19.8260214 ] } },
{ "type": "Feature", "properties": { "NROCNPJ_PAD": "55158736000184", "STATUS_MAILING": "EMPRESA ELEGÍVEL ONLINE NÃO TRABALHADA NO CONTATO TELEFÔNICO/EMPRESA ELEGÍVEL PRESENCIAL NÃO VISITADA", "NOME_FANTASIA": "RDSETE", "RAZAO_SOCIAL": "RD7 LTDA", "RESPONSAVEL": "-", "MUNICIPIO": "BELO HORIZONTE", "ENDEE": "RUA ALFAVACA,90,PAULO VI,31995-220,BELO HORIZONTE,MG, BRASIL", "BANCO": "BDMG", "LINHA_AVAL_NOME": "0", "LATITUDE": "-19.8369896", "LONGITUDE": "-43.8927865", "STATUS_OPERACIONAL": "CARTEIRA", "STATUS": "CARTEIRA", "field_14": null, "field_15": null, "field_16": null }, "geometry": { "type": "Point", "coordinates": [ -43.8927865, -19.8369896 ] } },
{ "type": "Feature", "properties": { "NROCNPJ_PAD": "35906125000160", "STATUS_MAILING": "EMPRESA ELEGÍVEL ONLINE NÃO TRABALHADA NO CONTATO TELEFÔNICO/EMPRESA ELEGÍVEL PRESENCIAL NÃO VISITADA", "NOME_FANTASIA": "0", "RAZAO_SOCIAL": "MARLON MACEDO DO VALLE", "RESPONSAVEL": "-", "MUNICIPIO": "BELO HORIZONTE", "ENDEE": "RUA JOAQUIM CLEMENTE,619,FLORAMAR,31840-340,BELO HORIZONTE,MG, BRASIL", "BANCO": "SICOOB", "LINHA_AVAL_NOME": "0", "LATITUDE": "-19.8382464", "LONGITUDE": "-43.9335423", "STATUS_OPERACIONAL": "CARTEIRA", "STATUS": "CARTEIRA", "field_14": null, "field_15": null, "field_16": null }, "geometry": { "type": "Point", "coordinates": [ -43.9335423, -19.8382464 ] } },
{ "type": "Feature", "properties": { "NROCNPJ_PAD": "37811157000107", "STATUS_MAILING": "EMPRESA ELEGÍVEL ONLINE NÃO TRABALHADA NO CONTATO TELEFÔNICO/EMPRESA ELEGÍVEL PRESENCIAL NÃO VISITADA", "NOME_FANTASIA": "QUANTUM UNIVERSUS", "RAZAO_SOCIAL": "INSTITUTO BRASILEIRO DE HOMEOPATIA LTDA", "RESPONSAVEL": "-", "MUNICIPIO": "BELO HORIZONTE", "ENDEE": "RUA SICILIA,210,OURO PRETO,31340-400,BELO HORIZONTE,MG, BRASIL", "BANCO": "SICOOB", "LINHA_AVAL_NOME": "0", "LATITUDE": "-19.8669137", "LONGITUDE": "-43.988419", "STATUS_OPERACIONAL": "CARTEIRA", "STATUS": "CARTEIRA", "field_14": null, "field_15": null, "field_16": null }, "geometry": { "type": "Point", "coordinates": [ -43.988419, -19.8669137 ] } },
{ "type": "Feature", "properties": { "NROCNPJ_PAD": "32722864000103", "STATUS_MAILING": "EMPRESA ELEGÍVEL ONLINE NÃO TRABALHADA NO CONTATO TELEFÔNICO/EMPRESA ELEGÍVEL PRESENCIAL NÃO VISITADA", "NOME_FANTASIA": "REI DAS BOMBAS", "RAZAO_SOCIAL": "REI DAS BOMBAS TUDO PARA POSTO LTDA", "RESPONSAVEL": "-", "MUNICIPIO": "BELO HORIZONTE", "ENDEE": "RUA ARLINDO DOS SANTOS,123,MARIA VIRGINIA,31160-640,BELO HORIZONTE,-, BRASIL", "BANCO": "BRADESCO", "LINHA_AVAL_NOME": "0", "LATITUDE": "-19.869241", "LONGITUDE": "-43.9310254", "STATUS_OPERACIONAL": "CARTEIRA", "STATUS": "CARTEIRA", "field_14": null, "field_15": null, "field_16": null }, "geometry": { "type": "Point", "coordinates": [ -43.9310254, -19.869241 ] } },
{ "type": "Feature", "properties": { "NROCNPJ_PAD": "64366941000126", "STATUS_MAILING": "EMPRESA ELEGÍVEL ONLINE NÃO TRABALHADA NO CONTATO TELEFÔNICO/EMPRESA ELEGÍVEL PRESENCIAL NÃO VISITADA", "NOME_FANTASIA": "0", "RAZAO_SOCIAL": "AUTO MECANICA IRMAOS SIQUEIRA LTDA", "RESPONSAVEL": "-", "MUNICIPIO": "BELO HORIZONTE", "ENDEE": "RUA PRESIDENTE TANCREDO NEVES,4360,PAQUETA,31330-472,BELO HORIZONTE,-, BRASIL", "BANCO": "BRADESCO", "LINHA_AVAL_NOME": "0", "LATITUDE": "-19.871156", "LONGITUDE": "-43.9957583", "STATUS_OPERACIONAL": "CARTEIRA", "STATUS": "CARTEIRA", "field_14": null, "field_15": null, "field_16": null }, "geometry": { "type": "Point", "coordinates": [ -43.9957583, -19.871156 ] } },
{ "type": "Feature", "properties": { "NROCNPJ_PAD": "60063925000103", "STATUS_MAILING": "EMPRESA ELEGÍVEL ONLINE NÃO TRABALHADA NO CONTATO TELEFÔNICO/EMPRESA ELEGÍVEL PRESENCIAL NÃO VISITADA", "NOME_FANTASIA": "VISION REFORMAS", "RAZAO_SOCIAL": "VISION REFORMAS LTDA", "RESPONSAVEL": "-", "MUNICIPIO": "BELO HORIZONTE", "ENDEE": "RUA JOSE ALVES DE SOUZA,283,SANTA TEREZINHA,31360-120,BELO HORIZONTE,MG, BRASIL", "BANCO": "BDMG", "LINHA_AVAL_NOME": "0", "LATITUDE": "-19.8712626", "LONGITUDE": "-44.0109394", "STATUS_OPERACIONAL": "CARTEIRA", "STATUS": "CARTEIRA", "field_14": null, "field_15": null, "field_16": null }, "geometry": { "type": "Point", "coordinates": [ -44.0109394, -19.8712626 ] } },
{ "type": "Feature", "properties": { "NROCNPJ_PAD": "56005625000109", "STATUS_MAILING": "EMPRESA ELEGÍVEL ONLINE NÃO TRABALHADA NO CONTATO TELEFÔNICO/EMPRESA ELEGÍVEL PRESENCIAL NÃO VISITADA", "NOME_FANTASIA": "GZP TRANSPORTES", "RAZAO_SOCIAL": "ZARA TRANSPORTE LTDA", "RESPONSAVEL": "-", "MUNICIPIO": "BELO HORIZONTE", "ENDEE": "RUA ANTONIO AUGUSTO DE CARVALHO,33,OURO PRETO,31340-020,BELO HORIZONTE,-, BRASIL", "BANCO": "BRADESCO", "LINHA_AVAL_NOME": "0", "LATITUDE": "-19.8727881", "LONGITUDE": "-43.9885396", "STATUS_OPERACIONAL": "CARTEIRA", "STATUS": "CARTEIRA", "field_14": null, "field_15": null, "field_16": null }, "geometry": { "type": "Point", "coordinates": [ -43.9885396, -19.8727881 ] } },
{ "type": "Feature", "properties": { "NROCNPJ_PAD": "17329354000187", "STATUS_MAILING": "EMPRESA ELEGÍVEL ONLINE NÃO TRABALHADA NO CONTATO TELEFÔNICO/EMPRESA ELEGÍVEL PRESENCIAL NÃO VISITADA", "NOME_FANTASIA": "ARTECH TECNOLOGIA EM REDE DE AR COMPRIMIDO", "RAZAO_SOCIAL": "M. F. E. DA SILVA - AR COMPRIMIDO", "RESPONSAVEL": "-", "MUNICIPIO": "BELO HORIZONTE", "ENDEE": "RUA RODRIGUES DO PRADO,150,ERMELINDA,31250-310,BELO HORIZONTE,MG, BRASIL", "BANCO": "BDMG", "LINHA_AVAL_NOME": "0", "LATITUDE": "-19.884456", "LONGITUDE": "-43.9605692", "STATUS_OPERACIONAL": "CARTEIRA", "STATUS": "CARTEIRA", "field_14": null, "field_15": null, "field_16": null }, "geometry": { "type": "Point", "coordinates": [ -43.9605692, -19.884456 ] } },
{ "type": "Feature", "properties": { "NROCNPJ_PAD": "17201041000149", "STATUS_MAILING": "EMPRESA ELEGÍVEL ONLINE NÃO TRABALHADA NO CONTATO TELEFÔNICO/EMPRESA ELEGÍVEL PRESENCIAL NÃO VISITADA", "NOME_FANTASIA": "STUDIO MOOB", "RAZAO_SOCIAL": "TECHMOB TECNOLOGIA LTDA", "RESPONSAVEL": "ALESSANDRO DE FIGUEIREDO CLEMENTE|CLAUDIO FERNANDO PINTO", "MUNICIPIO": "BELO HORIZONTE", "ENDEE": "RUA MARIA DE SOUZA ALVES, 451, APT 401 BLOCO 2, MANACAS, 30840-610, BELO HORIZONTE", "BANCO": "-", "LINHA_AVAL_NOME": "GIRO", "LATITUDE": "-19.8924422", "LONGITUDE": "-43.9989052", "STATUS_OPERACIONAL": "CARTEIRA", "STATUS": "CARTEIRA", "field_14": null, "field_15": null, "field_16": null }, "geometry": { "type": "Point", "coordinates": [ -43.9989052, -19.8924422 ] } },
{ "type": "Feature", "properties": { "NROCNPJ_PAD": "47506906000146", "STATUS_MAILING": "EMPRESA ELEGÍVEL ONLINE NÃO TRABALHADA NO CONTATO TELEFÔNICO/EMPRESA ELEGÍVEL PRESENCIAL NÃO VISITADA", "NOME_FANTASIA": "PCA REPRESENTACOES", "RAZAO_SOCIAL": "OLUAP RASEC AVELAR REPRESENTACOES LTDA", "RESPONSAVEL": "-", "MUNICIPIO": "BELO HORIZONTE", "ENDEE": "RUA PIUMA,70,COQUEIROS,30881-350,BELO HORIZONTE,-, BRASIL", "BANCO": "BRADESCO", "LINHA_AVAL_NOME": "0", "LATITUDE": "-19.8968793", "LONGITUDE": "-44.0218223", "STATUS_OPERACIONAL": "CARTEIRA", "STATUS": "CARTEIRA", "field_14": null, "field_15": null, "field_16": null }, "geometry": { "type": "Point", "coordinates": [ -44.0218223, -19.8968793 ] } },
{ "type": "Feature", "properties": { "NROCNPJ_PAD": "54785535000144", "STATUS_MAILING": "EMPRESA ELEGÍVEL ONLINE NÃO TRABALHADA NO CONTATO TELEFÔNICO/EMPRESA ELEGÍVEL PRESENCIAL NÃO VISITADA", "NOME_FANTASIA": "BERNARDES TOOLS", "RAZAO_SOCIAL": "BERNARDES TOOLS ECOMMERCE DE UTILIDADES LTDA", "RESPONSAVEL": "-", "MUNICIPIO": "BELO HORIZONTE", "ENDEE": "RUA JATAI,982,CONCORDIA,31130-350,BELO HORIZONTE,MG, BRASIL", "BANCO": "SICOOB", "LINHA_AVAL_NOME": "0", "LATITUDE": "-19.8972715", "LONGITUDE": "-43.9351303", "STATUS_OPERACIONAL": "CARTEIRA", "STATUS": "CARTEIRA", "field_14": null, "field_15": null, "field_16": null }, "geometry": { "type": "Point", "coordinates": [ -43.9351303, -19.8972715 ] } },
{ "type": "Feature", "properties": { "NROCNPJ_PAD": "08282051000165", "STATUS_MAILING": "EMPRESA ELEGÍVEL ONLINE NÃO TRABALHADA NO CONTATO TELEFÔNICO/EMPRESA ELEGÍVEL PRESENCIAL NÃO VISITADA", "NOME_FANTASIA": "VALERE", "RAZAO_SOCIAL": "MOURA & BRAGA MULTIMARCAS LTDA", "RESPONSAVEL": "-", "MUNICIPIO": "BELO HORIZONTE", "ENDEE": "RUA DOM JOAQUIM SILVERIO,570,CORACAO EUCARISTICO,30535-620,BELO HORIZONTE,MG, BRASIL", "BANCO": "BDMG", "LINHA_AVAL_NOME": "0", "LATITUDE": "-19.9254575", "LONGITUDE": "-43.9896304", "STATUS_OPERACIONAL": "CARTEIRA", "STATUS": "CARTEIRA", "field_14": null, "field_15": null, "field_16": null }, "geometry": { "type": "Point", "coordinates": [ -43.9896304, -19.9254575 ] } },
{ "type": "Feature", "properties": { "NROCNPJ_PAD": "41199125000170", "STATUS_MAILING": "EMPRESA ELEGÍVEL ONLINE NÃO TRABALHADA NO CONTATO TELEFÔNICO/EMPRESA ELEGÍVEL PRESENCIAL NÃO VISITADA", "NOME_FANTASIA": "D BABY", "RAZAO_SOCIAL": "DBABY LTDA", "RESPONSAVEL": "-", "MUNICIPIO": "BELO HORIZONTE", "ENDEE": "RUA PLAZA MAYOR,50,CALIFORNIA,30855-184,BELO HORIZONTE,MG, BRASIL", "BANCO": "BDMG", "LINHA_AVAL_NOME": "0", "LATITUDE": "-19.9317127", "LONGITUDE": "-44.0231883", "STATUS_OPERACIONAL": "CARTEIRA", "STATUS": "CARTEIRA", "field_14": null, "field_15": null, "field_16": null }, "geometry": { "type": "Point", "coordinates": [ -44.0231883, -19.9317127 ] } },
{ "type": "Feature", "properties": { "NROCNPJ_PAD": "16839235000101", "STATUS_MAILING": "EMPRESA ELEGÍVEL ONLINE NÃO TRABALHADA NO CONTATO TELEFÔNICO/EMPRESA ELEGÍVEL PRESENCIAL NÃO VISITADA", "NOME_FANTASIA": "0", "RAZAO_SOCIAL": "PRO CELULA EXAMES CITOLOGICOS LTDA", "RESPONSAVEL": "-", "MUNICIPIO": "BELO HORIZONTE", "ENDEE": "RUA PARAIBA,651,SANTA EFIGENIA,30130-140,BELO HORIZONTE,-, BRASIL", "BANCO": "BRADESCO", "LINHA_AVAL_NOME": "0", "LATITUDE": "-19.9321029", "LONGITUDE": "-43.9322745", "STATUS_OPERACIONAL": "CARTEIRA", "STATUS": "CARTEIRA", "field_14": null, "field_15": null, "field_16": null }, "geometry": { "type": "Point", "coordinates": [ -43.9322745, -19.9321029 ] } },
{ "type": "Feature", "properties": { "NROCNPJ_PAD": "42401536000169", "STATUS_MAILING": "EMPRESA ELEGÍVEL ONLINE NÃO TRABALHADA NO CONTATO TELEFÔNICO/EMPRESA ELEGÍVEL PRESENCIAL NÃO VISITADA", "NOME_FANTASIA": "OPC SERVICOS", "RAZAO_SOCIAL": "OPC SERVICOS LTDA", "RESPONSAVEL": "GABRIEL CRUZ ROLIM|IKARO COSTA FERREIRA", "MUNICIPIO": "BELO HORIZONTE", "ENDEE": "AVENIDA ALVARES CABRAL, 1777, SALA 1905 A 1910, SANTO AGOSTINHO, 30170-008, BELO HORIZONTE", "BANCO": "-", "LINHA_AVAL_NOME": "GIRO", "LATITUDE": "-19.9334749", "LONGITUDE": "-43.9507488", "STATUS_OPERACIONAL": "CARTEIRA", "STATUS": "CARTEIRA", "field_14": null, "field_15": null, "field_16": null }, "geometry": { "type": "Point", "coordinates": [ -43.9507488, -19.9334749 ] } },
{ "type": "Feature", "properties": { "NROCNPJ_PAD": "39570251000147", "STATUS_MAILING": "EMPRESA ELEGÍVEL ONLINE NÃO TRABALHADA NO CONTATO TELEFÔNICO/EMPRESA ELEGÍVEL PRESENCIAL NÃO VISITADA", "NOME_FANTASIA": "AMANDA DIAS INTERIORES", "RAZAO_SOCIAL": "AMANDA DIAS INTERIORES LTDA.", "RESPONSAVEL": "-", "MUNICIPIO": "BELO HORIZONTE", "ENDEE": "RUA CLAUDIO MANOEL,326,FUNCIONARIOS,30140-100,BELO HORIZONTE,MG, BRASIL", "BANCO": "SICOOB", "LINHA_AVAL_NOME": "0", "LATITUDE": "-19.9346191", "LONGITUDE": "-43.9281389", "STATUS_OPERACIONAL": "CARTEIRA", "STATUS": "CARTEIRA", "field_14": null, "field_15": null, "field_16": null }, "geometry": { "type": "Point", "coordinates": [ -43.9281389, -19.9346191 ] } },
{ "type": "Feature", "properties": { "NROCNPJ_PAD": "02989244000174", "STATUS_MAILING": "EMPRESA ELEGÍVEL ONLINE NÃO TRABALHADA NO CONTATO TELEFÔNICO/EMPRESA ELEGÍVEL PRESENCIAL NÃO VISITADA", "NOME_FANTASIA": "ACTCON SISTEMAS", "RAZAO_SOCIAL": "PORTAL SOLUCOES LTDA", "RESPONSAVEL": "-", "MUNICIPIO": "BELO HORIZONTE", "ENDEE": "RUA RAJA GABAGLIA,2000,ALPES,30494-170,BELO HORIZONTE,MG, BRASIL", "BANCO": "BDMG", "LINHA_AVAL_NOME": "0", "LATITUDE": "-19.954955", "LONGITUDE": "-43.9595168", "STATUS_OPERACIONAL": "CARTEIRA", "STATUS": "CARTEIRA", "field_14": null, "field_15": null, "field_16": null }, "geometry": { "type": "Point", "coordinates": [ -43.9595168, -19.954955 ] } },
{ "type": "Feature", "properties": { "NROCNPJ_PAD": "59481874000150", "STATUS_MAILING": "EMPRESA ELEGÍVEL ONLINE NÃO TRABALHADA NO CONTATO TELEFÔNICO/EMPRESA ELEGÍVEL PRESENCIAL NÃO VISITADA", "NOME_FANTASIA": "PATATIVAS", "RAZAO_SOCIAL": "PATATIVAS CLINICA VETERINARIA LTDA", "RESPONSAVEL": "-", "MUNICIPIO": "BELO HORIZONTE", "ENDEE": "RUA COLOMBIA,375,SION,30320-010,BELO HORIZONTE,MG, BRASIL", "BANCO": "SICOOB", "LINHA_AVAL_NOME": "0", "LATITUDE": "-19.955414", "LONGITUDE": "-43.9390759", "STATUS_OPERACIONAL": "CARTEIRA", "STATUS": "CARTEIRA", "field_14": null, "field_15": null, "field_16": null }, "geometry": { "type": "Point", "coordinates": [ -43.9390759, -19.955414 ] } },
{ "type": "Feature", "properties": { "NROCNPJ_PAD": "26640040000191", "STATUS_MAILING": "EMPRESA ELEGÍVEL ONLINE NÃO TRABALHADA NO CONTATO TELEFÔNICO/EMPRESA ELEGÍVEL PRESENCIAL NÃO VISITADA", "NOME_FANTASIA": "TEMPS DU VIN", "RAZAO_SOCIAL": "TEMPO DO VINHO COMERCIO LTDA", "RESPONSAVEL": "CYNARA LIMA DE MOURA|DIOGO CUNHA BARBOSA|RODRIGOCUNHABARBOSA", "MUNICIPIO": "BELO HORIZONTE", "ENDEE": "AVENIDA RAJA GABAGLIA, 2696, LOJA 02, ESTORIL, 30494-170, BELO HORIZONTE", "BANCO": "-", "LINHA_AVAL_NOME": "INVESTIMENTO + GIRO", "LATITUDE": "-19.9596702", "LONGITUDE": "-43.9578283", "STATUS_OPERACIONAL": "CARTEIRA", "STATUS": "CARTEIRA", "field_14": null, "field_15": null, "field_16": null }, "geometry": { "type": "Point", "coordinates": [ -43.9578283, -19.9596702 ] } },
{ "type": "Feature", "properties": { "NROCNPJ_PAD": "51663840000175", "STATUS_MAILING": "EMPRESA ELEGÍVEL ONLINE NÃO TRABALHADA NO CONTATO TELEFÔNICO/EMPRESA ELEGÍVEL PRESENCIAL NÃO VISITADA", "NOME_FANTASIA": "SL NEGOCIOS", "RAZAO_SOCIAL": "SL NEGOCIOS LTDA", "RESPONSAVEL": "-", "MUNICIPIO": "BELO HORIZONTE", "ENDEE": "RUA JUIZ ACHILLES VELLOSO,160,ESTORIL,30494-180,BELO HORIZONTE,MG, BRASIL", "BANCO": "BDMG", "LINHA_AVAL_NOME": "0", "LATITUDE": "-19.9612958", "LONGITUDE": "-43.9587523", "STATUS_OPERACIONAL": "CARTEIRA", "STATUS": "CARTEIRA", "field_14": null, "field_15": null, "field_16": null }, "geometry": { "type": "Point", "coordinates": [ -43.9587523, -19.9612958 ] } },
{ "type": "Feature", "properties": { "NROCNPJ_PAD": "45821988000198", "STATUS_MAILING": "EMPRESA ELEGÍVEL ONLINE NÃO TRABALHADA NO CONTATO TELEFÔNICO/EMPRESA ELEGÍVEL PRESENCIAL NÃO VISITADA", "NOME_FANTASIA": "ILINKED", "RAZAO_SOCIAL": "ILINKED TI SERVICOS DE INFORMATICA LTDA", "RESPONSAVEL": "-", "MUNICIPIO": "BELO HORIZONTE", "ENDEE": "RUA DARIO FARIA TAVARES,267,BAIRRO DAS INDUSTRIAS I,30610-250,BELO HORIZONTE,MG, BRASIL", "BANCO": "BDMG", "LINHA_AVAL_NOME": "0", "LATITUDE": "-19.9614231", "LONGITUDE": "-44.0034865", "STATUS_OPERACIONAL": "CARTEIRA", "STATUS": "CARTEIRA", "field_14": null, "field_15": null, "field_16": null }, "geometry": { "type": "Point", "coordinates": [ -44.0034865, -19.9614231 ] } },
{ "type": "Feature", "properties": { "NROCNPJ_PAD": "24905493000177", "STATUS_MAILING": "EMPRESA ELEGÍVEL ONLINE NÃO TRABALHADA NO CONTATO TELEFÔNICO/EMPRESA ELEGÍVEL PRESENCIAL NÃO VISITADA", "NOME_FANTASIA": "0", "RAZAO_SOCIAL": "BHERING CORRETORA DE NEGOCIOS LTDA", "RESPONSAVEL": "-", "MUNICIPIO": "BELO HORIZONTE", "ENDEE": "RUA RAJA GABAGLIA,3502,ESTORIL,30494-310,BELO HORIZONTE,MG, BRASIL", "BANCO": "BDMG", "LINHA_AVAL_NOME": "0", "LATITUDE": "-19.9635986", "LONGITUDE": "-43.956294", "STATUS_OPERACIONAL": "CARTEIRA", "STATUS": "CARTEIRA", "field_14": null, "field_15": null, "field_16": null }, "geometry": { "type": "Point", "coordinates": [ -43.956294, -19.9635986 ] } },
{ "type": "Feature", "properties": { "NROCNPJ_PAD": "21000760000179", "STATUS_MAILING": "EMPRESA ELEGÍVEL ONLINE NÃO TRABALHADA NO CONTATO TELEFÔNICO/EMPRESA ELEGÍVEL PRESENCIAL NÃO VISITADA", "NOME_FANTASIA": "ABERDEEN", "RAZAO_SOCIAL": "ABERDEEN SERVICOS LTDA", "RESPONSAVEL": "-", "MUNICIPIO": "BELO HORIZONTE", "ENDEE": "RUA JOSE BASILIO,209,PARQUE SAO JOSE,30570-520,BELO HORIZONTE,-, BRASIL", "BANCO": "BRADESCO", "LINHA_AVAL_NOME": "0", "LATITUDE": "-19.9654041", "LONGITUDE": "-43.9799615", "STATUS_OPERACIONAL": "CARTEIRA", "STATUS": "CARTEIRA", "field_14": null, "field_15": null, "field_16": null }, "geometry": { "type": "Point", "coordinates": [ -43.9799615, -19.9654041 ] } },
{ "type": "Feature", "properties": { "NROCNPJ_PAD": "17515925000178", "STATUS_MAILING": "EMPRESA ELEGÍVEL ONLINE NÃO TRABALHADA NO CONTATO TELEFÔNICO/EMPRESA ELEGÍVEL PRESENCIAL NÃO VISITADA", "NOME_FANTASIA": "STK NUCLEO DE CIRURGIA PLASTICA", "RAZAO_SOCIAL": "STETIKOS HOSPITAL LTDA", "RESPONSAVEL": "LUIZ ALBERTO LAMANA DOS SANTOS", "MUNICIPIO": "BELO HORIZONTE", "ENDEE": "AVENIDA PROF CRISTOVAO SANTOS, 491, BELVEDERE, 30320-510, BELO HORIZONTE", "BANCO": "-", "LINHA_AVAL_NOME": "GIRO", "LATITUDE": "-19.9689957", "LONGITUDE": "-43.9344016", "STATUS_OPERACIONAL": "CARTEIRA", "STATUS": "CARTEIRA", "field_14": null, "field_15": null, "field_16": null }, "geometry": { "type": "Point", "coordinates": [ -43.9344016, -19.9689957 ] } },
{ "type": "Feature", "properties": { "NROCNPJ_PAD": "25976449000110", "STATUS_MAILING": "EMPRESA ELEGÍVEL ONLINE NÃO TRABALHADA NO CONTATO TELEFÔNICO/EMPRESA ELEGÍVEL PRESENCIAL NÃO VISITADA", "NOME_FANTASIA": "BARBEARIA BRASIL", "RAZAO_SOCIAL": "DIVAN BARBEARIA LTDA", "RESPONSAVEL": "-", "MUNICIPIO": "BELO HORIZONTE", "ENDEE": "RUA DOM JOAO VI,1801,PALMEIRAS,30575-460,BELO HORIZONTE,RS, BRASIL", "BANCO": "SICREDI 2", "LINHA_AVAL_NOME": "0", "LATITUDE": "-19.9717682", "LONGITUDE": "-43.9783471", "STATUS_OPERACIONAL": "CARTEIRA", "STATUS": "CARTEIRA", "field_14": null, "field_15": null, "field_16": null }, "geometry": { "type": "Point", "coordinates": [ -43.9783471, -19.9717682 ] } },
{ "type": "Feature", "properties": { "NROCNPJ_PAD": "36263726000164", "STATUS_MAILING": "EMPRESA ELEGÍVEL ONLINE NÃO TRABALHADA NO CONTATO TELEFÔNICO/EMPRESA ELEGÍVEL PRESENCIAL NÃO VISITADA", "NOME_FANTASIA": "V & A SOLUCOES E ENGENHARIA LTDA", "RAZAO_SOCIAL": "AGNALDO VIEIRA CHAVES LTDA", "RESPONSAVEL": "AGNALDO VIEIRA CHAVES", "MUNICIPIO": "BELO HORIZONTE", "ENDEE": "RUA R, 40, TUNEL DE IBIRITE, 30662-560, BELO HORIZONTE", "BANCO": "-", "LINHA_AVAL_NOME": "GIRO", "LATITUDE": "-19.9858778", "LONGITUDE": "-44.0461011", "STATUS_OPERACIONAL": "CARTEIRA", "STATUS": "CARTEIRA", "field_14": null, "field_15": null, "field_16": null }, "geometry": { "type": "Point", "coordinates": [ -44.0461011, -19.9858778 ] } },
{ "type": "Feature", "properties": { "NROCNPJ_PAD": "56006763000102", "STATUS_MAILING": "EMPRESA ELEGÍVEL ONLINE NÃO TRABALHADA NO CONTATO TELEFÔNICO/EMPRESA ELEGÍVEL PRESENCIAL NÃO VISITADA", "NOME_FANTASIA": "0", "RAZAO_SOCIAL": "COLIBRI INOVACOES TECNOLOGICAS LTDA", "RESPONSAVEL": "-", "MUNICIPIO": "BELO HORIZONTE", "ENDEE": "RUA MARIO ALVES,58,TIROL,30662-190,BELO HORIZONTE,-, BRASIL", "BANCO": "BRADESCO", "LINHA_AVAL_NOME": "0", "LATITUDE": "-19.9881255", "LONGITUDE": "-44.0400277", "STATUS_OPERACIONAL": "CARTEIRA", "STATUS": "CARTEIRA", "field_14": null, "field_15": null, "field_16": null }, "geometry": { "type": "Point", "coordinates": [ -44.0400277, -19.9881255 ] } },
{ "type": "Feature", "properties": { "NROCNPJ_PAD": "55560375000106", "STATUS_MAILING": "EMPRESA ELEGÍVEL ONLINE NÃO TRABALHADA NO CONTATO TELEFÔNICO/EMPRESA ELEGÍVEL PRESENCIAL NÃO VISITADA", "NOME_FANTASIA": "LAR PARA IDOSOS KEILA SANTOS", "RAZAO_SOCIAL": "RESIDENCIAL LAR PARA IDOSOS KEILA SANTOS LTDA", "RESPONSAVEL": "-", "MUNICIPIO": "BELO HORIZONTE", "ENDEE": "RUA MORUNGABA,16,MARILANDIA,30692-700,BELO HORIZONTE,MG, BRASIL", "BANCO": "BDMG", "LINHA_AVAL_NOME": "0", "LATITUDE": "-19.9956835", "LONGITUDE": "-44.0482477", "STATUS_OPERACIONAL": "CARTEIRA", "STATUS": "CARTEIRA", "field_14": null, "field_15": null, "field_16": null }, "geometry": { "type": "Point", "coordinates": [ -44.0482477, -19.9956835 ] } },
{ "type": "Feature", "properties": { "NROCNPJ_PAD": "51931820000138", "STATUS_MAILING": "EMPRESA ELEGÍVEL ONLINE NÃO TRABALHADA NO CONTATO TELEFÔNICO/EMPRESA ELEGÍVEL PRESENCIAL NÃO VISITADA", "NOME_FANTASIA": "VIA CLASSICA", "RAZAO_SOCIAL": "VIA CLASSICA CENTRO AUTOMOTIVO LTDA", "RESPONSAVEL": "-", "MUNICIPIO": "BELO HORIZONTE", "ENDEE": "RUA JOAO ROLLA FILHO,522,DIAMANTE,30627-230,BELO HORIZONTE,-, BRASIL", "BANCO": "BRADESCO", "LINHA_AVAL_NOME": "0", "LATITUDE": "-19.9966166", "LONGITUDE": "-44.0207149", "STATUS_OPERACIONAL": "CARTEIRA", "STATUS": "CARTEIRA", "field_14": null, "field_15": null, "field_16": null }, "geometry": { "type": "Point", "coordinates": [ -44.0207149, -19.9966166 ] } },
{ "type": "Feature", "properties": { "NROCNPJ_PAD": "08751560000190", "STATUS_MAILING": "EMPRESA ELEGÍVEL ONLINE NÃO TRABALHADA NO CONTATO TELEFÔNICO/EMPRESA ELEGÍVEL PRESENCIAL NÃO VISITADA", "NOME_FANTASIA": "TOPA TUDO SALGADO FILHO", "RAZAO_SOCIAL": "TOPA TUDO SALGADO FILHO COMERCIO DE MOVEIS LTDA", "RESPONSAVEL": "MARIA LUIZA LARA/LUIZ PARREIRA ", "MUNICIPIO": "BELO HORIZONTE", "ENDEE": "RUA LAGOA DA PRATA, 564, SALGADO FILHO, 30550-000, BELO HORIZONTE, MG, BRASIL", "BANCO": "-", "LINHA_AVAL_NOME": "#N/D", "LATITUDE": "-19.9409201", "LONGITUDE": "-43.983287", "STATUS_OPERACIONAL": "CARTEIRA", "STATUS": "CARTEIRA", "field_14": null, "field_15": null, "field_16": null }, "geometry": { "type": "Point", "coordinates": [ -43.983287, -19.9409201 ] } },
{ "type": "Feature", "properties": { "NROCNPJ_PAD": "45600355000150", "STATUS_MAILING": "EMPRESA ELEGÍVEL ONLINE SEM SUCESSO NO CONTATO TELEFÔNICO/EMPRESA ELEGÍVEL PRESENCIAL E PROPRIETÁRIO AUSENTE", "NOME_FANTASIA": "-", "RAZAO_SOCIAL": "MCAMPOS CONSULTORIA EMPRESARIAL E APOIO ADMINISTRATIVO LTDA", "RESPONSAVEL": "MARCELORICARDOFERREIRACAMPOS", "MUNICIPIO": "BELO HORIZONTE", "ENDEE": "RUA CHAVES, 66, AARAO REIS, BELO HORIZONTE, MG", "BANCO": "SICOOB", "LINHA_AVAL_NOME": "GIRO", "LATITUDE": "-19.8454138", "LONGITUDE": "-43.926632", "STATUS_OPERACIONAL": "CARTEIRA", "STATUS": "CARTEIRA", "field_14": null, "field_15": null, "field_16": null }, "geometry": { "type": "Point", "coordinates": [ -43.926632, -19.8454138 ] } },
{ "type": "Feature", "properties": { "NROCNPJ_PAD": "41328891000197", "STATUS_MAILING": "EMPRESA ELEGÍVEL ONLINE SEM SUCESSO NO CONTATO TELEFÔNICO/EMPRESA ELEGÍVEL PRESENCIAL NÃO VISITADA", "NOME_FANTASIA": "CONNECT CELL", "RAZAO_SOCIAL": "EMMANUELLE DOS SANTOS ALVES 70200418688", "RESPONSAVEL": "EMMANUELLEDOSSANTOSALVES", "MUNICIPIO": "BELO HORIZONTE", "ENDEE": "RUA JOSE FELIX MARTINS, 2314, LOJA 3, MANTIQUEIRA, 31655-700, BELO HORIZONTE", "BANCO": "-", "LINHA_AVAL_NOME": "GIRO", "LATITUDE": "-19.7862532", "LONGITUDE": "-43.9815679", "STATUS_OPERACIONAL": "CARTEIRA", "STATUS": "CARTEIRA", "field_14": null, "field_15": null, "field_16": null }, "geometry": { "type": "Point", "coordinates": [ -43.9815679, -19.7862532 ] } },
{ "type": "Feature", "properties": { "NROCNPJ_PAD": "54768911000192", "STATUS_MAILING": "EMPRESA ELEGÍVEL ONLINE SEM SUCESSO NO CONTATO TELEFÔNICO/EMPRESA ELEGÍVEL PRESENCIAL NÃO VISITADA", "NOME_FANTASIA": "-", "RAZAO_SOCIAL": "PRIME CONSULTORIA TRIBUTARIA LTDA", "RESPONSAVEL": "THIAGODEOLIVEIRADUARTE", "MUNICIPIO": "BELO HORIZONTE", "ENDEE": "RUA SHIRLEY MARTINS GUIMARAES, 20, JARDIM DOS COMERCIARIOS, 31650-210, BELO HORIZONTE", "BANCO": "-", "LINHA_AVAL_NOME": "GIRO", "LATITUDE": "-19.7915934", "LONGITUDE": "-43.9727209", "STATUS_OPERACIONAL": "CARTEIRA", "STATUS": "CARTEIRA", "field_14": null, "field_15": null, "field_16": null }, "geometry": { "type": "Point", "coordinates": [ -43.9727209, -19.7915934 ] } },
{ "type": "Feature", "properties": { "NROCNPJ_PAD": "13432880000117", "STATUS_MAILING": "EMPRESA ELEGÍVEL ONLINE SEM SUCESSO NO CONTATO TELEFÔNICO/EMPRESA ELEGÍVEL PRESENCIAL NÃO VISITADA", "NOME_FANTASIA": "CLEO DISTRIBUIDORA", "RAZAO_SOCIAL": "CLEONICE GOMES SANTOS", "RESPONSAVEL": "CLEONICE GOMES SANTOS", "MUNICIPIO": "BELO HORIZONTE", "ENDEE": "RUA JACOB MARRA DE FREITAS, 53, APT 103 BLOCO 3, SERRA VERDE, 31630-280, BELO HORIZONTE", "BANCO": "-", "LINHA_AVAL_NOME": "GIRO", "LATITUDE": "-19.7985326", "LONGITUDE": "-43.9548632", "STATUS_OPERACIONAL": "CARTEIRA", "STATUS": "CARTEIRA", "field_14": null, "field_15": null, "field_16": null }, "geometry": { "type": "Point", "coordinates": [ -43.9548632, -19.7985326 ] } },
{ "type": "Feature", "properties": { "NROCNPJ_PAD": "60849949000192", "STATUS_MAILING": "EMPRESA ELEGÍVEL ONLINE SEM SUCESSO NO CONTATO TELEFÔNICO/EMPRESA ELEGÍVEL PRESENCIAL NÃO VISITADA", "NOME_FANTASIA": "-", "RAZAO_SOCIAL": "W7 HAMBURGUERIA LTDA", "RESPONSAVEL": "ITALOGUSTAVOTEODORORODRIGUES", "MUNICIPIO": "BELO HORIZONTE", "ENDEE": "PRACA MANOEL BATISTA BAIA, 215, MANTIQUEIRA, 31660-190, BELO HORIZONTE", "BANCO": "-", "LINHA_AVAL_NOME": "GIRO", "LATITUDE": "-19.8002926", "LONGITUDE": "-43.9834981", "STATUS_OPERACIONAL": "CARTEIRA", "STATUS": "CARTEIRA", "field_14": null, "field_15": null, "field_16": null }, "geometry": { "type": "Point", "coordinates": [ -43.9834981, -19.8002926 ] } },
{ "type": "Feature", "properties": { "NROCNPJ_PAD": "19642114000163", "STATUS_MAILING": "EMPRESA ELEGÍVEL ONLINE SEM SUCESSO NO CONTATO TELEFÔNICO/EMPRESA ELEGÍVEL PRESENCIAL NÃO VISITADA", "NOME_FANTASIA": "JOAO DUARTE DEDETIZADORA", "RAZAO_SOCIAL": "JOAO DUARTE DEDETIZADORA LTDA", "RESPONSAVEL": "JOAOALBERTODUARTEDEOLIVEIRA", "MUNICIPIO": "BELO HORIZONTE", "ENDEE": "RUA ALUIZIO TEIXEIRA DA SILVA, 216, MANTIQUEIRA, 31660-140, BELO HORIZONTE", "BANCO": "-", "LINHA_AVAL_NOME": "GIRO", "LATITUDE": "-19.8006498", "LONGITUDE": "-43.9869327", "STATUS_OPERACIONAL": "CARTEIRA", "STATUS": "CARTEIRA", "field_14": null, "field_15": null, "field_16": null }, "geometry": { "type": "Point", "coordinates": [ -43.9869327, -19.8006498 ] } },
{ "type": "Feature", "properties": { "NROCNPJ_PAD": "58026510000118", "STATUS_MAILING": "EMPRESA ELEGÍVEL ONLINE SEM SUCESSO NO CONTATO TELEFÔNICO/EMPRESA ELEGÍVEL PRESENCIAL NÃO VISITADA", "NOME_FANTASIA": "GR5 ASSISTENCE", "RAZAO_SOCIAL": "GR5 SERVICOS E TRANSPORTES LTDA", "RESPONSAVEL": "GUILHERME BRAGA DAVID RUAS", "MUNICIPIO": "BELO HORIZONTE", "ENDEE": "RUA JARDIM DE ALA, 235, LAGOINHA LEBLON, 31575-460, BELO HORIZONTE", "BANCO": "-", "LINHA_AVAL_NOME": "GIRO", "LATITUDE": "-19.8036948", "LONGITUDE": "-43.999141", "STATUS_OPERACIONAL": "CARTEIRA", "STATUS": "CARTEIRA", "field_14": null, "field_15": null, "field_16": null }, "geometry": { "type": "Point", "coordinates": [ -43.999141, -19.8036948 ] } },
{ "type": "Feature", "properties": { "NROCNPJ_PAD": "12839376000173", "STATUS_MAILING": "EMPRESA ELEGÍVEL ONLINE SEM SUCESSO NO CONTATO TELEFÔNICO/EMPRESA ELEGÍVEL PRESENCIAL NÃO VISITADA", "NOME_FANTASIA": "INTERROGASSOM PECAS E ACESSORIOS", "RAZAO_SOCIAL": "MARCELO GOMES SOARES", "RESPONSAVEL": "MARCELOGOMESSOARES", "MUNICIPIO": "BELO HORIZONTE", "ENDEE": "RUA JUDITH LUZIA DE CARVALHO, 137, MINASCAIXA, 31615-070, BELO HORIZONTE", "BANCO": "-", "LINHA_AVAL_NOME": "GIRO", "LATITUDE": "-19.8114825", "LONGITUDE": "-43.9600963", "STATUS_OPERACIONAL": "CARTEIRA", "STATUS": "CARTEIRA", "field_14": null, "field_15": null, "field_16": null }, "geometry": { "type": "Point", "coordinates": [ -43.9600963, -19.8114825 ] } },
{ "type": "Feature", "properties": { "NROCNPJ_PAD": "58287141000117", "STATUS_MAILING": "EMPRESA ELEGÍVEL ONLINE SEM SUCESSO NO CONTATO TELEFÔNICO/EMPRESA ELEGÍVEL PRESENCIAL NÃO VISITADA", "NOME_FANTASIA": "CONSTRUTORA ANGULAR", "RAZAO_SOCIAL": "ROCHA ANGULAR CONSTRUCOES LTDA", "RESPONSAVEL": "CRISTIANORAIMUNDODASILVA", "MUNICIPIO": "BELO HORIZONTE", "ENDEE": "RUA BARAO DE JACUI, 547, PLANALTO, 31730-540, BELO HORIZONTE", "BANCO": "-", "LINHA_AVAL_NOME": "GIRO", "LATITUDE": "-19.8299239", "LONGITUDE": "-43.9435211", "STATUS_OPERACIONAL": "CARTEIRA", "STATUS": "CARTEIRA", "field_14": null, "field_15": null, "field_16": null }, "geometry": { "type": "Point", "coordinates": [ -43.9435211, -19.8299239 ] } },
{ "type": "Feature", "properties": { "NROCNPJ_PAD": "53336417000196", "STATUS_MAILING": "EMPRESA ELEGÍVEL ONLINE SEM SUCESSO NO CONTATO TELEFÔNICO/EMPRESA ELEGÍVEL PRESENCIAL NÃO VISITADA", "NOME_FANTASIA": "MARMORES BH", "RAZAO_SOCIAL": "AC COMERCIO DE MAQUINAS E MATERIAIS DE CONSTRUCAO LTDA", "RESPONSAVEL": "DAVISONFROESPEREIRA", "MUNICIPIO": "BELO HORIZONTE", "ENDEE": "AVENIDA RISOLETA NEVES, 2001, LOJA 01, AARAO REIS, 31814-463, BELO HORIZONTE", "BANCO": "-", "LINHA_AVAL_NOME": "GIRO", "LATITUDE": "-19.8482946", "LONGITUDE": "-43.9181142", "STATUS_OPERACIONAL": "CARTEIRA", "STATUS": "CARTEIRA", "field_14": null, "field_15": null, "field_16": null }, "geometry": { "type": "Point", "coordinates": [ -43.9181142, -19.8482946 ] } },
{ "type": "Feature", "properties": { "NROCNPJ_PAD": "32016052000142", "STATUS_MAILING": "EMPRESA ELEGÍVEL ONLINE SEM SUCESSO NO CONTATO TELEFÔNICO/EMPRESA ELEGÍVEL PRESENCIAL NÃO VISITADA", "NOME_FANTASIA": "DENICK SEMI JOIAS", "RAZAO_SOCIAL": "DENICK S E M LTDA", "RESPONSAVEL": "THIAGOHENRIQUEDOSSANTOS", "MUNICIPIO": "BELO HORIZONTE", "ENDEE": "RUA JOSE DE ALENCAR ROGEDO, 152, MINASLANDIA, 31812-200, BELO HORIZONTE", "BANCO": "-", "LINHA_AVAL_NOME": "GIRO", "LATITUDE": "-19.8490301", "LONGITUDE": "-43.9308624", "STATUS_OPERACIONAL": "CARTEIRA", "STATUS": "CARTEIRA", "field_14": null, "field_15": null, "field_16": null }, "geometry": { "type": "Point", "coordinates": [ -43.9308624, -19.8490301 ] } },
{ "type": "Feature", "properties": { "NROCNPJ_PAD": "60182487000100", "STATUS_MAILING": "EMPRESA ELEGÍVEL ONLINE SEM SUCESSO NO CONTATO TELEFÔNICO/EMPRESA ELEGÍVEL PRESENCIAL NÃO VISITADA", "NOME_FANTASIA": "HMC GESTAO E ESTRATEGIA", "RAZAO_SOCIAL": "HMC GESTAO E ESTRATEGIA LTDA", "RESPONSAVEL": "HEITOR MARTINS SOUZA SILVA", "MUNICIPIO": "BELO HORIZONTE", "ENDEE": "RUA PADRE SILVEIRA LOBO, 610, SAO LUIZ, 31270-740, BELO HORIZONTE", "BANCO": "-", "LINHA_AVAL_NOME": "GIRO", "LATITUDE": "-19.8520634", "LONGITUDE": "-43.9601582", "STATUS_OPERACIONAL": "CARTEIRA", "STATUS": "CARTEIRA", "field_14": null, "field_15": null, "field_16": null }, "geometry": { "type": "Point", "coordinates": [ -43.9601582, -19.8520634 ] } },
{ "type": "Feature", "properties": { "NROCNPJ_PAD": "55842685000105", "STATUS_MAILING": "EMPRESA ELEGÍVEL ONLINE SEM SUCESSO NO CONTATO TELEFÔNICO/EMPRESA ELEGÍVEL PRESENCIAL NÃO VISITADA", "NOME_FANTASIA": "SINGULARI", "RAZAO_SOCIAL": "SINGULARI BH LTDA", "RESPONSAVEL": "GILBERFERREIRASIQUEIRA|JULIANACAPANEMADEOLIVEIRA", "MUNICIPIO": "BELO HORIZONTE", "ENDEE": "RUA RENE SABA, 45, JARAGUA, 31260-010, BELO HORIZONTE", "BANCO": "-", "LINHA_AVAL_NOME": "EMPREENDEDORISMO FEM", "LATITUDE": "-19.8568579", "LONGITUDE": "-43.9493455", "STATUS_OPERACIONAL": "CARTEIRA", "STATUS": "CARTEIRA", "field_14": null, "field_15": null, "field_16": null }, "geometry": { "type": "Point", "coordinates": [ -43.9493455, -19.8568579 ] } },
{ "type": "Feature", "properties": { "NROCNPJ_PAD": "49396638000182", "STATUS_MAILING": "EMPRESA ELEGÍVEL ONLINE SEM SUCESSO NO CONTATO TELEFÔNICO/EMPRESA ELEGÍVEL PRESENCIAL NÃO VISITADA", "NOME_FANTASIA": "LT BENEFICIOS", "RAZAO_SOCIAL": "49.396.638 MARIA VAMILDA ALVES TEODORO", "RESPONSAVEL": "MARIAVAMILDAALVESTEODORO", "MUNICIPIO": "BELO HORIZONTE", "ENDEE": "RUA MARIA GOMES PEREIRA, 350, LOJA, IPE, 31930-255, BELO HORIZONTE", "BANCO": "-", "LINHA_AVAL_NOME": "GIRO", "LATITUDE": "-19.8646953", "LONGITUDE": "-43.9048847", "STATUS_OPERACIONAL": "CARTEIRA", "STATUS": "CARTEIRA", "field_14": null, "field_15": null, "field_16": null }, "geometry": { "type": "Point", "coordinates": [ -43.9048847, -19.8646953 ] } },
{ "type": "Feature", "properties": { "NROCNPJ_PAD": "43562605000189", "STATUS_MAILING": "EMPRESA ELEGÍVEL ONLINE SEM SUCESSO NO CONTATO TELEFÔNICO/EMPRESA ELEGÍVEL PRESENCIAL NÃO VISITADA", "NOME_FANTASIA": "FLAVIA GUADALUPE", "RAZAO_SOCIAL": "PROSPERA SOLUCOES INTEGRADAS LTDA", "RESPONSAVEL": "FLAVIA GUADALUPE CHAVES", "MUNICIPIO": "BELO HORIZONTE", "ENDEE": "RUA JOSE RIBEIRO FILHO, 396, BLOCO 2 APT 804, PAQUETA, 31330-492, BELO HORIZONTE", "BANCO": "-", "LINHA_AVAL_NOME": "GIRO", "LATITUDE": "-19.8745335", "LONGITUDE": "-43.9917328", "STATUS_OPERACIONAL": "CARTEIRA", "STATUS": "CARTEIRA", "field_14": null, "field_15": null, "field_16": null }, "geometry": { "type": "Point", "coordinates": [ -43.9917328, -19.8745335 ] } },
{ "type": "Feature", "properties": { "NROCNPJ_PAD": "02857539000197", "STATUS_MAILING": "EMPRESA ELEGÍVEL ONLINE SEM SUCESSO NO CONTATO TELEFÔNICO/EMPRESA ELEGÍVEL PRESENCIAL NÃO VISITADA", "NOME_FANTASIA": "-", "RAZAO_SOCIAL": "F. BATISTA COMERCIO LTDA", "RESPONSAVEL": "MARCELOBATISTASERRA", "MUNICIPIO": "BELO HORIZONTE", "ENDEE": "AVENIDA CRISTIANO MACHADO, 4000, LOJA 250, SAO PAULO, 31910-810, BELO HORIZONTE", "BANCO": "-", "LINHA_AVAL_NOME": "GIRO", "LATITUDE": "-19.8765244", "LONGITUDE": "-43.9260917", "STATUS_OPERACIONAL": "CARTEIRA", "STATUS": "CARTEIRA", "field_14": null, "field_15": null, "field_16": null }, "geometry": { "type": "Point", "coordinates": [ -43.9260917, -19.8765244 ] } },
{ "type": "Feature", "properties": { "NROCNPJ_PAD": "15412599000148", "STATUS_MAILING": "EMPRESA ELEGÍVEL ONLINE SEM SUCESSO NO CONTATO TELEFÔNICO/EMPRESA ELEGÍVEL PRESENCIAL NÃO VISITADA", "NOME_FANTASIA": "DIGIOUT DIGITALIZACAO E GUARDA DE DOCUMENTOS", "RAZAO_SOCIAL": "DIGIOUT TECNOLOGIAS LTDA", "RESPONSAVEL": "LIZABARBOSAPOLITOAYUBCALDEIRA", "MUNICIPIO": "BELO HORIZONTE", "ENDEE": "RUA ALCOBACA, 1205, SAO FRANCISCO, 31255-210, BELO HORIZONTE", "BANCO": "-", "LINHA_AVAL_NOME": "GIRO", "LATITUDE": "-19.8766914", "LONGITUDE": "-43.9608887", "STATUS_OPERACIONAL": "CARTEIRA", "STATUS": "CARTEIRA", "field_14": null, "field_15": null, "field_16": null }, "geometry": { "type": "Point", "coordinates": [ -43.9608887, -19.8766914 ] } },
{ "type": "Feature", "properties": { "NROCNPJ_PAD": "10169165000145", "STATUS_MAILING": "EMPRESA ELEGÍVEL ONLINE SEM SUCESSO NO CONTATO TELEFÔNICO/EMPRESA ELEGÍVEL PRESENCIAL NÃO VISITADA", "NOME_FANTASIA": "TARGET CONSULTORIA", "RAZAO_SOCIAL": "RAMOS E MAFIA CONSULTORIA ORGANIZACIONAL LTDA", "RESPONSAVEL": "IVO EDUARDO ARMOND MAFIA FILHO|NEUSMA JARDIM RAMOS LEMOS|ROSELUCI JARDIM RAMOS", "MUNICIPIO": "BELO HORIZONTE", "ENDEE": "RUA PEDRO CALMON, 232, DOM JOAQUIM, 31920-130, BELO HORIZONTE", "BANCO": "-", "LINHA_AVAL_NOME": "GIRO", "LATITUDE": "-19.878277", "LONGITUDE": "-43.9153831", "STATUS_OPERACIONAL": "CARTEIRA", "STATUS": "CARTEIRA", "field_14": null, "field_15": null, "field_16": null }, "geometry": { "type": "Point", "coordinates": [ -43.9153831, -19.878277 ] } },
{ "type": "Feature", "properties": { "NROCNPJ_PAD": "07599112000150", "STATUS_MAILING": "EMPRESA ELEGÍVEL ONLINE SEM SUCESSO NO CONTATO TELEFÔNICO/EMPRESA ELEGÍVEL PRESENCIAL NÃO VISITADA", "NOME_FANTASIA": "AUTO SARAIVA", "RAZAO_SOCIAL": "AUTO SARAIVA CENTRO AUTOMOTIVO LTDA", "RESPONSAVEL": "ALTAIR SARAIVA DE CARVALHO|ANA MARIA ALVES DE PAULA", "MUNICIPIO": "BELO HORIZONTE", "ENDEE": "RUA IZABEL ALVES MARTINS, 431, SERRANO, 30882-390, BELO HORIZONTE", "BANCO": "-", "LINHA_AVAL_NOME": "GIRO", "LATITUDE": "-19.8807076", "LONGITUDE": "-44.0108874", "STATUS_OPERACIONAL": "CARTEIRA", "STATUS": "CARTEIRA", "field_14": null, "field_15": null, "field_16": null }, "geometry": { "type": "Point", "coordinates": [ -44.0108874, -19.8807076 ] } },
{ "type": "Feature", "properties": { "NROCNPJ_PAD": "23877121000111", "STATUS_MAILING": "EMPRESA ELEGÍVEL ONLINE SEM SUCESSO NO CONTATO TELEFÔNICO/EMPRESA ELEGÍVEL PRESENCIAL NÃO VISITADA", "NOME_FANTASIA": "MT IDIOMAS", "RAZAO_SOCIAL": "MT IDIOMAS TRAINING AND CONSULTING LTDA", "RESPONSAVEL": "MIKELMERVYNNOAMTANNER", "MUNICIPIO": "BELO HORIZONTE", "ENDEE": "RUA ALUISIO LOBAO VERAS, 247, APT 201, SERRANO, 30882-550, BELO HORIZONTE", "BANCO": "-", "LINHA_AVAL_NOME": "GIRO", "LATITUDE": "-19.882085", "LONGITUDE": "-44.0083757", "STATUS_OPERACIONAL": "CARTEIRA", "STATUS": "CARTEIRA", "field_14": null, "field_15": null, "field_16": null }, "geometry": { "type": "Point", "coordinates": [ -44.0083757, -19.882085 ] } },
{ "type": "Feature", "properties": { "NROCNPJ_PAD": "35158072000146", "STATUS_MAILING": "EMPRESA ELEGÍVEL ONLINE SEM SUCESSO NO CONTATO TELEFÔNICO/EMPRESA ELEGÍVEL PRESENCIAL NÃO VISITADA", "NOME_FANTASIA": "SILVIO COMERCIO DE PECAS", "RAZAO_SOCIAL": "SMSF REPRESENTACOES E SEGUROS LTDA", "RESPONSAVEL": "SILVIOMARCELINODESOUZAFILHO", "MUNICIPIO": "BELO HORIZONTE", "ENDEE": "AVENIDA CLARA NUNES, 707, CACHOEIRINHA, 31130-680, BELO HORIZONTE", "BANCO": "-", "LINHA_AVAL_NOME": "GIRO", "LATITUDE": "-19.8843601", "LONGITUDE": "-43.9400893", "STATUS_OPERACIONAL": "CARTEIRA", "STATUS": "CARTEIRA", "field_14": null, "field_15": null, "field_16": null }, "geometry": { "type": "Point", "coordinates": [ -43.9400893, -19.8843601 ] } },
{ "type": "Feature", "properties": { "NROCNPJ_PAD": "00976024000180", "STATUS_MAILING": "EMPRESA ELEGÍVEL ONLINE SEM SUCESSO NO CONTATO TELEFÔNICO/EMPRESA ELEGÍVEL PRESENCIAL NÃO VISITADA", "NOME_FANTASIA": "AUTO ELETRICA GLORIA", "RAZAO_SOCIAL": "SEBASTIAO NUNES BATISTA FILHO", "RESPONSAVEL": "SEBASTIAONUNESBATISTAFILHO", "MUNICIPIO": "BELO HORIZONTE", "ENDEE": "AVENIDA AMINTAS JACQUES DE MORAIS, 201, FRENTE, PATROCINIO, 30880-330, BELO HORIZONTE", "BANCO": "-", "LINHA_AVAL_NOME": "GIRO", "LATITUDE": "-19.8958952", "LONGITUDE": "-44.0131045", "STATUS_OPERACIONAL": "CARTEIRA", "STATUS": "CARTEIRA", "field_14": null, "field_15": null, "field_16": null }, "geometry": { "type": "Point", "coordinates": [ -44.0131045, -19.8958952 ] } },
{ "type": "Feature", "properties": { "NROCNPJ_PAD": "55664832000102", "STATUS_MAILING": "EMPRESA ELEGÍVEL ONLINE SEM SUCESSO NO CONTATO TELEFÔNICO/EMPRESA ELEGÍVEL PRESENCIAL NÃO VISITADA", "NOME_FANTASIA": "BG PRODUCOES & MARKETING", "RAZAO_SOCIAL": "BG PRODUCOES & MARKETING LTDA", "RESPONSAVEL": "BERTONY DE RAMOS GOMES", "MUNICIPIO": "BELO HORIZONTE", "ENDEE": "RUA SAO JOAQUIM, 107, APT 302, SAGRADA FAMILIA, 31035-470, BELO HORIZONTE", "BANCO": "-", "LINHA_AVAL_NOME": "GIRO", "LATITUDE": "-19.8969717", "LONGITUDE": "-43.9253174", "STATUS_OPERACIONAL": "CARTEIRA", "STATUS": "CARTEIRA", "field_14": null, "field_15": null, "field_16": null }, "geometry": { "type": "Point", "coordinates": [ -43.9253174, -19.8969717 ] } },
{ "type": "Feature", "properties": { "NROCNPJ_PAD": "30749680000101", "STATUS_MAILING": "EMPRESA ELEGÍVEL ONLINE SEM SUCESSO NO CONTATO TELEFÔNICO/EMPRESA ELEGÍVEL PRESENCIAL NÃO VISITADA", "NOME_FANTASIA": "SPACO TODODIA", "RAZAO_SOCIAL": "RITA DE CASSIA C G COSMETICOS E PERFUMARIA", "RESPONSAVEL": "RITADECASSIACOELHOGROSSI", "MUNICIPIO": "BELO HORIZONTE", "ENDEE": "AVENIDA ABILIO MACHADO, 1883, LOJA 4, GLORIA, 30830-373, BELO HORIZONTE", "BANCO": "-", "LINHA_AVAL_NOME": "GIRO", "LATITUDE": "-19.9013901", "LONGITUDE": "-44.0046021", "STATUS_OPERACIONAL": "CARTEIRA", "STATUS": "CARTEIRA", "field_14": null, "field_15": null, "field_16": null }, "geometry": { "type": "Point", "coordinates": [ -44.0046021, -19.9013901 ] } },
{ "type": "Feature", "properties": { "NROCNPJ_PAD": "13932351000182", "STATUS_MAILING": "EMPRESA ELEGÍVEL ONLINE SEM SUCESSO NO CONTATO TELEFÔNICO/EMPRESA ELEGÍVEL PRESENCIAL NÃO VISITADA", "NOME_FANTASIA": "-", "RAZAO_SOCIAL": "NELCI COELHO DA ROCHA 75612801653", "RESPONSAVEL": "NELCICOELHODAROCHA", "MUNICIPIO": "BELO HORIZONTE", "ENDEE": "RUA MARY APARECIDA, 175, JARDIM SAO JOSE, 30820-390, BELO HORIZONTE", "BANCO": "-", "LINHA_AVAL_NOME": "GIRO", "LATITUDE": "-19.902541", "LONGITUDE": "-43.9953075", "STATUS_OPERACIONAL": "CARTEIRA", "STATUS": "CARTEIRA", "field_14": null, "field_15": null, "field_16": null }, "geometry": { "type": "Point", "coordinates": [ -43.9953075, -19.902541 ] } },
{ "type": "Feature", "properties": { "NROCNPJ_PAD": "57949855000180", "STATUS_MAILING": "EMPRESA ELEGÍVEL ONLINE SEM SUCESSO NO CONTATO TELEFÔNICO/EMPRESA ELEGÍVEL PRESENCIAL NÃO VISITADA", "NOME_FANTASIA": "-", "RAZAO_SOCIAL": "DF GROUP LTDA", "RESPONSAVEL": "DAVI ABDALA FILGUEIRAS RIQUETTI|FERNANDA FERREIRA SILVA CUNHA", "MUNICIPIO": "BELO HORIZONTE", "ENDEE": "RUA SAO BENTO, 1590, SAGRADA FAMILIA, 31035-060, BELO HORIZONTE", "BANCO": "-", "LINHA_AVAL_NOME": "GIRO", "LATITUDE": "-19.9031729", "LONGITUDE": "-43.9158988", "STATUS_OPERACIONAL": "CARTEIRA", "STATUS": "CARTEIRA", "field_14": null, "field_15": null, "field_16": null }, "geometry": { "type": "Point", "coordinates": [ -43.9158988, -19.9031729 ] } },
{ "type": "Feature", "properties": { "NROCNPJ_PAD": "46847637000119", "STATUS_MAILING": "EMPRESA ELEGÍVEL ONLINE SEM SUCESSO NO CONTATO TELEFÔNICO/EMPRESA ELEGÍVEL PRESENCIAL NÃO VISITADA", "NOME_FANTASIA": "-", "RAZAO_SOCIAL": "FERNANDO MACEDO DE ANDRADE", "RESPONSAVEL": "FERNANDOMACEDODEANDRADE", "MUNICIPIO": "BELO HORIZONTE", "ENDEE": "RUA POUSO ALEGRE, 657, SALA 16, COLEGIO BATISTA, 31110-010, BELO HORIZONTE", "BANCO": "-", "LINHA_AVAL_NOME": "GIRO", "LATITUDE": "-19.9114143", "LONGITUDE": "-43.9333257", "STATUS_OPERACIONAL": "CARTEIRA", "STATUS": "CARTEIRA", "field_14": null, "field_15": null, "field_16": null }, "geometry": { "type": "Point", "coordinates": [ -43.9333257, -19.9114143 ] } },
{ "type": "Feature", "properties": { "NROCNPJ_PAD": "57440183000183", "STATUS_MAILING": "EMPRESA ELEGÍVEL ONLINE SEM SUCESSO NO CONTATO TELEFÔNICO/EMPRESA ELEGÍVEL PRESENCIAL NÃO VISITADA", "NOME_FANTASIA": "ERICA COSMETICOS PADRE EUSTAQUIO", "RAZAO_SOCIAL": "ERICA C G VIEIRA COSMETICOS LTDA", "RESPONSAVEL": "ERICACOELHOGROSSIVIEIRA", "MUNICIPIO": "BELO HORIZONTE", "ENDEE": "RUA PADRE EUSTAQUIO, 2578, LOJA 2, PADRE EUSTAQUIO, 30720-100, BELO HORIZONTE", "BANCO": "-", "LINHA_AVAL_NOME": "GIRO", "LATITUDE": "-19.9146891", "LONGITUDE": "-43.9770098", "STATUS_OPERACIONAL": "CARTEIRA", "STATUS": "CARTEIRA", "field_14": null, "field_15": null, "field_16": null }, "geometry": { "type": "Point", "coordinates": [ -43.9770098, -19.9146891 ] } },
{ "type": "Feature", "properties": { "NROCNPJ_PAD": "16797321000107", "STATUS_MAILING": "EMPRESA ELEGÍVEL ONLINE SEM SUCESSO NO CONTATO TELEFÔNICO/EMPRESA ELEGÍVEL PRESENCIAL NÃO VISITADA", "NOME_FANTASIA": "ACCEL", "RAZAO_SOCIAL": "ACCEL - ALVARO CAMARGO CENTRO ESPORTIVO E LAZER LTDA", "RESPONSAVEL": "JULIACASTROBRAGA", "MUNICIPIO": "BELO HORIZONTE", "ENDEE": "AVENIDA AVAI, 205, DOM BOSCO, 30850-230, BELO HORIZONTE", "BANCO": "-", "LINHA_AVAL_NOME": "EMPREENDEDORISMO FEM", "LATITUDE": "-19.9151096", "LONGITUDE": "-44.0041737", "STATUS_OPERACIONAL": "CARTEIRA", "STATUS": "CARTEIRA", "field_14": null, "field_15": null, "field_16": null }, "geometry": { "type": "Point", "coordinates": [ -44.0041737, -19.9151096 ] } },
{ "type": "Feature", "properties": { "NROCNPJ_PAD": "23898009000167", "STATUS_MAILING": "EMPRESA ELEGÍVEL ONLINE SEM SUCESSO NO CONTATO TELEFÔNICO/EMPRESA ELEGÍVEL PRESENCIAL NÃO VISITADA", "NOME_FANTASIA": "CULINARIA DE 2 GASTRONOMIA", "RAZAO_SOCIAL": "CULINARIA DE 2 GASTRONOMIA LTDA", "RESPONSAVEL": "CAROLINEMESQUITALIMA|FAGNERALBERGARIARODRIGUES", "MUNICIPIO": "BELO HORIZONTE", "ENDEE": "RUA ITAPURA, 421, SAUDADE, 30285-070, BELO HORIZONTE", "BANCO": "-", "LINHA_AVAL_NOME": "GIRO", "LATITUDE": "-19.916455", "LONGITUDE": "-43.8987831", "STATUS_OPERACIONAL": "CARTEIRA", "STATUS": "CARTEIRA", "field_14": null, "field_15": null, "field_16": null }, "geometry": { "type": "Point", "coordinates": [ -43.8987831, -19.916455 ] } },
{ "type": "Feature", "properties": { "NROCNPJ_PAD": "26788600000150", "STATUS_MAILING": "EMPRESA ELEGÍVEL ONLINE SEM SUCESSO NO CONTATO TELEFÔNICO/EMPRESA ELEGÍVEL PRESENCIAL NÃO VISITADA", "NOME_FANTASIA": "DUDACAR VEICULOS", "RAZAO_SOCIAL": "26.788.600 MARLENE APARECIDA MEDEIROS DE ALBUQUERQUE", "RESPONSAVEL": "MARLENEAPARECIDAMEDEIROSDEALBUQUERQUE", "MUNICIPIO": "BELO HORIZONTE", "ENDEE": "RUA DESEMBARGADOR VELOSO, 231, PARAISO, 30270-430, BELO HORIZONTE", "BANCO": "-", "LINHA_AVAL_NOME": "GIRO", "LATITUDE": "-19.9210717", "LONGITUDE": "-43.9017713", "STATUS_OPERACIONAL": "CARTEIRA", "STATUS": "CARTEIRA", "field_14": null, "field_15": null, "field_16": null }, "geometry": { "type": "Point", "coordinates": [ -43.9017713, -19.9210717 ] } },
{ "type": "Feature", "properties": { "NROCNPJ_PAD": "07276732000158", "STATUS_MAILING": "EMPRESA ELEGÍVEL ONLINE SEM SUCESSO NO CONTATO TELEFÔNICO/EMPRESA ELEGÍVEL PRESENCIAL NÃO VISITADA", "NOME_FANTASIA": "MBS SISTEMAS", "RAZAO_SOCIAL": "MBS INFORMATICA LTDA.", "RESPONSAVEL": "ANDERSON SABADINI SANTIAGO|VALDIVINA SONIA BATISTA SANTIAGO", "MUNICIPIO": "BELO HORIZONTE", "ENDEE": "AVENIDA DO CONTORNO, 2905, SALA 408, SANTA EFIGENIA, 30110-915, BELO HORIZONTE", "BANCO": "-", "LINHA_AVAL_NOME": "GIRO", "LATITUDE": "-19.9217254", "LONGITUDE": "-43.921016", "STATUS_OPERACIONAL": "CARTEIRA", "STATUS": "CARTEIRA", "field_14": null, "field_15": null, "field_16": null }, "geometry": { "type": "Point", "coordinates": [ -43.921016, -19.9217254 ] } },
{ "type": "Feature", "properties": { "NROCNPJ_PAD": "62322393000107", "STATUS_MAILING": "EMPRESA ELEGÍVEL ONLINE SEM SUCESSO NO CONTATO TELEFÔNICO/EMPRESA ELEGÍVEL PRESENCIAL NÃO VISITADA", "NOME_FANTASIA": "-", "RAZAO_SOCIAL": "CASTRINHO PLACE LTDA", "RESPONSAVEL": "ERICKMARCOSOLIVEIRACASTRO", "MUNICIPIO": "BELO HORIZONTE", "ENDEE": "AVENIDA AUGUSTO DE LIMA, 479, SALA 816, CENTRO, 30190-005, BELO HORIZONTE", "BANCO": "-", "LINHA_AVAL_NOME": "GIRO", "LATITUDE": "-19.9241", "LONGITUDE": "-43.940419", "STATUS_OPERACIONAL": "CARTEIRA", "STATUS": "CARTEIRA", "field_14": null, "field_15": null, "field_16": null }, "geometry": { "type": "Point", "coordinates": [ -43.940419, -19.9241 ] } },
{ "type": "Feature", "properties": { "NROCNPJ_PAD": "46079093000192", "STATUS_MAILING": "EMPRESA ELEGÍVEL ONLINE SEM SUCESSO NO CONTATO TELEFÔNICO/EMPRESA ELEGÍVEL PRESENCIAL NÃO VISITADA", "NOME_FANTASIA": "AMANDA SANTOS ESTETICISTA", "RAZAO_SOCIAL": "46.079.093 AMANDA DOS SANTOS DAS GRACAS", "RESPONSAVEL": "AMANDADOSSANTOSDASGRACAS", "MUNICIPIO": "BELO HORIZONTE", "ENDEE": "AVENIDA BRASIL, 248, SALA 413, SANTA EFIGENIA, 30140-001, BELO HORIZONTE", "BANCO": "-", "LINHA_AVAL_NOME": "EMPREENDEDORISMO FEM", "LATITUDE": "-19.9245134", "LONGITUDE": "-43.9226248", "STATUS_OPERACIONAL": "CARTEIRA", "STATUS": "CARTEIRA", "field_14": null, "field_15": null, "field_16": null }, "geometry": { "type": "Point", "coordinates": [ -43.9226248, -19.9245134 ] } },
{ "type": "Feature", "properties": { "NROCNPJ_PAD": "29473413000175", "STATUS_MAILING": "EMPRESA ELEGÍVEL ONLINE SEM SUCESSO NO CONTATO TELEFÔNICO/EMPRESA ELEGÍVEL PRESENCIAL NÃO VISITADA", "NOME_FANTASIA": "PRIME CONTABIL MG", "RAZAO_SOCIAL": "PRIME ORGANIZACOES CONTABEIS LTDA", "RESPONSAVEL": "JOSE MARIA PEREIRA", "MUNICIPIO": "BELO HORIZONTE", "ENDEE": "RUA PIAUI, 345, SALA 701, SANTA EFIGENIA, 30150-320, BELO HORIZONTE", "BANCO": "-", "LINHA_AVAL_NOME": "GIRO", "LATITUDE": "-19.9246357", "LONGITUDE": "-43.9246584", "STATUS_OPERACIONAL": "CARTEIRA", "STATUS": "CARTEIRA", "field_14": null, "field_15": null, "field_16": null }, "geometry": { "type": "Point", "coordinates": [ -43.9246584, -19.9246357 ] } },
{ "type": "Feature", "properties": { "NROCNPJ_PAD": "08031187000100", "STATUS_MAILING": "EMPRESA ELEGÍVEL ONLINE SEM SUCESSO NO CONTATO TELEFÔNICO/EMPRESA ELEGÍVEL PRESENCIAL NÃO VISITADA", "NOME_FANTASIA": "ACADEMIC", "RAZAO_SOCIAL": "ACADEMIC- SOFTWARES ESCOLARES LTDA", "RESPONSAVEL": "RODRIGOEUSTAQUIOBAIAO|ZELIAMARIADEMENDONCABAIAO", "MUNICIPIO": "BELO HORIZONTE", "ENDEE": "RUA PARACATU, 1154, SALA 307, SANTO AGOSTINHO, 30180-098, BELO HORIZONTE", "BANCO": "-", "LINHA_AVAL_NOME": "GIRO", "LATITUDE": "-19.9278424", "LONGITUDE": "-43.9536653", "STATUS_OPERACIONAL": "CARTEIRA", "STATUS": "CARTEIRA", "field_14": null, "field_15": null, "field_16": null }, "geometry": { "type": "Point", "coordinates": [ -43.9536653, -19.9278424 ] } },
{ "type": "Feature", "properties": { "NROCNPJ_PAD": "48278937000150", "STATUS_MAILING": "EMPRESA ELEGÍVEL ONLINE SEM SUCESSO NO CONTATO TELEFÔNICO/EMPRESA ELEGÍVEL PRESENCIAL NÃO VISITADA", "NOME_FANTASIA": "JADER RICCO CIRURGIA GERAL E CIRURGIA ONCOLOGICA", "RAZAO_SOCIAL": "JADER RICCO CIRURGIA GERAL E CIRURGIA ONCOLOGICA LTDA", "RESPONSAVEL": "JADER DAVID RICCO", "MUNICIPIO": "BELO HORIZONTE", "ENDEE": "RUA PIAUI, 1026, APT 604, FUNCIONARIOS, 30150-321, BELO HORIZONTE", "BANCO": "-", "LINHA_AVAL_NOME": "GIRO", "LATITUDE": "-19.9303777", "LONGITUDE": "-43.9267639", "STATUS_OPERACIONAL": "CARTEIRA", "STATUS": "CARTEIRA", "field_14": null, "field_15": null, "field_16": null }, "geometry": { "type": "Point", "coordinates": [ -43.9267639, -19.9303777 ] } },
{ "type": "Feature", "properties": { "NROCNPJ_PAD": "51903788000187", "STATUS_MAILING": "EMPRESA ELEGÍVEL ONLINE SEM SUCESSO NO CONTATO TELEFÔNICO/EMPRESA ELEGÍVEL PRESENCIAL NÃO VISITADA", "NOME_FANTASIA": "BARBEARIA CONTORNO", "RAZAO_SOCIAL": "BARBEARIA CONTORNO LTDA", "RESPONSAVEL": "GABRIEL SOARES GONCALVES", "MUNICIPIO": "BELO HORIZONTE", "ENDEE": "AVENIDA DO CONTORNO, 7434, LOJA, LOURDES, 30110-048, BELO HORIZONTE", "BANCO": "-", "LINHA_AVAL_NOME": "GIRO", "LATITUDE": "-19.9351378", "LONGITUDE": "-43.9468336", "STATUS_OPERACIONAL": "CARTEIRA", "STATUS": "CARTEIRA", "field_14": null, "field_15": null, "field_16": null }, "geometry": { "type": "Point", "coordinates": [ -43.9468336, -19.9351378 ] } },
{ "type": "Feature", "properties": { "NROCNPJ_PAD": "26613008000117", "STATUS_MAILING": "EMPRESA ELEGÍVEL ONLINE SEM SUCESSO NO CONTATO TELEFÔNICO/EMPRESA ELEGÍVEL PRESENCIAL NÃO VISITADA", "NOME_FANTASIA": "AGENCIA ENTER", "RAZAO_SOCIAL": "IPS TECNOLOGIA E COMUNICACAO LTDA", "RESPONSAVEL": "IURY BARBOSA DE OLIVEIRA PIRES", "MUNICIPIO": "BELO HORIZONTE", "ENDEE": "RUA PIAUI, 1571, APT 904, FUNCIONARIOS, 30150-323, BELO HORIZONTE", "BANCO": "-", "LINHA_AVAL_NOME": "INVESTIMENTO + GIRO", "LATITUDE": "-19.9355405", "LONGITUDE": "-43.9278328", "STATUS_OPERACIONAL": "CARTEIRA", "STATUS": "CARTEIRA", "field_14": null, "field_15": null, "field_16": null }, "geometry": { "type": "Point", "coordinates": [ -43.9278328, -19.9355405 ] } },
{ "type": "Feature", "properties": { "NROCNPJ_PAD": "28424894000166", "STATUS_MAILING": "EMPRESA ELEGÍVEL ONLINE SEM SUCESSO NO CONTATO TELEFÔNICO/EMPRESA ELEGÍVEL PRESENCIAL NÃO VISITADA", "NOME_FANTASIA": "LOJA DA PLASTICA", "RAZAO_SOCIAL": "LOJA DA PLASTICA LTDA", "RESPONSAVEL": "RAQUEL SANTOS DE OLIVEIRA", "MUNICIPIO": "BELO HORIZONTE", "ENDEE": "RUA RIO GRANDE DO NORTE, 1164, LOJA 6, SAVASSI, 30130-135, BELO HORIZONTE", "BANCO": "-", "LINHA_AVAL_NOME": "GIRO", "LATITUDE": "-19.9357281", "LONGITUDE": "-43.9325146", "STATUS_OPERACIONAL": "CARTEIRA", "STATUS": "CARTEIRA", "field_14": null, "field_15": null, "field_16": null }, "geometry": { "type": "Point", "coordinates": [ -43.9325146, -19.9357281 ] } },
{ "type": "Feature", "properties": { "NROCNPJ_PAD": "16589551000172", "STATUS_MAILING": "EMPRESA ELEGÍVEL ONLINE SEM SUCESSO NO CONTATO TELEFÔNICO/EMPRESA ELEGÍVEL PRESENCIAL NÃO VISITADA", "NOME_FANTASIA": "ASSIS ACAITERIA", "RAZAO_SOCIAL": "R & R ASSIS LTDA", "RESPONSAVEL": "RODRIGO VICENTE DE ASSIS|ROSILENE LOPES DA SILVA DE ASSIS", "MUNICIPIO": "BELO HORIZONTE", "ENDEE": "RUA SERENATA, 24, SANTANA DO CAFEZAL, 30250-000, BELO HORIZONTE", "BANCO": "-", "LINHA_AVAL_NOME": "GIRO", "LATITUDE": "-19.937114", "LONGITUDE": "-43.91135", "STATUS_OPERACIONAL": "CARTEIRA", "STATUS": "CARTEIRA", "field_14": null, "field_15": null, "field_16": null }, "geometry": { "type": "Point", "coordinates": [ -43.91135, -19.937114 ] } },
{ "type": "Feature", "properties": { "NROCNPJ_PAD": "59413068000145", "STATUS_MAILING": "EMPRESA ELEGÍVEL ONLINE SEM SUCESSO NO CONTATO TELEFÔNICO/EMPRESA ELEGÍVEL PRESENCIAL NÃO VISITADA", "NOME_FANTASIA": "CONECTASUCCESS", "RAZAO_SOCIAL": "ANA PAULA MARTINS GOMES LTDA", "RESPONSAVEL": "ANA PAULA MARTINS GOMES", "MUNICIPIO": "BELO HORIZONTE", "ENDEE": "RUA RIO GRANDE DO NORTE, 1435, SALA 708 PAVMTO 7, SAVASSI, 30130-138, BELO HORIZONTE", "BANCO": "-", "LINHA_AVAL_NOME": "GIRO", "LATITUDE": "-19.9381209", "LONGITUDE": "-43.9324268", "STATUS_OPERACIONAL": "CARTEIRA", "STATUS": "CARTEIRA", "field_14": null, "field_15": null, "field_16": null }, "geometry": { "type": "Point", "coordinates": [ -43.9324268, -19.9381209 ] } },
{ "type": "Feature", "properties": { "NROCNPJ_PAD": "60492588000170", "STATUS_MAILING": "EMPRESA ELEGÍVEL ONLINE SEM SUCESSO NO CONTATO TELEFÔNICO/EMPRESA ELEGÍVEL PRESENCIAL NÃO VISITADA", "NOME_FANTASIA": "ASSESSORAH CONSULTORIA HOSPITALAR", "RAZAO_SOCIAL": "ASSESSORAH SERVICOS DE GESTAO EM SAUDE LTDA", "RESPONSAVEL": "TALESALVESORNELAS", "MUNICIPIO": "BELO HORIZONTE", "ENDEE": "RUA RIO GRANDE DO NORTE, 1435, SALA 708 PAVMTO 7, SAVASSI, 30130-138, BELO HORIZONTE", "BANCO": "-", "LINHA_AVAL_NOME": "GIRO", "LATITUDE": "-19.9381209", "LONGITUDE": "-43.9324268", "STATUS_OPERACIONAL": "CARTEIRA", "STATUS": "CARTEIRA", "field_14": null, "field_15": null, "field_16": null }, "geometry": { "type": "Point", "coordinates": [ -43.9324268, -19.9381209 ] } },
{ "type": "Feature", "properties": { "NROCNPJ_PAD": "41477882000168", "STATUS_MAILING": "EMPRESA ELEGÍVEL ONLINE SEM SUCESSO NO CONTATO TELEFÔNICO/EMPRESA ELEGÍVEL PRESENCIAL NÃO VISITADA", "NOME_FANTASIA": "D3 WORK CLOTHES", "RAZAO_SOCIAL": "D3 CLOTHES STORE LTDA", "RESPONSAVEL": "DANIELFERNANDESNOGUEIRACOSTA", "MUNICIPIO": "BELO HORIZONTE", "ENDEE": "RUA CONTRIA, 1501, LOJA 03, GRAJAU, 30431-245, BELO HORIZONTE", "BANCO": "-", "LINHA_AVAL_NOME": "GIRO", "LATITUDE": "-19.9384302", "LONGITUDE": "-43.9675787", "STATUS_OPERACIONAL": "CARTEIRA", "STATUS": "CARTEIRA", "field_14": null, "field_15": null, "field_16": null }, "geometry": { "type": "Point", "coordinates": [ -43.9675787, -19.9384302 ] } },
{ "type": "Feature", "properties": { "NROCNPJ_PAD": "10256764000104", "STATUS_MAILING": "EMPRESA ELEGÍVEL ONLINE SEM SUCESSO NO CONTATO TELEFÔNICO/EMPRESA ELEGÍVEL PRESENCIAL NÃO VISITADA", "NOME_FANTASIA": "-", "RAZAO_SOCIAL": "AJT ASSESSORIA E CONSULTORIA LTDA.", "RESPONSAVEL": "-", "MUNICIPIO": "BELO HORIZONTE", "ENDEE": "RUA SANTO ANTONIO DO MONTE, 246, APT 400, SANTO ANTONIO, 30330-220, BELO HORIZONTE", "BANCO": "-", "LINHA_AVAL_NOME": "GIRO", "LATITUDE": "-19.9442385", "LONGITUDE": "-43.9401868", "STATUS_OPERACIONAL": "CARTEIRA", "STATUS": "CARTEIRA", "field_14": null, "field_15": null, "field_16": null }, "geometry": { "type": "Point", "coordinates": [ -43.9401868, -19.9442385 ] } },
{ "type": "Feature", "properties": { "NROCNPJ_PAD": "34230578000156", "STATUS_MAILING": "EMPRESA ELEGÍVEL ONLINE SEM SUCESSO NO CONTATO TELEFÔNICO/EMPRESA ELEGÍVEL PRESENCIAL NÃO VISITADA", "NOME_FANTASIA": "PMG CARGAS", "RAZAO_SOCIAL": "PMG CARGAS LTDA", "RESPONSAVEL": "PEDROAUGUSTOMELODOSSANTOS", "MUNICIPIO": "BELO HORIZONTE", "ENDEE": "RUA CONSELHEIRO CUNHA DE FIGUEIREDO, 33, CASA 20, SALGADO FILHO, 30550-470, BELO HORIZONTE", "BANCO": "-", "LINHA_AVAL_NOME": "GIRO", "LATITUDE": "-19.945007", "LONGITUDE": "-43.9794951", "STATUS_OPERACIONAL": "CARTEIRA", "STATUS": "CARTEIRA", "field_14": null, "field_15": null, "field_16": null }, "geometry": { "type": "Point", "coordinates": [ -43.9794951, -19.945007 ] } },
{ "type": "Feature", "properties": { "NROCNPJ_PAD": "37156982000115", "STATUS_MAILING": "EMPRESA ELEGÍVEL ONLINE SEM SUCESSO NO CONTATO TELEFÔNICO/EMPRESA ELEGÍVEL PRESENCIAL NÃO VISITADA", "NOME_FANTASIA": "PLANEJADOS VALENTIM", "RAZAO_SOCIAL": "ARMARIOS VALENTIM LTDA", "RESPONSAVEL": "LUIZANTONIOLEONARDOBATISTA", "MUNICIPIO": "BELO HORIZONTE", "ENDEE": "RUA CONSELHEIRO CARNEIRO DE CAMPOS, 357, GALPAO, SALGADO FILHO, 30550-320, BELO HORIZONTE", "BANCO": "-", "LINHA_AVAL_NOME": "GIRO", "LATITUDE": "-19.9472345", "LONGITUDE": "-43.9812217", "STATUS_OPERACIONAL": "CARTEIRA", "STATUS": "CARTEIRA", "field_14": null, "field_15": null, "field_16": null }, "geometry": { "type": "Point", "coordinates": [ -43.9812217, -19.9472345 ] } },
{ "type": "Feature", "properties": { "NROCNPJ_PAD": "07903400000156", "STATUS_MAILING": "EMPRESA ELEGÍVEL ONLINE SEM SUCESSO NO CONTATO TELEFÔNICO/EMPRESA ELEGÍVEL PRESENCIAL NÃO VISITADA", "NOME_FANTASIA": "KNOWING IDIOMAS", "RAZAO_SOCIAL": "KNOWING ESCOLA DE IDIOMAS LTDA", "RESPONSAVEL": "ADRIANA ARRIEIRO CONTINENTINO COSTA|SYLO DA SILVA COSTA JUNIOR", "MUNICIPIO": "BELO HORIZONTE", "ENDEE": "RUA CHICAGO, 325, SION, 30315-520, BELO HORIZONTE", "BANCO": "-", "LINHA_AVAL_NOME": "GIRO", "LATITUDE": "-19.9526701", "LONGITUDE": "-43.9346738", "STATUS_OPERACIONAL": "CARTEIRA", "STATUS": "CARTEIRA", "field_14": null, "field_15": null, "field_16": null }, "geometry": { "type": "Point", "coordinates": [ -43.9346738, -19.9526701 ] } },
{ "type": "Feature", "properties": { "NROCNPJ_PAD": "19287088000100", "STATUS_MAILING": "EMPRESA ELEGÍVEL ONLINE SEM SUCESSO NO CONTATO TELEFÔNICO/EMPRESA ELEGÍVEL PRESENCIAL NÃO VISITADA", "NOME_FANTASIA": "CONECTA MIX", "RAZAO_SOCIAL": "CONECTA MIX LTDA", "RESPONSAVEL": "SYLVIOALEXANDREFERREIRAESILVA", "MUNICIPIO": "BELO HORIZONTE", "ENDEE": "RUA PROFESSOR TAVARES PAES, 399, SUBSL, JARDIM AMERICA, 30421-473, BELO HORIZONTE", "BANCO": "-", "LINHA_AVAL_NOME": "GIRO", "LATITUDE": "-19.9528398", "LONGITUDE": "-43.9679199", "STATUS_OPERACIONAL": "CARTEIRA", "STATUS": "CARTEIRA", "field_14": null, "field_15": null, "field_16": null }, "geometry": { "type": "Point", "coordinates": [ -43.9679199, -19.9528398 ] } },
{ "type": "Feature", "properties": { "NROCNPJ_PAD": "27537152000184", "STATUS_MAILING": "EMPRESA ELEGÍVEL ONLINE SEM SUCESSO NO CONTATO TELEFÔNICO/EMPRESA ELEGÍVEL PRESENCIAL NÃO VISITADA", "NOME_FANTASIA": "VIPVANS", "RAZAO_SOCIAL": "VIPVANS LOCACOES E TURISMO LTDA", "RESPONSAVEL": "RODRIGOCESARPASSOSAGUIAR", "MUNICIPIO": "BELO HORIZONTE", "ENDEE": "RUA ONZE DE ABRIL, 38, ALPES, 30451-680, BELO HORIZONTE", "BANCO": "-", "LINHA_AVAL_NOME": "GIRO", "LATITUDE": "-19.9528524", "LONGITUDE": "-43.9668797", "STATUS_OPERACIONAL": "CARTEIRA", "STATUS": "CARTEIRA", "field_14": null, "field_15": null, "field_16": null }, "geometry": { "type": "Point", "coordinates": [ -43.9668797, -19.9528524 ] } },
{ "type": "Feature", "properties": { "NROCNPJ_PAD": "35275244000161", "STATUS_MAILING": "EMPRESA ELEGÍVEL ONLINE SEM SUCESSO NO CONTATO TELEFÔNICO/EMPRESA ELEGÍVEL PRESENCIAL NÃO VISITADA", "NOME_FANTASIA": "NEW ORDER BIKE COMPANY", "RAZAO_SOCIAL": "PEDRO FRANCO BARBOSA BICICLETAS", "RESPONSAVEL": "PEDRO FRANCO BARBOSA", "MUNICIPIO": "BELO HORIZONTE", "ENDEE": "RUA CENTAURO, 380, SUBSL, SANTA LUCIA, 30360-310, BELO HORIZONTE", "BANCO": "-", "LINHA_AVAL_NOME": "INVESTIMENTO + GIRO", "LATITUDE": "-19.9612073", "LONGITUDE": "-43.9465326", "STATUS_OPERACIONAL": "CARTEIRA", "STATUS": "CARTEIRA", "field_14": null, "field_15": null, "field_16": null }, "geometry": { "type": "Point", "coordinates": [ -43.9465326, -19.9612073 ] } },
{ "type": "Feature", "properties": { "NROCNPJ_PAD": "38418781000101", "STATUS_MAILING": "EMPRESA ELEGÍVEL ONLINE SEM SUCESSO NO CONTATO TELEFÔNICO/EMPRESA ELEGÍVEL PRESENCIAL NÃO VISITADA", "NOME_FANTASIA": "MASTER FIBRA TELECOM", "RAZAO_SOCIAL": "BHT TELECOMUNICACOES LTDA", "RESPONSAVEL": "BERNARDOMARTINSHAMDANHARMUCHE|HAMILTONCARDOSODOSSANTOS|THAYANEKAREMCARDOSORIBEIRO", "MUNICIPIO": "BELO HORIZONTE", "ENDEE": "RUA MARIO JOSE FRANCISCO, 116, LOJA A, BETANIA, 30590-180, BELO HORIZONTE", "BANCO": "-", "LINHA_AVAL_NOME": "GIRO", "LATITUDE": "-19.9619952", "LONGITUDE": "-43.9921501", "STATUS_OPERACIONAL": "CARTEIRA", "STATUS": "CARTEIRA", "field_14": null, "field_15": null, "field_16": null }, "geometry": { "type": "Point", "coordinates": [ -43.9921501, -19.9619952 ] } },
{ "type": "Feature", "properties": { "NROCNPJ_PAD": "24029362000173", "STATUS_MAILING": "EMPRESA ELEGÍVEL ONLINE SEM SUCESSO NO CONTATO TELEFÔNICO/EMPRESA ELEGÍVEL PRESENCIAL NÃO VISITADA", "NOME_FANTASIA": "-", "RAZAO_SOCIAL": "ARCO CONSTRUCOES A SECO LTDA", "RESPONSAVEL": "ELIZABETEAPARECIDADASILVAGERMANO", "MUNICIPIO": "BELO HORIZONTE", "ENDEE": "AVENIDA DOM JOAO VI, 841, CINQUENTENARIO, 30570-066, BELO HORIZONTE", "BANCO": "-", "LINHA_AVAL_NOME": "EMPREENDEDORISMO FEM", "LATITUDE": "-19.9625214", "LONGITUDE": "-43.9818044", "STATUS_OPERACIONAL": "CARTEIRA", "STATUS": "CARTEIRA", "field_14": null, "field_15": null, "field_16": null }, "geometry": { "type": "Point", "coordinates": [ -43.9818044, -19.9625214 ] } },
{ "type": "Feature", "properties": { "NROCNPJ_PAD": "54387041000101", "STATUS_MAILING": "EMPRESA ELEGÍVEL ONLINE SEM SUCESSO NO CONTATO TELEFÔNICO/EMPRESA ELEGÍVEL PRESENCIAL NÃO VISITADA", "NOME_FANTASIA": "COTA E PARENTE ENGENHARIA", "RAZAO_SOCIAL": "D&H ENGENHARIA LTDA", "RESPONSAVEL": "ROBSONDASILVAPARENTE", "MUNICIPIO": "BELO HORIZONTE", "ENDEE": "AVENIDA RAJA GABAGLIA, 3502, SALA 201, ESTORIL, 30494-310, BELO HORIZONTE", "BANCO": "-", "LINHA_AVAL_NOME": "GIRO", "LATITUDE": "-19.9637123", "LONGITUDE": "-43.9562288", "STATUS_OPERACIONAL": "CARTEIRA", "STATUS": "CARTEIRA", "field_14": null, "field_15": null, "field_16": null }, "geometry": { "type": "Point", "coordinates": [ -43.9562288, -19.9637123 ] } },
{ "type": "Feature", "properties": { "NROCNPJ_PAD": "34834459000102", "STATUS_MAILING": "EMPRESA ELEGÍVEL ONLINE SEM SUCESSO NO CONTATO TELEFÔNICO/EMPRESA ELEGÍVEL PRESENCIAL NÃO VISITADA", "NOME_FANTASIA": "DAYRELL CONTABILIDADE & ASSESSORIA", "RAZAO_SOCIAL": "DAYRELL CONTABILIDADE & ASSESSORIA LTDA", "RESPONSAVEL": "RAFAELAUGUSTODEOLIVEIRANORBIM|RENATADAYRELLCAMPOSDEOLIVEIRA", "MUNICIPIO": "BELO HORIZONTE", "ENDEE": "RUA MARIA HEILBUTH SURETTE, 1285, APT 102, BURITIS, 30575-100, BELO HORIZONTE", "BANCO": "-", "LINHA_AVAL_NOME": "GIRO", "LATITUDE": "-19.9679024", "LONGITUDE": "-43.9717144", "STATUS_OPERACIONAL": "CARTEIRA", "STATUS": "CARTEIRA", "field_14": null, "field_15": null, "field_16": null }, "geometry": { "type": "Point", "coordinates": [ -43.9717144, -19.9679024 ] } },
{ "type": "Feature", "properties": { "NROCNPJ_PAD": "11483792000119", "STATUS_MAILING": "EMPRESA ELEGÍVEL ONLINE SEM SUCESSO NO CONTATO TELEFÔNICO/EMPRESA ELEGÍVEL PRESENCIAL NÃO VISITADA", "NOME_FANTASIA": "-", "RAZAO_SOCIAL": "FERNANDO COLEN CARDOSO", "RESPONSAVEL": "FERNANDO COLEN CARDOSO", "MUNICIPIO": "BELO HORIZONTE", "ENDEE": "AVENIDA PROFESSOR MARIO WERNECK, 1175, LOJA 01, BURITIS, 30455-610, BELO HORIZONTE", "BANCO": "-", "LINHA_AVAL_NOME": "GIRO", "LATITUDE": "-19.9685381", "LONGITUDE": "-43.9637996", "STATUS_OPERACIONAL": "CARTEIRA", "STATUS": "CARTEIRA", "field_14": null, "field_15": null, "field_16": null }, "geometry": { "type": "Point", "coordinates": [ -43.9637996, -19.9685381 ] } },
{ "type": "Feature", "properties": { "NROCNPJ_PAD": "55301043000107", "STATUS_MAILING": "EMPRESA ELEGÍVEL ONLINE SEM SUCESSO NO CONTATO TELEFÔNICO/EMPRESA ELEGÍVEL PRESENCIAL NÃO VISITADA", "NOME_FANTASIA": "-", "RAZAO_SOCIAL": "JRAMOS ENGENHARIA E PROJETOS LTDA", "RESPONSAVEL": "JEFFERSON MENEZES RAMOS", "MUNICIPIO": "BELO HORIZONTE", "ENDEE": "RUA JOSE TEOFILO MARQUES, 111, APT 202 BLOCO 2, BURITIS, 30575-833, BELO HORIZONTE", "BANCO": "-", "LINHA_AVAL_NOME": "GIRO", "LATITUDE": "-19.9747598", "LONGITUDE": "-43.9775753", "STATUS_OPERACIONAL": "CARTEIRA", "STATUS": "CARTEIRA", "field_14": null, "field_15": null, "field_16": null }, "geometry": { "type": "Point", "coordinates": [ -43.9775753, -19.9747598 ] } },
{ "type": "Feature", "properties": { "NROCNPJ_PAD": "49613038000200", "STATUS_MAILING": "EMPRESA ELEGÍVEL ONLINE SEM SUCESSO NO CONTATO TELEFÔNICO/EMPRESA ELEGÍVEL PRESENCIAL NÃO VISITADA", "NOME_FANTASIA": "ATUAL DISTRIBUIDORA BH", "RAZAO_SOCIAL": "ATUAL DISTRIBUIDORA LTDA", "RESPONSAVEL": "NAIARAGESIANESOARESFERREIRA", "MUNICIPIO": "BELO HORIZONTE", "ENDEE": "RUA ANTONIO EUSTAQUIO PIAZZA, 14, LOJA 9, JOAO PAULO II, 30662-050, BELO HORIZONTE", "BANCO": "-", "LINHA_AVAL_NOME": "EMPREENDEDORISMO FEM", "LATITUDE": "-19.986302", "LONGITUDE": "-44.0381501", "STATUS_OPERACIONAL": "CARTEIRA", "STATUS": "CARTEIRA", "field_14": null, "field_15": null, "field_16": null }, "geometry": { "type": "Point", "coordinates": [ -44.0381501, -19.986302 ] } },
{ "type": "Feature", "properties": { "NROCNPJ_PAD": "53963007000175", "STATUS_MAILING": "EMPRESA ELEGÍVEL ONLINE SEM SUCESSO NO CONTATO TELEFÔNICO/EMPRESA ELEGÍVEL PRESENCIAL NÃO VISITADA", "NOME_FANTASIA": "-", "RAZAO_SOCIAL": "V&D MANUTENCOES INDUSTRIAIS LTDA", "RESPONSAVEL": "VICTORHUGODASILVA", "MUNICIPIO": "BELO HORIZONTE", "ENDEE": "RUA SEIS, 406, APT 101, CARDOSO, 30628-004, BELO HORIZONTE", "BANCO": "-", "LINHA_AVAL_NOME": "GIRO", "LATITUDE": "-20.0066826", "LONGITUDE": "-44.0068319", "STATUS_OPERACIONAL": "CARTEIRA", "STATUS": "CARTEIRA", "field_14": null, "field_15": null, "field_16": null }, "geometry": { "type": "Point", "coordinates": [ -44.0068319, -20.0066826 ] } },
{ "type": "Feature", "properties": { "NROCNPJ_PAD": "59989745000178", "STATUS_MAILING": "EMPRESA ELEGÍVEL PRESENCIAL E PROPRIETÁRIO INDISPONÍVEL", "NOME_FANTASIA": "ALAXYS LTDA", "RAZAO_SOCIAL": "ALAXYS LTDA", "RESPONSAVEL": "-", "MUNICIPIO": "BELO HORIZONTE", "ENDEE": "RUA QUINTINO BOCAIUVA, 236, SANTA ROSA, BELO HORIZONTE, MG", "BANCO": "BDMG", "LINHA_AVAL_NOME": "GIRO", "LATITUDE": "-19.865784", "LONGITUDE": "-43.9455205", "STATUS_OPERACIONAL": "CARTEIRA", "STATUS": "CARTEIRA", "field_14": null, "field_15": null, "field_16": null }, "geometry": { "type": "Point", "coordinates": [ -43.9455205, -19.865784 ] } },
{ "type": "Feature", "properties": { "NROCNPJ_PAD": "15355185000124", "STATUS_MAILING": "EMPRESA ELEGÍVEL PRESENCIAL E PROPRIETÁRIO INDISPONÍVEL", "NOME_FANTASIA": "TRANSFERREIRA.", "RAZAO_SOCIAL": "LOC-PIPAS LOCACOES LTDA.", "RESPONSAVEL": "-", "MUNICIPIO": "BELO HORIZONTE", "ENDEE": "RUA DEPUTADO ANDRE DE ALMEIDA, 455, PAQUETA, BELO HORIZONTE, MG", "BANCO": "SICOOB", "LINHA_AVAL_NOME": "GIRO", "LATITUDE": "-19.875243", "LONGITUDE": "-43.9915312", "STATUS_OPERACIONAL": "CARTEIRA", "STATUS": "CARTEIRA", "field_14": null, "field_15": null, "field_16": null }, "geometry": { "type": "Point", "coordinates": [ -43.9915312, -19.875243 ] } },
{ "type": "Feature", "properties": { "NROCNPJ_PAD": "58446120000105", "STATUS_MAILING": "EMPRESA ELEGÍVEL PRESENCIAL E PROPRIETÁRIO INDISPONÍVEL", "NOME_FANTASIA": "BERNINI SORVETES", "RAZAO_SOCIAL": "SORVETERIA BERNINI SORVETES LTDA", "RESPONSAVEL": "-", "MUNICIPIO": "BELO HORIZONTE", "ENDEE": "RUA DESEMBARGADOR BARCELOS, 1051, NOVA SUISSA, BELO HORIZONTE, MG", "BANCO": "BDMG", "LINHA_AVAL_NOME": "GIRO", "LATITUDE": "-19.9328041", "LONGITUDE": "-43.9777545", "STATUS_OPERACIONAL": "CARTEIRA", "STATUS": "CARTEIRA", "field_14": null, "field_15": null, "field_16": null }, "geometry": { "type": "Point", "coordinates": [ -43.9777545, -19.9328041 ] } },
{ "type": "Feature", "properties": { "NROCNPJ_PAD": "53217186000100", "STATUS_MAILING": "EMPRESA ELEGÍVEL PRESENCIAL E PROPRIETÁRIO INDISPONÍVEL", "NOME_FANTASIA": "R3 GESTAO FINANCEIRA", "RAZAO_SOCIAL": "ROGINALDO REBOUCAS ROCHA JUNIOR LTDA", "RESPONSAVEL": "-", "MUNICIPIO": "BELO HORIZONTE", "ENDEE": "RUA RIO GRANDE DO NORTE, 1435, SAVASSI, BELO HORIZONTE, MG", "BANCO": "BDMG", "LINHA_AVAL_NOME": "GIRO", "LATITUDE": "-19.9381209", "LONGITUDE": "-43.9324268", "STATUS_OPERACIONAL": "CARTEIRA", "STATUS": "CARTEIRA", "field_14": null, "field_15": null, "field_16": null }, "geometry": { "type": "Point", "coordinates": [ -43.9324268, -19.9381209 ] } },
{ "type": "Feature", "properties": { "NROCNPJ_PAD": "23599441000157", "STATUS_MAILING": "EMPRESA ELEGÍVEL ONLINE NÃO TRABALHADA NO CONTATO TELEFÔNICO/EMPRESA ELEGÍVEL PRESENCIAL NÃO VISITADA", "NOME_FANTASIA": "-", "RAZAO_SOCIAL": "GAMA WORKOUT LTDA", "RESPONSAVEL": null, "MUNICIPIO": "BELO HORIZONTE", "ENDEE": "GENEBRA,509,,30411-560,BELO HORIZONTE, BRASIL", "BANCO": "-", "LINHA_AVAL_NOME": "-", "LATITUDE": null, "LONGITUDE": null, "STATUS_OPERACIONAL": "CARTEIRA", "STATUS": "CARTEIRA", "field_14": null, "field_15": null, "field_16": null }, "geometry": null },
{ "type": "Feature", "properties": { "NROCNPJ_PAD": "46956271000116", "STATUS_MAILING": "EMPRESA ELEGÍVEL ONLINE NÃO TRABALHADA NO CONTATO TELEFÔNICO/EMPRESA ELEGÍVEL PRESENCIAL NÃO VISITADA", "NOME_FANTASIA": "OR SOLUCOES", "RAZAO_SOCIAL": "OR SOLUCOES LTDA", "RESPONSAVEL": "OTAVIO DE ORNELLAS RIEVERT", "MUNICIPIO": "BELO HORIZONTE", "ENDEE": "RUA MANUEL MENDES DA COSTA, 68, CASA B, MANTIQUEIRA, 31655-600, BELO HORIZONTE, MG, BRASIL", "BANCO": "BDMG", "LINHA_AVAL_NOME": "Giro", "LATITUDE": "-19.791952", "LONGITUDE": "-43.9839093", "STATUS_OPERACIONAL": "CARTEIRA", "STATUS": "CARTEIRA", "field_14": null, "field_15": null, "field_16": null }, "geometry": { "type": "Point", "coordinates": [ -43.9839093, -19.791952 ] } },
{ "type": "Feature", "properties": { "NROCNPJ_PAD": "61896575000129", "STATUS_MAILING": "EMPRESA ELEGÍVEL ONLINE NÃO TRABALHADA NO CONTATO TELEFÔNICO/EMPRESA ELEGÍVEL PRESENCIAL NÃO VISITADA", "NOME_FANTASIA": "-", "RAZAO_SOCIAL": "CRIS BIKE LTDA", "RESPONSAVEL": "CELIO FERNANDES DE SOUZA", "MUNICIPIO": "BELO HORIZONTE", "ENDEE": "AVENIDA OTACILIO NEGRAO DE LIMA, 14370, JARDIM ATLANTICO, 31550-086, BELO HORIZONTE, MG, BRASIL", "BANCO": "BDMG", "LINHA_AVAL_NOME": "Giro", "LATITUDE": "-19.8461291", "LONGITUDE": "-43.9873155", "STATUS_OPERACIONAL": "CARTEIRA", "STATUS": "CARTEIRA", "field_14": null, "field_15": null, "field_16": null }, "geometry": { "type": "Point", "coordinates": [ -43.9873155, -19.8461291 ] } },
{ "type": "Feature", "properties": { "NROCNPJ_PAD": "63914663000131", "STATUS_MAILING": "EMPRESA ELEGÍVEL ONLINE NÃO TRABALHADA NO CONTATO TELEFÔNICO/EMPRESA ELEGÍVEL PRESENCIAL NÃO VISITADA", "NOME_FANTASIA": "FABORIS GESTAO E CONSULTORIA", "RAZAO_SOCIAL": "FABORIS GESTAO E CONSULTORIA LTDA", "RESPONSAVEL": "FABIO FILOGONIO CANCADO", "MUNICIPIO": "BELO HORIZONTE", "ENDEE": "RUA KENNEDY MARO CAMPOS, 55, APT 401, CASTELO, 30840-440, BELO HORIZONTE, MG, BRASIL", "BANCO": "BDMG", "LINHA_AVAL_NOME": "Giro", "LATITUDE": "-19.8882847", "LONGITUDE": "-43.9973814", "STATUS_OPERACIONAL": "CARTEIRA", "STATUS": "CARTEIRA", "field_14": null, "field_15": null, "field_16": null }, "geometry": { "type": "Point", "coordinates": [ -43.9973814, -19.8882847 ] } },
{ "type": "Feature", "properties": { "NROCNPJ_PAD": "49581132000143", "STATUS_MAILING": "EMPRESA ELEGÍVEL ONLINE NÃO TRABALHADA NO CONTATO TELEFÔNICO/EMPRESA ELEGÍVEL PRESENCIAL NÃO VISITADA", "NOME_FANTASIA": "-", "RAZAO_SOCIAL": "LETZZ COMERCIO LTDA", "RESPONSAVEL": "SERGIO DA SILVA TRIVELLATO", "MUNICIPIO": "BELO HORIZONTE", "ENDEE": "RUA VICENTE RISOLA, 356, SANTA INES, 31080-160, BELO HORIZONTE, MG, BRASIL", "BANCO": "BDMG", "LINHA_AVAL_NOME": "Giro", "LATITUDE": "-19.8891978", "LONGITUDE": "-43.9086482", "STATUS_OPERACIONAL": "CARTEIRA", "STATUS": "CARTEIRA", "field_14": null, "field_15": null, "field_16": null }, "geometry": { "type": "Point", "coordinates": [ -43.9086482, -19.8891978 ] } },
{ "type": "Feature", "properties": { "NROCNPJ_PAD": "26735039000140", "STATUS_MAILING": "EMPRESA ELEGÍVEL ONLINE NÃO TRABALHADA NO CONTATO TELEFÔNICO/EMPRESA ELEGÍVEL PRESENCIAL NÃO VISITADA", "NOME_FANTASIA": "-", "RAZAO_SOCIAL": "MASTER SOLUCOES DIGITAIS LTDA", "RESPONSAVEL": "JUSSARA MIRANDA LAGE", "MUNICIPIO": "BELO HORIZONTE", "ENDEE": "RUA SAO BARTOLOMEU, 160, SALA 02, NOVA FLORESTA, 31140-290, BELO HORIZONTE, MG, BRASIL", "BANCO": "BDMG", "LINHA_AVAL_NOME": "Giro", "LATITUDE": "-19.8941316", "LONGITUDE": "-43.9344206", "STATUS_OPERACIONAL": "CARTEIRA", "STATUS": "CARTEIRA", "field_14": null, "field_15": null, "field_16": null }, "geometry": { "type": "Point", "coordinates": [ -43.9344206, -19.8941316 ] } },
{ "type": "Feature", "properties": { "NROCNPJ_PAD": "64546642000173", "STATUS_MAILING": "EMPRESA ELEGÍVEL ONLINE NÃO TRABALHADA NO CONTATO TELEFÔNICO/EMPRESA ELEGÍVEL PRESENCIAL NÃO VISITADA", "NOME_FANTASIA": "-", "RAZAO_SOCIAL": "ANDERSON CRUZ COMERCIO E SERVICOS EMPRESARIAIS LTDA", "RESPONSAVEL": "ANDERSON LEONARDO DA CRUZ", "MUNICIPIO": "BELO HORIZONTE", "ENDEE": "RUA MACHADO NUNES, 146, SALA 108 A, ALTO CAICARAS, 30775-530, BELO HORIZONTE, MG, BRASIL", "BANCO": "SICREDI 2", "LINHA_AVAL_NOME": "Giro", "LATITUDE": "-19.9005492", "LONGITUDE": "-43.9697085", "STATUS_OPERACIONAL": "CARTEIRA", "STATUS": "CARTEIRA", "field_14": null, "field_15": null, "field_16": null }, "geometry": { "type": "Point", "coordinates": [ -43.9697085, -19.9005492 ] } },
{ "type": "Feature", "properties": { "NROCNPJ_PAD": "41954683000101", "STATUS_MAILING": "EMPRESA ELEGÍVEL ONLINE NÃO TRABALHADA NO CONTATO TELEFÔNICO/EMPRESA ELEGÍVEL PRESENCIAL NÃO VISITADA", "NOME_FANTASIA": "CANDIOTTO CONSULTORIA E TREINAMENTO", "RAZAO_SOCIAL": "CANDIOTTO CONSULTORIA E TREINAMENTO LTDA", "RESPONSAVEL": "BERNARDO PUNTEL CANDIOTTO DE CARVALHO", "MUNICIPIO": "BELO HORIZONTE", "ENDEE": "RUA JOAO CARLOS, 1533, APT 601, SAGRADA FAMILIA, 31030-360, BELO HORIZONTE, MG, BRASIL", "BANCO": "BDMG", "LINHA_AVAL_NOME": "Giro", "LATITUDE": "-19.9020249", "LONGITUDE": "-43.9271893", "STATUS_OPERACIONAL": "CARTEIRA", "STATUS": "CARTEIRA", "field_14": null, "field_15": null, "field_16": null }, "geometry": { "type": "Point", "coordinates": [ -43.9271893, -19.9020249 ] } },
{ "type": "Feature", "properties": { "NROCNPJ_PAD": "53946962000102", "STATUS_MAILING": "EMPRESA ELEGÍVEL ONLINE NÃO TRABALHADA NO CONTATO TELEFÔNICO/EMPRESA ELEGÍVEL PRESENCIAL NÃO VISITADA", "NOME_FANTASIA": "PAPELARIA AMAR", "RAZAO_SOCIAL": "PAPELARIA ESPACO AMAR LTDA", "RESPONSAVEL": "ALINE CREMASCO BARACHO", "MUNICIPIO": "BELO HORIZONTE", "ENDEE": "RUA SAO MATEUS, 16, APT 306, SAGRADA FAMILIA, 31035-330, BELO HORIZONTE, MG, BRASIL", "BANCO": "BDMG", "LINHA_AVAL_NOME": "Giro", "LATITUDE": "-19.9036998", "LONGITUDE": "-43.9181079", "STATUS_OPERACIONAL": "CARTEIRA", "STATUS": "CARTEIRA", "field_14": null, "field_15": null, "field_16": null }, "geometry": { "type": "Point", "coordinates": [ -43.9181079, -19.9036998 ] } },
{ "type": "Feature", "properties": { "NROCNPJ_PAD": "39453859000191", "STATUS_MAILING": "EMPRESA ELEGÍVEL ONLINE NÃO TRABALHADA NO CONTATO TELEFÔNICO/EMPRESA ELEGÍVEL PRESENCIAL NÃO VISITADA", "NOME_FANTASIA": "WN SISTEMAS", "RAZAO_SOCIAL": "WN CONSULTORIA E DESENVOLVIMENTO WEB LTDA", "RESPONSAVEL": "WENDELL CASSIO AUGUSTO NOCE", "MUNICIPIO": "BELO HORIZONTE", "ENDEE": "RUA MINERVA, 328, CAICARA ADELAIDE, 30720-580, BELO HORIZONTE, MG, BRASIL", "BANCO": "BDMG", "LINHA_AVAL_NOME": "Giro", "LATITUDE": "-19.9046403", "LONGITUDE": "-43.9765116", "STATUS_OPERACIONAL": "CARTEIRA", "STATUS": "CARTEIRA", "field_14": null, "field_15": null, "field_16": null }, "geometry": { "type": "Point", "coordinates": [ -43.9765116, -19.9046403 ] } },
{ "type": "Feature", "properties": { "NROCNPJ_PAD": "60193480000186", "STATUS_MAILING": "EMPRESA ELEGÍVEL ONLINE NÃO TRABALHADA NO CONTATO TELEFÔNICO/EMPRESA ELEGÍVEL PRESENCIAL NÃO VISITADA", "NOME_FANTASIA": "CONECTA VANGUARD", "RAZAO_SOCIAL": "CONECTA VANGUARD GESTAO DE TRAFEGO LTDA", "RESPONSAVEL": "MARIANA DE SOUZA GERMANO MOREIRA", "MUNICIPIO": "BELO HORIZONTE", "ENDEE": "RUA RIO DE JANEIRO, 243, SALA 802, CENTRO, 30160-040, BELO HORIZONTE, MG, BRASIL", "BANCO": "BDMG", "LINHA_AVAL_NOME": "Giro", "LATITUDE": "-19.916549", "LONGITUDE": "-43.9377374", "STATUS_OPERACIONAL": "CARTEIRA", "STATUS": "CARTEIRA", "field_14": null, "field_15": null, "field_16": null }, "geometry": { "type": "Point", "coordinates": [ -43.9377374, -19.916549 ] } },
{ "type": "Feature", "properties": { "NROCNPJ_PAD": "22521799000102", "STATUS_MAILING": "EMPRESA ELEGÍVEL ONLINE NÃO TRABALHADA NO CONTATO TELEFÔNICO/EMPRESA ELEGÍVEL PRESENCIAL NÃO VISITADA", "NOME_FANTASIA": "INSTITUTO ORAL ODONTOLOGIA E ESTETICA", "RAZAO_SOCIAL": "R & L ODONTOLOGIA LTDA", "RESPONSAVEL": "ERIKA LINS MAIA RIBEIRO|MARCOS FELIPE RIBEIRO DOS SANTOS", "MUNICIPIO": "BELO HORIZONTE", "ENDEE": "RUA TURQUESA, 486, PRADO, 30411-177, BELO HORIZONTE, MG, BRASIL", "BANCO": "BDMG", "LINHA_AVAL_NOME": "Giro", "LATITUDE": "-19.9271351", "LONGITUDE": "-43.9626375", "STATUS_OPERACIONAL": "CARTEIRA", "STATUS": "CARTEIRA", "field_14": null, "field_15": null, "field_16": null }, "geometry": { "type": "Point", "coordinates": [ -43.9626375, -19.9271351 ] } },
{ "type": "Feature", "properties": { "NROCNPJ_PAD": "13269106000137", "STATUS_MAILING": "EMPRESA ELEGÍVEL ONLINE NÃO TRABALHADA NO CONTATO TELEFÔNICO/EMPRESA ELEGÍVEL PRESENCIAL NÃO VISITADA", "NOME_FANTASIA": "ESPACO DA BELEZA TOFANI", "RAZAO_SOCIAL": "13.269.106 VANESSA CANDIDO DA SILVA", "RESPONSAVEL": "VANESSA CANDIDO DA SILVA", "MUNICIPIO": "BELO HORIZONTE", "ENDEE": "RUA MARCILIO DIAS - DE 151/152 AO FIM, 268, NOVA SUISSA, 30421-023, BELO HORIZONTE, MG, BRASIL", "BANCO": "BDMG", "LINHA_AVAL_NOME": "Giro", "LATITUDE": "-19.9276756", "LONGITUDE": "-43.9755648", "STATUS_OPERACIONAL": "CARTEIRA", "STATUS": "CARTEIRA", "field_14": null, "field_15": null, "field_16": null }, "geometry": { "type": "Point", "coordinates": [ -43.9755648, -19.9276756 ] } },
{ "type": "Feature", "properties": { "NROCNPJ_PAD": "30753151000181", "STATUS_MAILING": "EMPRESA ELEGÍVEL ONLINE NÃO TRABALHADA NO CONTATO TELEFÔNICO/EMPRESA ELEGÍVEL PRESENCIAL NÃO VISITADA", "NOME_FANTASIA": "VISUAL LENS", "RAZAO_SOCIAL": "CG COMERCIO DE PRODUTOS OPTICOS LTDA", "RESPONSAVEL": "GIZELY VIEIRA DUARTE", "MUNICIPIO": "BELO HORIZONTE", "ENDEE": "RUA JULIO DE CASTILHO, 1227, LOJA 3, PARQUE SAO JOSE, 30570-080, BELO HORIZONTE, MG, BRASIL", "BANCO": "BDMG", "LINHA_AVAL_NOME": "Giro", "LATITUDE": "-19.9654526", "LONGITUDE": "-43.9816377", "STATUS_OPERACIONAL": "CARTEIRA", "STATUS": "CARTEIRA", "field_14": null, "field_15": null, "field_16": null }, "geometry": { "type": "Point", "coordinates": [ -43.9816377, -19.9654526 ] } },
{ "type": "Feature", "properties": { "NROCNPJ_PAD": "41338445000163", "STATUS_MAILING": "EMPRESA ELEGÍVEL ONLINE NÃO TRABALHADA NO CONTATO TELEFÔNICO/EMPRESA ELEGÍVEL PRESENCIAL NÃO VISITADA", "NOME_FANTASIA": "BRAGA TECH", "RAZAO_SOCIAL": "BRAGA TECNOLOGIA E COMERCIO LTDA", "RESPONSAVEL": "WALDER DE OLIVEIRA BRAGA JUNIOR", "MUNICIPIO": "BELO HORIZONTE", "ENDEE": "RUA PLUTAO, 52, SANTA LUCIA, 30360-450, BELO HORIZONTE, MG, BRASIL", "BANCO": "BDMG", "LINHA_AVAL_NOME": "Giro", "LATITUDE": "-19.967184", "LONGITUDE": "-43.945039", "STATUS_OPERACIONAL": "CARTEIRA", "STATUS": "CARTEIRA", "field_14": null, "field_15": null, "field_16": null }, "geometry": { "type": "Point", "coordinates": [ -43.945039, -19.967184 ] } },
{ "type": "Feature", "properties": { "NROCNPJ_PAD": "38039051000108", "STATUS_MAILING": "EMPRESA ELEGÍVEL ONLINE NÃO TRABALHADA NO CONTATO TELEFÔNICO/EMPRESA ELEGÍVEL PRESENCIAL NÃO VISITADA", "NOME_FANTASIA": "AGENCIA QUEZZ", "RAZAO_SOCIAL": "AGENCIA QUEZZ MARKETING LTDA", "RESPONSAVEL": "QUEZIA DAYSE FREITAS TAVARES", "MUNICIPIO": "BELO HORIZONTE", "ENDEE": "AVENIDA DO CONTORNO, 5823, SALA 1005, FUNCIONARIOS, 30110-035, BELO HORIZONTE, MG, BRASIL", "BANCO": "BDMG", "LINHA_AVAL_NOME": "Giro", "LATITUDE": "-19.9399315", "LONGITUDE": "-43.9317156", "STATUS_OPERACIONAL": "CARTEIRA", "STATUS": "CARTEIRA", "field_14": null, "field_15": null, "field_16": null }, "geometry": { "type": "Point", "coordinates": [ -43.9317156, -19.9399315 ] } },
{ "type": "Feature", "properties": { "NROCNPJ_PAD": "32800909000110", "STATUS_MAILING": "PORTE DEMAIS (FORA DO PORTE SEBRAE)", "NOME_FANTASIA": "-", "RAZAO_SOCIAL": "ANTONIETA MARIA SANTO ANDRE SOCIEDADE INDIVIDUAL DE ADVOCACIA", "RESPONSAVEL": "ANTONIETA MARIA SANTO ANDRE", "MUNICIPIO": "BELO HORIZONTE", "ENDEE": "AVENIDA DEPUTADO CRISTOVAM CHIARADIA, 351, APT 504A, BURITIS, 30575-815, BELO HORIZONTE, MG, BRASIL", "BANCO": "BDMG", "LINHA_AVAL_NOME": "Giro", "LATITUDE": "-19.9790833", "LONGITUDE": "-43.9738453", "STATUS_OPERACIONAL": "CARTEIRA", "STATUS": "CARTEIRA", "field_14": null, "field_15": null, "field_16": null }, "geometry": { "type": "Point", "coordinates": [ -43.9738453, -19.9790833 ] } },
{ "type": "Feature", "properties": { "NROCNPJ_PAD": "39516239000154", "STATUS_MAILING": "EMPRESA ELEGÍVEL ONLINE NÃO TRABALHADA NO CONTATO TELEFÔNICO/EMPRESA ELEGÍVEL PRESENCIAL NÃO VISITADA", "NOME_FANTASIA": "OSCAR DIAS", "RAZAO_SOCIAL": "OSCAR OLIVEIRA DIAS 09626739606", "RESPONSAVEL": "OSCAR OLIVEIRA DIAS", "MUNICIPIO": "BELO HORIZONTE", "ENDEE": "RUA CASTRO ALVES, 319, COPACABANA, 31540-680, BELO HORIZONTE, MG, BRASIL", "BANCO": "BDMG", "LINHA_AVAL_NOME": "Giro", "LATITUDE": "-19.8346904", "LONGITUDE": "-43.9891316", "STATUS_OPERACIONAL": "CARTEIRA", "STATUS": "CARTEIRA", "field_14": null, "field_15": null, "field_16": null }, "geometry": { "type": "Point", "coordinates": [ -43.9891316, -19.8346904 ] } },
{ "type": "Feature", "properties": { "NROCNPJ_PAD": "18876776000135", "STATUS_MAILING": "EMPRESA ELEGÍVEL ONLINE NÃO TRABALHADA NO CONTATO TELEFÔNICO/EMPRESA ELEGÍVEL PRESENCIAL NÃO VISITADA", "NOME_FANTASIA": "STUDIO LE MENINGRONI", "RAZAO_SOCIAL": "LEANDRO CESAR MENINGRONI LTDA", "RESPONSAVEL": "LEANDRO CESAR MENINGRONI", "MUNICIPIO": "BELO HORIZONTE", "ENDEE": "RUA BOAVENTURA - DE 1252/1253 AO FIM, 1757, LOJA 5, LIBERDADE, 31270-310, BELO HORIZONTE, MG, BRASIL", "BANCO": "BDMG", "LINHA_AVAL_NOME": "Giro", "LATITUDE": "-19.8564909", "LONGITUDE": "-43.9560616", "STATUS_OPERACIONAL": "CARTEIRA", "STATUS": "CARTEIRA", "field_14": null, "field_15": null, "field_16": null }, "geometry": { "type": "Point", "coordinates": [ -43.9560616, -19.8564909 ] } },
{ "type": "Feature", "properties": { "NROCNPJ_PAD": "29421900000194", "STATUS_MAILING": "EMPRESA ELEGÍVEL ONLINE NÃO TRABALHADA NO CONTATO TELEFÔNICO/EMPRESA ELEGÍVEL PRESENCIAL NÃO VISITADA", "NOME_FANTASIA": "ELIS SOCIAL MEDIA", "RAZAO_SOCIAL": "ELIS EMIDIO ESTRATEGIAS DIGITAIS LTDA", "RESPONSAVEL": "ELIS MARIA JOSE DA MATA EMIDIO", "MUNICIPIO": "BELO HORIZONTE", "ENDEE": "RUA AUGUSTO SOUZA COUTINHO, 284, ALVARO CAMARGOS, 30860-140, BELO HORIZONTE, MG, BRASIL", "BANCO": "BDMG", "LINHA_AVAL_NOME": "Giro", "LATITUDE": "-19.914199", "LONGITUDE": "-44.0063617", "STATUS_OPERACIONAL": "CARTEIRA", "STATUS": "CARTEIRA", "field_14": null, "field_15": null, "field_16": null }, "geometry": { "type": "Point", "coordinates": [ -44.0063617, -19.914199 ] } },
{ "type": "Feature", "properties": { "NROCNPJ_PAD": "60997571000174", "STATUS_MAILING": "EMPRESA ELEGÍVEL ONLINE NÃO TRABALHADA NO CONTATO TELEFÔNICO/EMPRESA ELEGÍVEL PRESENCIAL NÃO VISITADA", "NOME_FANTASIA": "TOP SUN ACAI - BELO HORIZONTE", "RAZAO_SOCIAL": "PICHELI E NUNES COMERCIO DE ACAI LTDA", "RESPONSAVEL": "FAGNER VITOR NOGUEIRA PICHELI|LEONARDO ANTONIO NUNES ROSATTI DE SOUSA|MARIA AUXILIADORA NUNES", "MUNICIPIO": "BELO HORIZONTE", "ENDEE": "AVENIDA AUGUSTO DE LIMA, 335, LOJA 6, CENTRO, 30190-000, BELO HORIZONTE, MG, BRASIL", "BANCO": "BDMG", "LINHA_AVAL_NOME": "Giro", "LATITUDE": "-19.9244798", "LONGITUDE": "-43.9389871", "STATUS_OPERACIONAL": "CARTEIRA", "STATUS": "CARTEIRA", "field_14": null, "field_15": null, "field_16": null }, "geometry": { "type": "Point", "coordinates": [ -43.9389871, -19.9244798 ] } },
{ "type": "Feature", "properties": { "NROCNPJ_PAD": "29282042000144", "STATUS_MAILING": "EMPRESA ELEGÍVEL ONLINE NÃO TRABALHADA NO CONTATO TELEFÔNICO/EMPRESA ELEGÍVEL PRESENCIAL NÃO VISITADA", "NOME_FANTASIA": "GSC - ENGENHARIA E CONSULTORIA", "RAZAO_SOCIAL": "GSC ENGENHARIA E CONSULTORIA LTDA", "RESPONSAVEL": "GLEIDSON SANDER MARIANO ALVES", "MUNICIPIO": "BELO HORIZONTE", "ENDEE": "RUA PAULO NEHMY, 89, PADRE EUSTAQUIO, 30730-100, BELO HORIZONTE, MG, BRASIL", "BANCO": "BDMG", "LINHA_AVAL_NOME": "Giro", "LATITUDE": "-19.9167037", "LONGITUDE": "-43.9839052", "STATUS_OPERACIONAL": "CARTEIRA", "STATUS": "CARTEIRA", "field_14": null, "field_15": null, "field_16": null }, "geometry": { "type": "Point", "coordinates": [ -43.9839052, -19.9167037 ] } },
{ "type": "Feature", "properties": { "NROCNPJ_PAD": "60925600000192", "STATUS_MAILING": "EMPRESA ELEGÍVEL ONLINE NÃO TRABALHADA NO CONTATO TELEFÔNICO/EMPRESA ELEGÍVEL PRESENCIAL NÃO VISITADA", "NOME_FANTASIA": "-", "RAZAO_SOCIAL": "HLDR START TO FINISH LTDA", "RESPONSAVEL": "HEVERTON LUCAS DOS REIS", "MUNICIPIO": "BELO HORIZONTE", "ENDEE": "RUA ALMENARA, 78, CASA D, CACHOEIRINHA, 31130-230, BELO HORIZONTE, MG, BRASIL", "BANCO": "BDMG", "LINHA_AVAL_NOME": "Giro", "LATITUDE": "-19.8860998", "LONGITUDE": "-43.9494214", "STATUS_OPERACIONAL": "CARTEIRA", "STATUS": "CARTEIRA", "field_14": null, "field_15": null, "field_16": null }, "geometry": { "type": "Point", "coordinates": [ -43.9494214, -19.8860998 ] } },
{ "type": "Feature", "properties": { "NROCNPJ_PAD": "17491324000172", "STATUS_MAILING": "EMPRESA ELEGÍVEL ONLINE NÃO TRABALHADA NO CONTATO TELEFÔNICO/EMPRESA ELEGÍVEL PRESENCIAL NÃO VISITADA", "NOME_FANTASIA": "VICK PECAS", "RAZAO_SOCIAL": "VICK PECAS LTDA", "RESPONSAVEL": "GILMAR DO NASCIMENTO|JOAO DO NASCIMENTO JUNIOR|VANESSA ANTONIA RIBEIRO", "MUNICIPIO": "BELO HORIZONTE", "ENDEE": "RODOVIA MG-5, 318, LOJA B, IPE, 31930-010, BELO HORIZONTE, MG, BRASIL", "BANCO": "ESTÍMULO", "LINHA_AVAL_NOME": "Investimento + giro", "LATITUDE": "-19.8678701", "LONGITUDE": "-43.9042423", "STATUS_OPERACIONAL": "CARTEIRA", "STATUS": "CARTEIRA", "field_14": null, "field_15": null, "field_16": null }, "geometry": { "type": "Point", "coordinates": [ -43.9042423, -19.8678701 ] } },
{ "type": "Feature", "properties": { "NROCNPJ_PAD": "19648991000141", "STATUS_MAILING": "EMPRESA ELEGÍVEL ONLINE NÃO TRABALHADA NO CONTATO TELEFÔNICO/EMPRESA ELEGÍVEL PRESENCIAL NÃO VISITADA", "NOME_FANTASIA": "VEREDAS CONSULTORIA E PROJETOS", "RAZAO_SOCIAL": "VEREDAS CONSULTORIA E PROJETOS LTDA", "RESPONSAVEL": "FERNANDOGUIMARAESESTEVESOTTONI|MARCELOALCANTARAPRATES|MARIANACOSTAZAIDAN", "MUNICIPIO": "BELO HORIZONTE", "ENDEE": "RUA MANILA, 311, APT 201 SALA, HAVAI, 30575-010, BELO HORIZONTE, MG, BRASIL", "BANCO": "SICOOB", "LINHA_AVAL_NOME": "Giro", "LATITUDE": "-19.9636362", "LONGITUDE": "-43.9680044", "STATUS_OPERACIONAL": "CARTEIRA", "STATUS": "CARTEIRA", "field_14": null, "field_15": null, "field_16": null }, "geometry": { "type": "Point", "coordinates": [ -43.9680044, -19.9636362 ] } },
{ "type": "Feature", "properties": { "NROCNPJ_PAD": "49213458000118", "STATUS_MAILING": "EMPRESA ELEGÍVEL ONLINE NÃO TRABALHADA NO CONTATO TELEFÔNICO/EMPRESA ELEGÍVEL PRESENCIAL NÃO VISITADA", "NOME_FANTASIA": "SELECT FERTILIZANTES", "RAZAO_SOCIAL": "SELECT FERTILIZANTES DO BRASIL LTDA", "RESPONSAVEL": "CLINTONRODRIGUESBOMFIM|PLINIORODRIGUESBOMFIM", "MUNICIPIO": "BELO HORIZONTE", "ENDEE": "RUA SAO CAETANO, 37, SAO FRANCISCO, 31250-780, BELO HORIZONTE, MG, BRASIL", "BANCO": "SICOOB", "LINHA_AVAL_NOME": "Giro", "LATITUDE": "-19.8825562", "LONGITUDE": "-43.9630756", "STATUS_OPERACIONAL": "CARTEIRA", "STATUS": "CARTEIRA", "field_14": null, "field_15": null, "field_16": null }, "geometry": { "type": "Point", "coordinates": [ -43.9630756, -19.8825562 ] } },
{ "type": "Feature", "properties": { "NROCNPJ_PAD": "41905931000116", "STATUS_MAILING": "EMPRESA ELEGÍVEL ONLINE NÃO TRABALHADA NO CONTATO TELEFÔNICO/EMPRESA ELEGÍVEL PRESENCIAL NÃO VISITADA", "NOME_FANTASIA": "ROTANOG SERVICOS", "RAZAO_SOCIAL": "ROTANOG PRESTACAO DE SERVICOS LTDA", "RESPONSAVEL": "CAROLINADEFREITASSILVA|RODRIGOTADEUMONTEIRONOGUEIRA", "MUNICIPIO": "BELO HORIZONTE", "ENDEE": "AVENIDA DEL REY, 111, SALA 309 BLOCO D, CAICARAS, 30775-240, BELO HORIZONTE, MG, BRASIL", "BANCO": "SICOOB", "LINHA_AVAL_NOME": "Giro", "LATITUDE": "-19.8921597", "LONGITUDE": "-43.9668798", "STATUS_OPERACIONAL": "CARTEIRA", "STATUS": "CARTEIRA", "field_14": null, "field_15": null, "field_16": null }, "geometry": { "type": "Point", "coordinates": [ -43.9668798, -19.8921597 ] } },
{ "type": "Feature", "properties": { "NROCNPJ_PAD": "62629855000133", "STATUS_MAILING": "EMPRESA ELEGÍVEL ONLINE NÃO TRABALHADA NO CONTATO TELEFÔNICO/EMPRESA ELEGÍVEL PRESENCIAL NÃO VISITADA", "NOME_FANTASIA": "PANABEKER ENGENHARIA E ARQUITETURA", "RAZAO_SOCIAL": "PANABEKER ENGENHARIA E ARQUITETURA LTDA", "RESPONSAVEL": "FABIANORIBEIRODOSSANTOS|JOSEMARIAFRANCISCODOSSANTOSJUNIOR", "MUNICIPIO": "BELO HORIZONTE", "ENDEE": "RUA DA BAHIA, 1148, BLOCO 1 SALA 1115, CENTRO, 30160-906, BELO HORIZONTE, MG, BRASIL", "BANCO": "SICOOB", "LINHA_AVAL_NOME": "Giro", "LATITUDE": "-19.9248809", "LONGITUDE": "-43.9378114", "STATUS_OPERACIONAL": "CARTEIRA", "STATUS": "CARTEIRA", "field_14": null, "field_15": null, "field_16": null }, "geometry": { "type": "Point", "coordinates": [ -43.9378114, -19.9248809 ] } },
{ "type": "Feature", "properties": { "NROCNPJ_PAD": "62384757000183", "STATUS_MAILING": "EMPRESA ELEGÍVEL ONLINE NÃO TRABALHADA NO CONTATO TELEFÔNICO/EMPRESA ELEGÍVEL PRESENCIAL NÃO VISITADA", "NOME_FANTASIA": "NATALIA MOREIRA ODONTOLOGIA ESPECIALIZADA", "RAZAO_SOCIAL": "NATALIA MOREIRA ODONTOLOGIA ESPECIALIZADA LTDA", "RESPONSAVEL": "NATALIAPINTOMOREIRA", "MUNICIPIO": "BELO HORIZONTE", "ENDEE": "RUA JOVIANO NAVES, 15, SALA 19, PALMARES, 31155-710, BELO HORIZONTE, MG, BRASIL", "BANCO": "SICOOB", "LINHA_AVAL_NOME": "Empreendedorismo Fem", "LATITUDE": "-19.873581", "LONGITUDE": "-43.9314887", "STATUS_OPERACIONAL": "CARTEIRA", "STATUS": "CARTEIRA", "field_14": null, "field_15": null, "field_16": null }, "geometry": { "type": "Point", "coordinates": [ -43.9314887, -19.873581 ] } },
{ "type": "Feature", "properties": { "NROCNPJ_PAD": "49946662000148", "STATUS_MAILING": "EMPRESA ELEGÍVEL ONLINE NÃO TRABALHADA NO CONTATO TELEFÔNICO/EMPRESA ELEGÍVEL PRESENCIAL NÃO VISITADA", "NOME_FANTASIA": "CLINICA INTERAGIR - ESPACO DE DESENVOLVIMENTO", "RAZAO_SOCIAL": "INTERAGIR - ESPACO DE ACOLHIMENTO E DESENVOLVIMENTO LTDA", "RESPONSAVEL": "MARIAHMOORECANARIM|YARAMACHADOPEREIRACASSIANO", "MUNICIPIO": "BELO HORIZONTE", "ENDEE": "AVENIDA DEL REY, 111, LOJA 09 BLOCO B, CAICARAS, 30775-240, BELO HORIZONTE, MG, BRASIL", "BANCO": "SICOOB", "LINHA_AVAL_NOME": "Giro", "LATITUDE": "-19.8921597", "LONGITUDE": "-43.9668798", "STATUS_OPERACIONAL": "CARTEIRA", "STATUS": "CARTEIRA", "field_14": null, "field_15": null, "field_16": null }, "geometry": { "type": "Point", "coordinates": [ -43.9668798, -19.8921597 ] } },
{ "type": "Feature", "properties": { "NROCNPJ_PAD": "58362785000122", "STATUS_MAILING": "EMPRESA ELEGÍVEL ONLINE NÃO TRABALHADA NO CONTATO TELEFÔNICO/EMPRESA ELEGÍVEL PRESENCIAL NÃO VISITADA", "NOME_FANTASIA": "BELEZA LACERDA DISTRIBUIDORA", "RAZAO_SOCIAL": "BELEZA LACERDA DISTRIBUIDORA DE COSMETICOS LTDA", "RESPONSAVEL": "TELMAAPARECIDALACERDA", "MUNICIPIO": "BELO HORIZONTE", "ENDEE": "RUA FLAVIO MARQUES LISBOA, 511, SALA 1, BARREIRO, 30640-050, BELO HORIZONTE, MG, BRASIL", "BANCO": "SICOOB", "LINHA_AVAL_NOME": "Giro", "LATITUDE": "-19.9765257", "LONGITUDE": "-44.0145091", "STATUS_OPERACIONAL": "CARTEIRA", "STATUS": "CARTEIRA", "field_14": null, "field_15": null, "field_16": null }, "geometry": { "type": "Point", "coordinates": [ -44.0145091, -19.9765257 ] } },
{ "type": "Feature", "properties": { "NROCNPJ_PAD": "40971864000175", "STATUS_MAILING": "EMPRESA ELEGÍVEL ONLINE NÃO TRABALHADA NO CONTATO TELEFÔNICO/EMPRESA ELEGÍVEL PRESENCIAL NÃO VISITADA", "NOME_FANTASIA": "ALLIUM", "RAZAO_SOCIAL": "ALLIUM IND & COM LTDA", "RESPONSAVEL": "EDILSONMATEUSDASILVA", "MUNICIPIO": "BELO HORIZONTE", "ENDEE": "AVENIDA UM, 130, DIAMANTE, 30640-755, BELO HORIZONTE, MG, BRASIL", "BANCO": "SICOOB", "LINHA_AVAL_NOME": "Giro", "LATITUDE": "-19.9836755", "LONGITUDE": "-44.0230691", "STATUS_OPERACIONAL": "CARTEIRA", "STATUS": "CARTEIRA", "field_14": null, "field_15": null, "field_16": null }, "geometry": { "type": "Point", "coordinates": [ -44.0230691, -19.9836755 ] } },
{ "type": "Feature", "properties": { "NROCNPJ_PAD": "17447945000159", "STATUS_MAILING": "EMPRESA ELEGÍVEL ONLINE NÃO TRABALHADA NO CONTATO TELEFÔNICO/EMPRESA ELEGÍVEL PRESENCIAL NÃO VISITADA", "NOME_FANTASIA": "-", "RAZAO_SOCIAL": "WORLD REPRESENTACAO COMERCIAL LTDA", "RESPONSAVEL": "ALEXANDERCARLOSMENDONCADECARVALHO", "MUNICIPIO": "BELO HORIZONTE", "ENDEE": "AVENIDA ENGENHEIRO CARLOS GOULART, 130, APT 1203, BURITIS, 30493-030, BELO HORIZONTE, MG, BRASIL", "BANCO": "SICOOB", "LINHA_AVAL_NOME": "Giro", "LATITUDE": "-19.9691899", "LONGITUDE": "-43.9626492", "STATUS_OPERACIONAL": "CARTEIRA", "STATUS": "CARTEIRA", "field_14": null, "field_15": null, "field_16": null }, "geometry": { "type": "Point", "coordinates": [ -43.9626492, -19.9691899 ] } },
{ "type": "Feature", "properties": { "NROCNPJ_PAD": "41374442000185", "STATUS_MAILING": "EMPRESA ELEGÍVEL ONLINE NÃO TRABALHADA NO CONTATO TELEFÔNICO/EMPRESA ELEGÍVEL PRESENCIAL NÃO VISITADA", "NOME_FANTASIA": "-", "RAZAO_SOCIAL": "MASTER CAR AUTO REPARO - SERVICOS AUTOMOTIVOS LTDA", "RESPONSAVEL": "ALEXANDRECOSTALOPES", "MUNICIPIO": "BELO HORIZONTE", "ENDEE": "RUA VERISSIMO, 126, GALPAO, SALGADO FILHO, 30550-270, BELO HORIZONTE, MG, BRASIL", "BANCO": "SICOOB", "LINHA_AVAL_NOME": "Giro", "LATITUDE": "-19.9435613", "LONGITUDE": "-43.9831789", "STATUS_OPERACIONAL": "CARTEIRA", "STATUS": "CARTEIRA", "field_14": null, "field_15": null, "field_16": null }, "geometry": { "type": "Point", "coordinates": [ -43.9831789, -19.9435613 ] } },
{ "type": "Feature", "properties": { "NROCNPJ_PAD": "59041270000193", "STATUS_MAILING": "EMPRESA ELEGÍVEL ONLINE NÃO TRABALHADA NO CONTATO TELEFÔNICO/EMPRESA ELEGÍVEL PRESENCIAL NÃO VISITADA", "NOME_FANTASIA": "-", "RAZAO_SOCIAL": "59.041.270 STELLA FERNANDA MARTINS ARAUJO", "RESPONSAVEL": "STELLAFERNANDAMARTINSARAUJO", "MUNICIPIO": "BELO HORIZONTE", "ENDEE": "RUA JUNO, 571, GLORIA, 30870-010, BELO HORIZONTE, MG, BRASIL", "BANCO": "SICOOB", "LINHA_AVAL_NOME": "Empreendedorismo Fem", "LATITUDE": "-19.9137379", "LONGITUDE": "-44.0044967", "STATUS_OPERACIONAL": "CARTEIRA", "STATUS": "CARTEIRA", "field_14": null, "field_15": null, "field_16": null }, "geometry": { "type": "Point", "coordinates": [ -44.0044967, -19.9137379 ] } },
{ "type": "Feature", "properties": { "NROCNPJ_PAD": "52147366000191", "STATUS_MAILING": "EMPRESA ELEGÍVEL ONLINE NÃO TRABALHADA NO CONTATO TELEFÔNICO/EMPRESA ELEGÍVEL PRESENCIAL NÃO VISITADA", "NOME_FANTASIA": "-", "RAZAO_SOCIAL": "52.147.366 ANA CAROLINA OLIVEIRA COSTA", "RESPONSAVEL": "ANACAROLINAOLIVEIRACOSTA", "MUNICIPIO": "BELO HORIZONTE", "ENDEE": "RUA FERNAO DIAS, 2723, VERA CRUZ, 30285-160, BELO HORIZONTE, MG, BRASIL", "BANCO": "SICOOB", "LINHA_AVAL_NOME": "Empreendedorismo Fem", "LATITUDE": "-19.9065063", "LONGITUDE": "-43.8919591", "STATUS_OPERACIONAL": "CARTEIRA", "STATUS": "CARTEIRA", "field_14": null, "field_15": null, "field_16": null }, "geometry": { "type": "Point", "coordinates": [ -43.8919591, -19.9065063 ] } },
{ "type": "Feature", "properties": { "NROCNPJ_PAD": "51680699000119", "STATUS_MAILING": "EMPRESA ELEGÍVEL ONLINE NÃO TRABALHADA NO CONTATO TELEFÔNICO/EMPRESA ELEGÍVEL PRESENCIAL NÃO VISITADA", "NOME_FANTASIA": "-", "RAZAO_SOCIAL": "BM NEGOCIOS E SOLUCOES LTDA", "RESPONSAVEL": "BRUNOAUGUSTOANICETOMALACCO", "MUNICIPIO": "BELO HORIZONTE", "ENDEE": "RUA CORACAO EUCARISTICO DE JESUS, 5, APT 101 SALA 02, CORACAO EUCARISTICO, 30535-460, BELO HORIZONTE, MG, BRASIL", "BANCO": "SICOOB", "LINHA_AVAL_NOME": "Giro", "LATITUDE": "-19.9269938", "LONGITUDE": "-43.988364", "STATUS_OPERACIONAL": "CARTEIRA", "STATUS": "CARTEIRA", "field_14": null, "field_15": null, "field_16": null }, "geometry": { "type": "Point", "coordinates": [ -43.988364, -19.9269938 ] } },
{ "type": "Feature", "properties": { "NROCNPJ_PAD": "65620301000163", "STATUS_MAILING": "EMPRESA ELEGÍVEL ONLINE NÃO TRABALHADA NO CONTATO TELEFÔNICO/EMPRESA ELEGÍVEL PRESENCIAL NÃO VISITADA", "NOME_FANTASIA": "-", "RAZAO_SOCIAL": "ESTACAO PETS LTDA", "RESPONSAVEL": "DANIELLEMARTINSSILVA", "MUNICIPIO": "BELO HORIZONTE", "ENDEE": "AVENIDA DEPUTADO ULTIMO DE CARVALHO, 841, PLANALTO, 31730-600, BELO HORIZONTE, MG, BRASIL", "BANCO": "SICOOB", "LINHA_AVAL_NOME": "Giro", "LATITUDE": "-19.8361046", "LONGITUDE": "-43.9439198", "STATUS_OPERACIONAL": "CARTEIRA", "STATUS": "CARTEIRA", "field_14": null, "field_15": null, "field_16": null }, "geometry": { "type": "Point", "coordinates": [ -43.9439198, -19.8361046 ] } },
{ "type": "Feature", "properties": { "NROCNPJ_PAD": "42642303000158", "STATUS_MAILING": "EMPRESA COM PROBLEMA NA SITUAÇÃO CADASTRAL (BAIXADA/SUSPENSA/NULA/INAPTA)", "NOME_FANTASIA": "-", "RAZAO_SOCIAL": "DIRCEU JOAQUIM TEIXEIRA 50083503668", "RESPONSAVEL": "DIRCEUJOAQUIMTEIXEIRA", "MUNICIPIO": "BELO HORIZONTE", "ENDEE": "RUA ADILSON PAULO DE SOUZA, 535, SAO JOAO BATISTA (VENDA NOVA), 31515-270, BELO HORIZONTE, MG, BRASIL", "BANCO": "SICOOB", "LINHA_AVAL_NOME": "Giro", "LATITUDE": "-19.8223387", "LONGITUDE": "-43.9663572", "STATUS_OPERACIONAL": "CARTEIRA", "STATUS": "CARTEIRA", "field_14": null, "field_15": null, "field_16": null }, "geometry": { "type": "Point", "coordinates": [ -43.9663572, -19.8223387 ] } },
{ "type": "Feature", "properties": { "NROCNPJ_PAD": "64023711000164", "STATUS_MAILING": "EMPRESA ELEGÍVEL ONLINE NÃO TRABALHADA NO CONTATO TELEFÔNICO/EMPRESA ELEGÍVEL PRESENCIAL NÃO VISITADA", "NOME_FANTASIA": "-", "RAZAO_SOCIAL": "MAGIA FESTAS ELDORADO LTDA", "RESPONSAVEL": "MARAGLEICEANDRADELIMAXAVIER", "MUNICIPIO": "BELO HORIZONTE", "ENDEE": "RUA ERIDANO, 230, MIRAMAR, 30644-100, BELO HORIZONTE, MG, BRASIL", "BANCO": "SICOOB", "LINHA_AVAL_NOME": "Giro", "LATITUDE": "-19.9968894", "LONGITUDE": "-44.0090288", "STATUS_OPERACIONAL": "CARTEIRA", "STATUS": "CARTEIRA", "field_14": null, "field_15": null, "field_16": null }, "geometry": { "type": "Point", "coordinates": [ -44.0090288, -19.9968894 ] } },
{ "type": "Feature", "properties": { "NROCNPJ_PAD": "05490249000146", "STATUS_MAILING": "EMPRESA ELEGÍVEL ONLINE NÃO TRABALHADA NO CONTATO TELEFÔNICO/EMPRESA ELEGÍVEL PRESENCIAL NÃO VISITADA", "NOME_FANTASIA": "-", "RAZAO_SOCIAL": "B9 BEBEDOUROS COMERCIO LTDA", "RESPONSAVEL": "VALERIADASILVASERRA|WILERSONVERIANODASILVA", "MUNICIPIO": "BELO HORIZONTE", "ENDEE": "RUA JURAMENTO, 540, JONAS VEIGA, 30285-408, BELO HORIZONTE, MG, BRASIL", "BANCO": "SICOOB", "LINHA_AVAL_NOME": "Giro", "LATITUDE": "-19.9188559", "LONGITUDE": "-43.90144", "STATUS_OPERACIONAL": "CARTEIRA", "STATUS": "CARTEIRA", "field_14": null, "field_15": null, "field_16": null }, "geometry": { "type": "Point", "coordinates": [ -43.90144, -19.9188559 ] } },
{ "type": "Feature", "properties": { "NROCNPJ_PAD": "51311275000187", "STATUS_MAILING": "EMPRESA ELEGÍVEL ONLINE NÃO TRABALHADA NO CONTATO TELEFÔNICO/EMPRESA ELEGÍVEL PRESENCIAL NÃO VISITADA", "NOME_FANTASIA": "-", "RAZAO_SOCIAL": "LULE - SERVICOS MEDICOS LTDA", "RESPONSAVEL": "JANAINALAILARODRIGUESCASTILHO", "MUNICIPIO": "BELO HORIZONTE", "ENDEE": "RUA MONSENHOR NEGROMONTE, 299, PLANALTO, 31720-070, BELO HORIZONTE, MG, BRASIL", "BANCO": "SICOOB", "LINHA_AVAL_NOME": "Empreendedorismo Fem", "LATITUDE": "-19.8283755", "LONGITUDE": "-43.9557641", "STATUS_OPERACIONAL": "CARTEIRA", "STATUS": "CARTEIRA", "field_14": null, "field_15": null, "field_16": null }, "geometry": { "type": "Point", "coordinates": [ -43.9557641, -19.8283755 ] } },
{ "type": "Feature", "properties": { "NROCNPJ_PAD": "58268754000107", "STATUS_MAILING": "EMPRESA ELEGÍVEL ONLINE NÃO TRABALHADA NO CONTATO TELEFÔNICO/EMPRESA ELEGÍVEL PRESENCIAL NÃO VISITADA", "NOME_FANTASIA": "-", "RAZAO_SOCIAL": "58.268.754 HELTON VINICIUS MORENO CAMARGOS", "RESPONSAVEL": "HELTONVINICIUSMORENOCAMARGOS", "MUNICIPIO": "BELO HORIZONTE", "ENDEE": "RUA DOS BOROROS, 105, SANTA MONICA, 31530-290, BELO HORIZONTE, MG, BRASIL", "BANCO": "SICOOB", "LINHA_AVAL_NOME": "Giro", "LATITUDE": "-19.8299791", "LONGITUDE": "-43.9801733", "STATUS_OPERACIONAL": "CARTEIRA", "STATUS": "CARTEIRA", "field_14": null, "field_15": null, "field_16": null }, "geometry": { "type": "Point", "coordinates": [ -43.9801733, -19.8299791 ] } },
{ "type": "Feature", "properties": { "NROCNPJ_PAD": "44006357000152", "STATUS_MAILING": "EMPRESA ELEGÍVEL ONLINE NÃO TRABALHADA NO CONTATO TELEFÔNICO/EMPRESA ELEGÍVEL PRESENCIAL NÃO VISITADA", "NOME_FANTASIA": "-", "RAZAO_SOCIAL": "LORENA DE OLIVEIRA COSTA SOARES 08614648693", "RESPONSAVEL": "LORENADEOLIVEIRACOSTASOARES", "MUNICIPIO": "BELO HORIZONTE", "ENDEE": "RUA HERCULANO DIAS COELHO, 56, APT 103, PLANALTO, 31730-690, BELO HORIZONTE, MG, BRASIL", "BANCO": "SICOOB", "LINHA_AVAL_NOME": "Empreendedorismo Fem", "LATITUDE": "-19.8367958", "LONGITUDE": "-43.9438713", "STATUS_OPERACIONAL": "CARTEIRA", "STATUS": "CARTEIRA", "field_14": null, "field_15": null, "field_16": null }, "geometry": { "type": "Point", "coordinates": [ -43.9438713, -19.8367958 ] } },
{ "type": "Feature", "properties": { "NROCNPJ_PAD": "45283121000126", "STATUS_MAILING": "EMPRESA ELEGÍVEL ONLINE NÃO TRABALHADA NO CONTATO TELEFÔNICO/EMPRESA ELEGÍVEL PRESENCIAL NÃO VISITADA", "NOME_FANTASIA": "-", "RAZAO_SOCIAL": "PEDRO EYMARD PEREIRA COSTA 69185417653", "RESPONSAVEL": "PEDROEYMARDPEREIRACOSTA", "MUNICIPIO": "BELO HORIZONTE", "ENDEE": "RUA DOM JOAQUIM, 327, CASA, ARAGUAIA, 30620-130, BELO HORIZONTE, MG, BRASIL", "BANCO": "SICOOB", "LINHA_AVAL_NOME": "Giro", "LATITUDE": "-19.9878031", "LONGITUDE": "-44.0049273", "STATUS_OPERACIONAL": "CARTEIRA", "STATUS": "CARTEIRA", "field_14": null, "field_15": null, "field_16": null }, "geometry": { "type": "Point", "coordinates": [ -44.0049273, -19.9878031 ] } },
{ "type": "Feature", "properties": { "NROCNPJ_PAD": "11897636000102", "STATUS_MAILING": "EMPRESA ELEGÍVEL ONLINE NÃO TRABALHADA NO CONTATO TELEFÔNICO/EMPRESA ELEGÍVEL PRESENCIAL NÃO VISITADA", "NOME_FANTASIA": "-", "RAZAO_SOCIAL": "11.897.636 RENATA CASSIA DA ROCHA", "RESPONSAVEL": "RENATACASSIADAROCHA", "MUNICIPIO": "BELO HORIZONTE", "ENDEE": "RUA GUSTAVO DA SILVEIRA, 174, HORTO FLORESTAL, 31035-200, BELO HORIZONTE, MG, BRASIL", "BANCO": "SICOOB", "LINHA_AVAL_NOME": "Empreendedorismo Fem", "LATITUDE": "-19.9034452", "LONGITUDE": "-43.9132438", "STATUS_OPERACIONAL": "CARTEIRA", "STATUS": "CARTEIRA", "field_14": null, "field_15": null, "field_16": null }, "geometry": { "type": "Point", "coordinates": [ -43.9132438, -19.9034452 ] } },
{ "type": "Feature", "properties": { "NROCNPJ_PAD": "48470937000157", "STATUS_MAILING": "EMPRESA ELEGÍVEL ONLINE NÃO TRABALHADA NO CONTATO TELEFÔNICO/EMPRESA ELEGÍVEL PRESENCIAL NÃO VISITADA", "NOME_FANTASIA": "-", "RAZAO_SOCIAL": "48.470.937 RUBIA DE OLIVEIRA GUERRA", "RESPONSAVEL": "RUBIADEOLIVEIRAGUERRA", "MUNICIPIO": "BELO HORIZONTE", "ENDEE": "RUA JOAQUIM DA SILVA BARBOSA, 83, PENHA, 31920-230, BELO HORIZONTE, MG, BRASIL", "BANCO": "SICOOB", "LINHA_AVAL_NOME": "Giro", "LATITUDE": "-19.8771094", "LONGITUDE": "-43.9120356", "STATUS_OPERACIONAL": "CARTEIRA", "STATUS": "CARTEIRA", "field_14": null, "field_15": null, "field_16": null }, "geometry": { "type": "Point", "coordinates": [ -43.9120356, -19.8771094 ] } },
{ "type": "Feature", "properties": { "NROCNPJ_PAD": "29589842000102", "STATUS_MAILING": "EMPRESA ELEGÍVEL ONLINE NÃO TRABALHADA NO CONTATO TELEFÔNICO/EMPRESA ELEGÍVEL PRESENCIAL NÃO VISITADA", "NOME_FANTASIA": "-", "RAZAO_SOCIAL": "SILVANA ARAUJO DE SOUZA 03141162654", "RESPONSAVEL": "SILVANAARAUJODESOUZA", "MUNICIPIO": "BELO HORIZONTE", "ENDEE": "RUA SAULO DE TARSO GOULART, 360, CANDELARIA, 31510-130, BELO HORIZONTE, MG, BRASIL", "BANCO": "SICOOB", "LINHA_AVAL_NOME": "Giro", "LATITUDE": "-19.8112356", "LONGITUDE": "-43.9697083", "STATUS_OPERACIONAL": "CARTEIRA", "STATUS": "CARTEIRA", "field_14": null, "field_15": null, "field_16": null }, "geometry": { "type": "Point", "coordinates": [ -43.9697083, -19.8112356 ] } },
{ "type": "Feature", "properties": { "NROCNPJ_PAD": "71281646000132", "STATUS_MAILING": "EMPRESA ELEGÍVEL ONLINE NÃO TRABALHADA NO CONTATO TELEFÔNICO/EMPRESA ELEGÍVEL PRESENCIAL NÃO VISITADA", "NOME_FANTASIA": "-", "RAZAO_SOCIAL": "CENTRO AUTOMOTIVO SANTA MONICA LTDA", "RESPONSAVEL": "SIMERIOMINERVINODEANDRADECASTRO|WALLACEMARQUESDECASTRO", "MUNICIPIO": "BELO HORIZONTE", "ENDEE": "RUA DOS ASTECAS, 2850, SANTA MONICA, 31530-300, BELO HORIZONTE, MG, BRASIL", "BANCO": "SICOOB", "LINHA_AVAL_NOME": "Giro", "LATITUDE": "-19.8291628", "LONGITUDE": "-43.9796157", "STATUS_OPERACIONAL": "CARTEIRA", "STATUS": "CARTEIRA", "field_14": null, "field_15": null, "field_16": null }, "geometry": { "type": "Point", "coordinates": [ -43.9796157, -19.8291628 ] } },
{ "type": "Feature", "properties": { "NROCNPJ_PAD": "45659478000166", "STATUS_MAILING": "EMPRESA ELEGÍVEL ONLINE NÃO TRABALHADA NO CONTATO TELEFÔNICO/EMPRESA ELEGÍVEL PRESENCIAL NÃO VISITADA", "NOME_FANTASIA": "-", "RAZAO_SOCIAL": "DEGUSTADELI ALIMENTOS LTDA", "RESPONSAVEL": "GILMARAMARTINSVIEIRA", "MUNICIPIO": "BELO HORIZONTE", "ENDEE": "RUA CLAUDIO JOSE DE SOUZA, 22, UNIAO, 31170-380, BELO HORIZONTE, MG, BRASIL", "BANCO": "SICOOB", "LINHA_AVAL_NOME": "Giro", "LATITUDE": "-19.8819156", "LONGITUDE": "-43.9165189", "STATUS_OPERACIONAL": "CARTEIRA", "STATUS": "CARTEIRA", "field_14": null, "field_15": null, "field_16": null }, "geometry": { "type": "Point", "coordinates": [ -43.9165189, -19.8819156 ] } },
{ "type": "Feature", "properties": { "NROCNPJ_PAD": "60660630000114", "STATUS_MAILING": "EMPRESA ELEGÍVEL ONLINE SEM SUCESSO NO CONTATO TELEFÔNICO/EMPRESA ELEGÍVEL PRESENCIAL E PROPRIETÁRIO AUSENTE", "NOME_FANTASIA": "DS ODONTOLOGIA", "RAZAO_SOCIAL": "HOOPER ODONTOLOGIA LTDA", "RESPONSAVEL": "DANIELSILVASOARES", "MUNICIPIO": "BELO HORIZONTE", "ENDEE": "RUA PRELUDIO, 104, SANTA AMELIA, BELO HORIZONTE, MG", "BANCO": "SICOOB", "LINHA_AVAL_NOME": "GIRO", "LATITUDE": "-19.8317873", "LONGITUDE": "-43.9723578", "STATUS_OPERACIONAL": "CARTEIRA", "STATUS": "CARTEIRA", "field_14": null, "field_15": null, "field_16": null }, "geometry": { "type": "Point", "coordinates": [ -43.9723578, -19.8317873 ] } },
{ "type": "Feature", "properties": { "NROCNPJ_PAD": "33849091000193", "STATUS_MAILING": "EMPRESA ELEGÍVEL ONLINE NÃO TRABALHADA NO CONTATO TELEFÔNICO/EMPRESA ELEGÍVEL PRESENCIAL NÃO VISITADA", "NOME_FANTASIA": "GARRA IMPRESSOES", "RAZAO_SOCIAL": "GRUPO PB LTDA", "RESPONSAVEL": "-", "MUNICIPIO": "BELO HORIZONTE", "ENDEE": "RUA VESTA,263,OESTE,30530-500,BELO HORIZONTE,MG, BRASIL", "BANCO": "SICOOB", "LINHA_AVAL_NOME": "0", "LATITUDE": "-19.9340005", "LONGITUDE": "-43.9999703", "STATUS_OPERACIONAL": "RETORNAR_COMERCIAL", "STATUS": "RETORNAR_COMERCIAL", "field_14": null, "field_15": null, "field_16": null }, "geometry": { "type": "Point", "coordinates": [ -43.9999703, -19.9340005 ] } },
{ "type": "Feature", "properties": { "NROCNPJ_PAD": "30482867000191", "STATUS_MAILING": "EMPRESA ELEGÍVEL ONLINE SEM SUCESSO NO CONTATO TELEFÔNICO/EMPRESA ELEGÍVEL PRESENCIAL NÃO VISITADA", "NOME_FANTASIA": "LIDERANCA RODAS", "RAZAO_SOCIAL": "PEDRO EMILIO DA SILVEIRA JUNIOR", "RESPONSAVEL": "PEDRO EMILIO DA SILVEIRA JUNIOR", "MUNICIPIO": "BELO HORIZONTE", "ENDEE": "AVENIDA DOM PEDRO II, 3111, LOJA A, PADRE EUSTAQUIO, 30720-272, BELO HORIZONTE", "BANCO": "-", "LINHA_AVAL_NOME": "GIRO", "LATITUDE": "-19.9120916", "LONGITUDE": "-43.9701877", "STATUS_OPERACIONAL": "RETORNAR_COMERCIAL", "STATUS": "RETORNAR_COMERCIAL", "field_14": null, "field_15": null, "field_16": null }, "geometry": { "type": "Point", "coordinates": [ -43.9701877, -19.9120916 ] } },
{ "type": "Feature", "properties": { "NROCNPJ_PAD": "64022111000181", "STATUS_MAILING": "EMPRESA ELEGÍVEL ONLINE SEM SUCESSO NO CONTATO TELEFÔNICO/EMPRESA ELEGÍVEL PRESENCIAL NÃO VISITADA", "NOME_FANTASIA": "PH&A LANCHES", "RAZAO_SOCIAL": "PH&A LANCHES LTDA", "RESPONSAVEL": "HENRIQUEEUGENIODESOUZATEIXEIRA", "MUNICIPIO": "BELO HORIZONTE", "ENDEE": "RUA ESPIRITO SANTO, 600, LOJA 5, CENTRO, 30160-031, BELO HORIZONTE", "BANCO": "-", "LINHA_AVAL_NOME": "GIRO", "LATITUDE": "-19.9199227", "LONGITUDE": "-43.9376426", "STATUS_OPERACIONAL": "RETORNAR_COMERCIAL", "STATUS": "RETORNAR_COMERCIAL", "field_14": null, "field_15": null, "field_16": null }, "geometry": { "type": "Point", "coordinates": [ -43.9376426, -19.9199227 ] } },
{ "type": "Feature", "properties": { "NROCNPJ_PAD": "64284318000124", "STATUS_MAILING": "EMPRESA ELEGÍVEL PRESENCIAL E PROPRIETÁRIO AUSENTE", "NOME_FANTASIA": "-", "RAZAO_SOCIAL": "FAXCOM COMERCIO E MANUTENCAO LTDA", "RESPONSAVEL": "SILVERIO FERREIRA SOARES", "MUNICIPIO": "BELO HORIZONTE", "ENDEE": "RUA MAJOR LOPES, 558, SAO PEDRO, BELO HORIZONTE, MG", "BANCO": "BDMG", "LINHA_AVAL_NOME": "GIRO", "LATITUDE": "-19.9449365", "LONGITUDE": "-43.9356274", "STATUS_OPERACIONAL": "RETORNAR_COMERCIAL", "STATUS": "RETORNAR_COMERCIAL", "field_14": null, "field_15": null, "field_16": null }, "geometry": { "type": "Point", "coordinates": [ -43.9356274, -19.9449365 ] } },
{ "type": "Feature", "properties": { "NROCNPJ_PAD": "33612470000165", "STATUS_MAILING": "EMPRESA ELEGÍVEL ONLINE SEM SUCESSO NO CONTATO TELEFÔNICO/EMPRESA ELEGÍVEL PRESENCIAL NÃO VISITADA", "NOME_FANTASIA": "FARINHARIA", "RAZAO_SOCIAL": "33.612.470 JOAO VICTOR BERTOLOTTI MOURA DA COSTA RIBEIRO", "RESPONSAVEL": "JOAOVICTORBERTOLOTTIMOURADACOSTARIBEIRO", "MUNICIPIO": "BELO HORIZONTE", "ENDEE": "AVENIDA CELSO PORFIRIO MACHADO, 150, BELVEDERE, 30320-400, BELO HORIZONTE", "BANCO": "-", "LINHA_AVAL_NOME": "GIRO", "LATITUDE": "-19.9699565", "LONGITUDE": "-43.9435784", "STATUS_OPERACIONAL": "RETORNAR_COMERCIAL", "STATUS": "RETORNAR_COMERCIAL", "field_14": null, "field_15": null, "field_16": null }, "geometry": { "type": "Point", "coordinates": [ -43.9435784, -19.9699565 ] } },
{ "type": "Feature", "properties": { "NROCNPJ_PAD": "29022710000102", "STATUS_MAILING": "EMPRESA ELEGÍVEL ONLINE SEM SUCESSO NO CONTATO TELEFÔNICO/EMPRESA ELEGÍVEL PRESENCIAL E PROPRIETÁRIO AUSENTE", "NOME_FANTASIA": "AMIGO DOS BICHOS CONSULTORIO VETERINARIO", "RAZAO_SOCIAL": "AMIGO DOS BICHOS CONSULTORIO VETERINARIO LTDA", "RESPONSAVEL": "INAJARAINDELERCIADEOLIVEIRAESILVA|KARLAMICHELLEALVESGODINHO", "MUNICIPIO": "BELO HORIZONTE", "ENDEE": "RUA CORONEL JOAQUIM DOS SANTOS, 33, CEU AZUL, BELO HORIZONTE, MG", "BANCO": "SICOOB", "LINHA_AVAL_NOME": "GIRO", "LATITUDE": "-19.8251645", "LONGITUDE": "-44.0009629", "STATUS_OPERACIONAL": "RETORNAR_COMERCIAL", "STATUS": "RETORNAR_COMERCIAL", "field_14": null, "field_15": null, "field_16": null }, "geometry": { "type": "Point", "coordinates": [ -44.0009629, -19.8251645 ] } },
{ "type": "Feature", "properties": { "NROCNPJ_PAD": "27598222000104", "STATUS_MAILING": "EMPRESA ELEGÍVEL PRESENCIAL E PROPRIETÁRIO AUSENTE", "NOME_FANTASIA": "DIVINA TORTA", "RAZAO_SOCIAL": "DIVINA TORTA CONFEITARIA E PRODUTOS DE FESTA LTDA", "RESPONSAVEL": "SILVANAAPARECIDADASILVA", "MUNICIPIO": "BELO HORIZONTE", "ENDEE": "RUA PORTO SEGURO, 838, NOVA VISTA, BELO HORIZONTE, MG", "BANCO": "SICOOB", "LINHA_AVAL_NOME": "EMPREENDEDORISMO FEM", "LATITUDE": "-19.886144", "LONGITUDE": "-43.8990837", "STATUS_OPERACIONAL": "RETORNAR_COMERCIAL", "STATUS": "RETORNAR_COMERCIAL", "field_14": null, "field_15": null, "field_16": null }, "geometry": { "type": "Point", "coordinates": [ -43.8990837, -19.886144 ] } },
{ "type": "Feature", "properties": { "NROCNPJ_PAD": "56259763000106", "STATUS_MAILING": "EMPRESA ELEGÍVEL PRESENCIAL E PROPRIETÁRIO AUSENTE", "NOME_FANTASIA": "FAWLER CIRURGICA E LOCACAO DE EQUIPAMENTOS HOSPITALARES", "RAZAO_SOCIAL": "FAWLER CIRURGICA E LOCACAO DE EQUIPAMENTOS HOSPITALARES LTDA", "RESPONSAVEL": "-", "MUNICIPIO": "BELO HORIZONTE", "ENDEE": "RUA SILVA LOBO,1174,NOVA GRANADA,30431-262,BELO HORIZONTE,MG, BRASIL", "BANCO": "SICOOB", "LINHA_AVAL_NOME": "0", "LATITUDE": "-19.934995", "LONGITUDE": "-43.9714879", "STATUS_OPERACIONAL": "RETORNAR_COMERCIAL", "STATUS": "RETORNAR_COMERCIAL", "field_14": null, "field_15": null, "field_16": null }, "geometry": { "type": "Point", "coordinates": [ -43.9714879, -19.934995 ] } },
{ "type": "Feature", "properties": { "NROCNPJ_PAD": "16382647000165", "STATUS_MAILING": "EMPRESA ELEGÍVEL PRESENCIAL E PROPRIETÁRIO AUSENTE", "NOME_FANTASIA": "QUEIJARIA AEROPORTO", "RAZAO_SOCIAL": "DISTRIBUIDORA & LATICINIOS OLIVEIRA LTDA", "RESPONSAVEL": "CEDMOFRANCISCODEOLIVEIRA", "MUNICIPIO": "BELO HORIZONTE", "ENDEE": "RUA GENERAL ARANHA, 332, AEROPORTO, BELO HORIZONTE, MG", "BANCO": "SICOOB", "LINHA_AVAL_NOME": "GIRO", "LATITUDE": "-19.8556905", "LONGITUDE": "-43.955878", "STATUS_OPERACIONAL": "RETORNAR_COMERCIAL", "STATUS": "RETORNAR_COMERCIAL", "field_14": null, "field_15": null, "field_16": null }, "geometry": { "type": "Point", "coordinates": [ -43.955878, -19.8556905 ] } },
{ "type": "Feature", "properties": { "NROCNPJ_PAD": "25792987000155", "STATUS_MAILING": "EMPRESA ELEGÍVEL PRESENCIAL E PROPRIETÁRIO AUSENTE", "NOME_FANTASIA": "PADOKA", "RAZAO_SOCIAL": "PANIFICADORA SABOR DE PAO LTDA", "RESPONSAVEL": "RODRIGO SILVA DRUMOND", "MUNICIPIO": "BELO HORIZONTE", "ENDEE": "AVENIDA CORONEL JOSE DIAS BICALHO, 587, SAO JOSE, BELO HORIZONTE, MG", "BANCO": "BRADESCO", "LINHA_AVAL_NOME": "GIRO", "LATITUDE": "-19.8589242", "LONGITUDE": "-43.9648141", "STATUS_OPERACIONAL": "RETORNAR_COMERCIAL", "STATUS": "RETORNAR_COMERCIAL", "field_14": null, "field_15": null, "field_16": null }, "geometry": { "type": "Point", "coordinates": [ -43.9648141, -19.8589242 ] } },
{ "type": "Feature", "properties": { "NROCNPJ_PAD": "34251071000189", "STATUS_MAILING": "EMPRESA ELEGÍVEL PRESENCIAL E PROPRIETÁRIO INDISPONÍVEL", "NOME_FANTASIA": "CACAU SHOW", "RAZAO_SOCIAL": "ART&G CHOCOLATES LTDA", "RESPONSAVEL": "GILSONORNELASCARDOSO", "MUNICIPIO": "BELO HORIZONTE", "ENDEE": "AVENIDA FRANCISCO SA, 1106, GUTIERREZ, BELO HORIZONTE, MG", "BANCO": "SICOOB", "LINHA_AVAL_NOME": "GIRO", "LATITUDE": "-19.9321168", "LONGITUDE": "-43.9590578", "STATUS_OPERACIONAL": "RETORNAR_COMERCIAL", "STATUS": "RETORNAR_COMERCIAL", "field_14": null, "field_15": null, "field_16": null }, "geometry": { "type": "Point", "coordinates": [ -43.9590578, -19.9321168 ] } },
{ "type": "Feature", "properties": { "NROCNPJ_PAD": "22584177000115", "STATUS_MAILING": "EMPRESA ELEGÍVEL PRESENCIAL E PROPRIETÁRIO AUSENTE", "NOME_FANTASIA": "SPACO TODODIA", "RAZAO_SOCIAL": "ERICA C G VIEIRA COSMETICOS E PERFUMARIA", "RESPONSAVEL": "ERICACOELHOGROSSIVIEIRA", "MUNICIPIO": "BELO HORIZONTE", "ENDEE": "AVENIDA AFONSO PENA, 776, CENTRO, 30130-003, BELO HORIZONTE", "BANCO": "-", "LINHA_AVAL_NOME": "GIRO", "LATITUDE": "-19.9201378", "LONGITUDE": "-43.9381816", "STATUS_OPERACIONAL": "RETORNAR_COMERCIAL", "STATUS": "RETORNAR_COMERCIAL", "field_14": null, "field_15": null, "field_16": null }, "geometry": { "type": "Point", "coordinates": [ -43.9381816, -19.9201378 ] } },
{ "type": "Feature", "properties": { "NROCNPJ_PAD": "27242979000160", "STATUS_MAILING": "EMPRESA ELEGÍVEL PRESENCIAL E PROPRIETÁRIO INDISPONÍVEL", "NOME_FANTASIA": "PONTOAUTO", "RAZAO_SOCIAL": "PONTOAUTO PECAS E ACESSORIOS LTDA", "RESPONSAVEL": "JONATHAS SALVO DE PAULA", "MUNICIPIO": "BELO HORIZONTE", "ENDEE": "AVENIDA DOM PEDRO II, 3632, MONSENHOR MESSIAS, BELO HORIZONTE, MG", "BANCO": "SICOOB", "LINHA_AVAL_NOME": "GIRO", "LATITUDE": "-19.9122997", "LONGITUDE": "-43.9749994", "STATUS_OPERACIONAL": "RETORNAR_COMERCIAL", "STATUS": "RETORNAR_COMERCIAL", "field_14": null, "field_15": null, "field_16": null }, "geometry": { "type": "Point", "coordinates": [ -43.9749994, -19.9122997 ] } },
{ "type": "Feature", "properties": { "NROCNPJ_PAD": "52621407000130", "STATUS_MAILING": "EMPRESA ELEGÍVEL ONLINE NÃO TRABALHADA NO CONTATO TELEFÔNICO/EMPRESA ELEGÍVEL PRESENCIAL NÃO VISITADA", "NOME_FANTASIA": "CAFE DAS FLORES LOURDES", "RAZAO_SOCIAL": "CF CAFE ORIGEM LTDA", "RESPONSAVEL": "EDSON CRESCENCIO DE PAULA|JOAO PAULO CARVALHO COSTA", "MUNICIPIO": "BELO HORIZONTE", "ENDEE": "RUA RIO DE JANEIRO, 2076, LOURDES, 30160-046, BELO HORIZONTE, MG, BRASIL", "BANCO": "SICREDI 2", "LINHA_AVAL_NOME": "Giro", "LATITUDE": "-19.9323176", "LONGITUDE": "-43.9425255", "STATUS_OPERACIONAL": "RETORNAR_COMERCIAL", "STATUS": "RETORNAR_COMERCIAL", "field_14": null, "field_15": null, "field_16": null }, "geometry": { "type": "Point", "coordinates": [ -43.9425255, -19.9323176 ] } },
{ "type": "Feature", "properties": { "NROCNPJ_PAD": "39927713000130", "STATUS_MAILING": "EMPRESA ELEGÍVEL ONLINE SEM SUCESSO NO CONTATO TELEFÔNICO/EMPRESA ELEGÍVEL PRESENCIAL E PROPRIETÁRIO AUSENTE", "NOME_FANTASIA": "ABREU ANDRADE ENGENHARIA E CONSULTORIA", "RAZAO_SOCIAL": "ROGERIO DE ABREU ANDRADE", "RESPONSAVEL": "ROGERIO DE ABREU ANDRADE", "MUNICIPIO": "BELO HORIZONTE", "ENDEE": "RUA SEBASTIAO NEPOMUCENO, 177, ITAPOA, BELO HORIZONTE, MG", "BANCO": "BDMG", "LINHA_AVAL_NOME": "GIRO", "LATITUDE": "-19.8399139", "LONGITUDE": "-43.9543089", "STATUS_OPERACIONAL": "RETORNAR_COMERCIAL", "STATUS": "RETORNAR_COMERCIAL", "field_14": null, "field_15": null, "field_16": null }, "geometry": { "type": "Point", "coordinates": [ -43.9543089, -19.8399139 ] } },
{ "type": "Feature", "properties": { "NROCNPJ_PAD": "27786065000160", "STATUS_MAILING": "EMPRESA ELEGÍVEL ONLINE SEM SUCESSO NO CONTATO TELEFÔNICO/EMPRESA ELEGÍVEL PRESENCIAL E PROPRIETÁRIO AUSENTE", "NOME_FANTASIA": "FORMULA PIZZARIA", "RAZAO_SOCIAL": "ESCRITORIO DA PIZZA LTDA", "RESPONSAVEL": "LUCIO ALDANE DE ASSIS", "MUNICIPIO": "BELO HORIZONTE", "ENDEE": "RUA JAMAICA, 14, ITAPOA, BELO HORIZONTE, MG", "BANCO": "BDMG", "LINHA_AVAL_NOME": "GIRO", "LATITUDE": "-19.8427083", "LONGITUDE": "-43.9618717", "STATUS_OPERACIONAL": "RETORNAR_COMERCIAL", "STATUS": "RETORNAR_COMERCIAL", "field_14": null, "field_15": null, "field_16": null }, "geometry": { "type": "Point", "coordinates": [ -43.9618717, -19.8427083 ] } },
{ "type": "Feature", "properties": { "NROCNPJ_PAD": "01179338000115", "STATUS_MAILING": "EMPRESA ELEGÍVEL PRESENCIAL E PROPRIETÁRIO AUSENTE", "NOME_FANTASIA": "-", "RAZAO_SOCIAL": "ASCON CONTABILIDADE E SERVICOS LTDA", "RESPONSAVEL": "CLAUDIOMURILOMIRANDADEOLIVEIRA|JONATASMARQUESDASILVA", "MUNICIPIO": "BELO HORIZONTE", "ENDEE": "AVENIDA GENERAL OLIMPIO MOURAO FILHO, 80, ITAPOA, BELO HORIZONTE, MG", "BANCO": "SICOOB", "LINHA_AVAL_NOME": "GIRO", "LATITUDE": "-19.8294092", "LONGITUDE": "-43.9603725", "STATUS_OPERACIONAL": "RETORNAR_COMERCIAL", "STATUS": "RETORNAR_COMERCIAL", "field_14": null, "field_15": null, "field_16": null }, "geometry": { "type": "Point", "coordinates": [ -43.9603725, -19.8294092 ] } },
{ "type": "Feature", "properties": { "NROCNPJ_PAD": "12103189000127", "STATUS_MAILING": "EMPRESA ELEGÍVEL PRESENCIAL E PROPRIETÁRIO AUSENTE", "NOME_FANTASIA": "CRITERIUM CONTABILIDADE", "RAZAO_SOCIAL": "CRITERIUM SOLUCOES CONTABEIS E EMPRESARIAIS LTDA", "RESPONSAVEL": "ROGERIOJOSEDEFREITAS", "MUNICIPIO": "BELO HORIZONTE", "ENDEE": "RUA AGILIO CRUZ DE SOUZA, 677, SERRANO, BELO HORIZONTE, MG", "BANCO": "SICOOB", "LINHA_AVAL_NOME": "GIRO", "LATITUDE": "-19.8801428", "LONGITUDE": "-44.0118989", "STATUS_OPERACIONAL": "RETORNAR_COMERCIAL", "STATUS": "RETORNAR_COMERCIAL", "field_14": null, "field_15": null, "field_16": null }, "geometry": { "type": "Point", "coordinates": [ -44.0118989, -19.8801428 ] } },
{ "type": "Feature", "properties": { "NROCNPJ_PAD": "26462591000102", "STATUS_MAILING": "EMPRESA ELEGÍVEL PRESENCIAL E PROPRIETÁRIO AUSENTE", "NOME_FANTASIA": "PLANETA ELETRO OUTLET", "RAZAO_SOCIAL": "NV COMERCIO DE CELULARES E EQUIPAMENTOS ELETRONICOS LTDA", "RESPONSAVEL": "-", "MUNICIPIO": "BELO HORIZONTE", "ENDEE": "RUA DOS CAETES, 461, CENTRO, BELO HORIZONTE, MG", "BANCO": "BRADESCO", "LINHA_AVAL_NOME": "GIRO", "LATITUDE": "-19.9167339", "LONGITUDE": "-43.9383755", "STATUS_OPERACIONAL": "RETORNAR_COMERCIAL", "STATUS": "RETORNAR_COMERCIAL", "field_14": null, "field_15": null, "field_16": null }, "geometry": { "type": "Point", "coordinates": [ -43.9383755, -19.9167339 ] } },
{ "type": "Feature", "properties": { "NROCNPJ_PAD": "20820021000160", "STATUS_MAILING": "EMPRESA ELEGÍVEL PRESENCIAL E PROPRIETÁRIO AUSENTE", "NOME_FANTASIA": "PONTO DAS TELAS E PERUCAS", "RAZAO_SOCIAL": "PONTO DAS TELAS E PERUCAS LTDA", "RESPONSAVEL": "ANA CAROLINA ALVES PEREIRA", "MUNICIPIO": "BELO HORIZONTE", "ENDEE": "RUA SAO PAULO, 656, CENTRO, BELO HORIZONTE, MG", "BANCO": "BDMG", "LINHA_AVAL_NOME": "GIRO", "LATITUDE": "-19.9191765", "LONGITUDE": "-43.9401717", "STATUS_OPERACIONAL": "RETORNAR_COMERCIAL", "STATUS": "RETORNAR_COMERCIAL", "field_14": null, "field_15": null, "field_16": null }, "geometry": { "type": "Point", "coordinates": [ -43.9401717, -19.9191765 ] } },
{ "type": "Feature", "properties": { "NROCNPJ_PAD": "03473992000162", "STATUS_MAILING": "EMPRESA ELEGÍVEL PRESENCIAL E PROPRIETÁRIO AUSENTE", "NOME_FANTASIA": "-", "RAZAO_SOCIAL": "SERRA COMERCIO LTDA", "RESPONSAVEL": "MARCELOBATISTASERRA", "MUNICIPIO": "BELO HORIZONTE", "ENDEE": "RUA TUPIS, 337, CENTRO, BELO HORIZONTE, MG", "BANCO": "SICOOB", "LINHA_AVAL_NOME": "GIRO", "LATITUDE": "-19.9220671", "LONGITUDE": "-43.9404003", "STATUS_OPERACIONAL": "RETORNAR_COMERCIAL", "STATUS": "RETORNAR_COMERCIAL", "field_14": null, "field_15": null, "field_16": null }, "geometry": { "type": "Point", "coordinates": [ -43.9404003, -19.9220671 ] } },
{ "type": "Feature", "properties": { "NROCNPJ_PAD": "11496176000100", "STATUS_MAILING": "EMPRESA ELEGÍVEL PRESENCIAL E PROPRIETÁRIO AUSENTE", "NOME_FANTASIA": "CONSTRUTORA ALPHACIT", "RAZAO_SOCIAL": "LUIZ ANTONIO CONSTRUCOES LTDA", "RESPONSAVEL": "LUIZANTONIODASILVA", "MUNICIPIO": "BELO HORIZONTE", "ENDEE": "RUA DOS GUAJAJARAS, 910, CENTRO, BELO HORIZONTE, MG", "BANCO": "SICOOB", "LINHA_AVAL_NOME": "GIRO", "LATITUDE": "-19.9243637", "LONGITUDE": "-43.9425984", "STATUS_OPERACIONAL": "RETORNAR_COMERCIAL", "STATUS": "RETORNAR_COMERCIAL", "field_14": null, "field_15": null, "field_16": null }, "geometry": { "type": "Point", "coordinates": [ -43.9425984, -19.9243637 ] } },
{ "type": "Feature", "properties": { "NROCNPJ_PAD": "14264257000165", "STATUS_MAILING": "EMPRESA ELEGÍVEL PRESENCIAL E PROPRIETÁRIO AUSENTE", "NOME_FANTASIA": "HOFFMAM", "RAZAO_SOCIAL": "HOFFMAM ECONTABILIZA CONTABILIDADE E GESTAO EMPRESARIAL LTDA", "RESPONSAVEL": "AGOSTINHA RODRIGUES HOFFMAM DE OLIVEIRA|LEONARDO HOFFMAM DE OLIVEIRA|ROBERT JUNIO FERRAZ SILVA", "MUNICIPIO": "BELO HORIZONTE", "ENDEE": "RUA DOS GUAJAJARAS, 977, CENTRO, BELO HORIZONTE, MG", "BANCO": "BDMG", "LINHA_AVAL_NOME": "GIRO", "LATITUDE": "-19.9247103", "LONGITUDE": "-43.9431421", "STATUS_OPERACIONAL": "RETORNAR_COMERCIAL", "STATUS": "RETORNAR_COMERCIAL", "field_14": null, "field_15": null, "field_16": null }, "geometry": { "type": "Point", "coordinates": [ -43.9431421, -19.9247103 ] } },
{ "type": "Feature", "properties": { "NROCNPJ_PAD": "01251895000108", "STATUS_MAILING": "EMPRESA ELEGÍVEL PRESENCIAL E PROPRIETÁRIO INDISPONÍVEL", "NOME_FANTASIA": "-", "RAZAO_SOCIAL": "CONSETE-CONSULTORIA EM SEG. E TREIN. EMPRESARIAL LTDA", "RESPONSAVEL": "JEFERSON DE MEIRA FERNANDES COSTA|JEFERSONDEMEIRAFERNANDESCOSTA|SONIA JAQUELINE FERNANDES COSTA|SONIAJAQUELINEFERNANDESCOSTA", "MUNICIPIO": "BELO HORIZONTE", "ENDEE": "AVENIDA AFONSO PENA, 578, CENTRO, BELO HORIZONTE, MG", "BANCO": "SICOOB", "LINHA_AVAL_NOME": "GIRO", "LATITUDE": "-19.9186667", "LONGITUDE": "-43.9393385", "STATUS_OPERACIONAL": "RETORNAR_COMERCIAL", "STATUS": "RETORNAR_COMERCIAL", "field_14": null, "field_15": null, "field_16": null }, "geometry": { "type": "Point", "coordinates": [ -43.9393385, -19.9186667 ] } },
{ "type": "Feature", "properties": { "NROCNPJ_PAD": "65385965000195", "STATUS_MAILING": "EMPRESA ELEGÍVEL PRESENCIAL E PROPRIETÁRIO INDISPONÍVEL", "NOME_FANTASIA": "CASA DA ABELHA", "RAZAO_SOCIAL": "CASA DA ABELHA COMERCIO DE MATERIAIS APICOLAS E EMBALAGENS LTDA", "RESPONSAVEL": "MANOEL CUNEO VARELLA RODRIGUES|WANDA DOMINGUES VARELLA RODRIGUES", "MUNICIPIO": "BELO HORIZONTE", "ENDEE": "RUA TIMBIRAS, 2645, BARRO PRETO, BELO HORIZONTE, MG", "BANCO": "BDMG", "LINHA_AVAL_NOME": "GIRO", "LATITUDE": "-19.9249121", "LONGITUDE": "-43.9480187", "STATUS_OPERACIONAL": "RETORNAR_COMERCIAL", "STATUS": "RETORNAR_COMERCIAL", "field_14": null, "field_15": null, "field_16": null }, "geometry": { "type": "Point", "coordinates": [ -43.9480187, -19.9249121 ] } },
{ "type": "Feature", "properties": { "NROCNPJ_PAD": "41159523000162", "STATUS_MAILING": "EMPRESA ELEGÍVEL ONLINE SEM SUCESSO NO CONTATO TELEFÔNICO/EMPRESA ELEGÍVEL PRESENCIAL NÃO VISITADA", "NOME_FANTASIA": "-", "RAZAO_SOCIAL": "BEACH 6 ESPORTES E EVENTOS LTDA", "RESPONSAVEL": "LUIZANDREANDRADECHIATTI|LUIZANDREBASILERIBEIRODOSSANTOS|LUIZFERNANDOANDRADECHIATTI", "MUNICIPIO": "BELO HORIZONTE", "ENDEE": "RUA JOAO DE ALMEIDA, 160, ESTORIL, BELO HORIZONTE, MG", "BANCO": "SICOOB", "LINHA_AVAL_NOME": "GIRO", "LATITUDE": "-19.9576133", "LONGITUDE": "-43.9624699", "STATUS_OPERACIONAL": "RETORNAR_COMERCIAL", "STATUS": "RETORNAR_COMERCIAL", "field_14": null, "field_15": null, "field_16": null }, "geometry": { "type": "Point", "coordinates": [ -43.9624699, -19.9576133 ] } },
{ "type": "Feature", "properties": { "NROCNPJ_PAD": "54705692000100", "STATUS_MAILING": "EMPRESA ELEGÍVEL ONLINE SEM SUCESSO NO CONTATO TELEFÔNICO/EMPRESA ELEGÍVEL PRESENCIAL E PROPRIETÁRIO AUSENTE", "NOME_FANTASIA": "-", "RAZAO_SOCIAL": "PADARIA IMPERIAL LTDA", "RESPONSAVEL": "ROBSON CARLOS DE FREITAS", "MUNICIPIO": "BELO HORIZONTE", "ENDEE": "RUA INGLATERRA, 138, JARDIM LEBLON, BELO HORIZONTE, MG", "BANCO": "SICOOB", "LINHA_AVAL_NOME": "GIRO", "LATITUDE": "-19.8258772", "LONGITUDE": "-43.9870736", "STATUS_OPERACIONAL": "RETORNAR_COMERCIAL", "STATUS": "RETORNAR_COMERCIAL", "field_14": null, "field_15": null, "field_16": null }, "geometry": { "type": "Point", "coordinates": [ -43.9870736, -19.8258772 ] } },
{ "type": "Feature", "properties": { "NROCNPJ_PAD": "38147356000125", "STATUS_MAILING": "EMPRESA ELEGÍVEL PRESENCIAL E PROPRIETÁRIO AUSENTE", "NOME_FANTASIA": "-", "RAZAO_SOCIAL": "RUAS PECAS E SERVICOS LTDA", "RESPONSAVEL": "MARCELO RUAS COELHO", "MUNICIPIO": "BELO HORIZONTE", "ENDEE": "RUA MARIA MAGALHAES DE SOUZA, 90, LOJA 01, INCONFIDENCIA, 30820-530, BELO HORIZONTE", "BANCO": "-", "LINHA_AVAL_NOME": "GIRO", "LATITUDE": "-19.9047531", "LONGITUDE": "-43.9999274", "STATUS_OPERACIONAL": "RETORNAR_COMERCIAL", "STATUS": "RETORNAR_COMERCIAL", "field_14": null, "field_15": null, "field_16": null }, "geometry": { "type": "Point", "coordinates": [ -43.9999274, -19.9047531 ] } },
{ "type": "Feature", "properties": { "NROCNPJ_PAD": "09507224000169", "STATUS_MAILING": "EMPRESA ELEGÍVEL ONLINE SEM SUCESSO NO CONTATO TELEFÔNICO/EMPRESA ELEGÍVEL PRESENCIAL E PROPRIETÁRIO AUSENTE", "NOME_FANTASIA": "CLINICA RIO BRANCO", "RAZAO_SOCIAL": "NUCLEO INTEGRADO DE SAUDE LTDA", "RESPONSAVEL": "LILIANEALVARESGONCALVES|VERALUCIAGONCALVESALVARES", "MUNICIPIO": "BELO HORIZONTE", "ENDEE": "RUA BERNARDA SILVESTRE, 195, VISCONDE DO RIO BRANCO, BELO HORIZONTE, MG", "BANCO": "SICOOB", "LINHA_AVAL_NOME": "EMPREENDEDORISMO FEM", "LATITUDE": "-19.8154121", "LONGITUDE": "-43.9832867", "STATUS_OPERACIONAL": "RETORNAR_COMERCIAL", "STATUS": "RETORNAR_COMERCIAL", "field_14": null, "field_15": null, "field_16": null }, "geometry": { "type": "Point", "coordinates": [ -43.9832867, -19.8154121 ] } },
{ "type": "Feature", "properties": { "NROCNPJ_PAD": "38904953000157", "STATUS_MAILING": "EMPRESA ELEGÍVEL ONLINE SEM SUCESSO NO CONTATO TELEFÔNICO/EMPRESA ELEGÍVEL PRESENCIAL E PROPRIETÁRIO AUSENTE", "NOME_FANTASIA": "-", "RAZAO_SOCIAL": "FRANCISCO ROMULO DE CASTRO SILVA 12336680645", "RESPONSAVEL": "FRANCISCOROMULODECASTROSILVA", "MUNICIPIO": "BELO HORIZONTE", "ENDEE": "RUA AUGUSTO DOS ANJOS, 312, SANTA MONICA, BELO HORIZONTE, MG", "BANCO": "SICOOB", "LINHA_AVAL_NOME": "GIRO", "LATITUDE": "-19.8191951", "LONGITUDE": "-43.9770335", "STATUS_OPERACIONAL": "RETORNAR_COMERCIAL", "STATUS": "RETORNAR_COMERCIAL", "field_14": null, "field_15": null, "field_16": null }, "geometry": { "type": "Point", "coordinates": [ -43.9770335, -19.8191951 ] } },
{ "type": "Feature", "properties": { "NROCNPJ_PAD": "26574538000101", "STATUS_MAILING": "EMPRESA ELEGÍVEL ONLINE SEM SUCESSO NO CONTATO TELEFÔNICO/EMPRESA ELEGÍVEL PRESENCIAL E PROPRIETÁRIO AUSENTE", "NOME_FANTASIA": "-", "RAZAO_SOCIAL": "26.574.538 JAQUELINE MARIA DA CONCEICAO CORGOZINHO SILVA", "RESPONSAVEL": "JAQUELINEMARIADACONCEICAOCORGOZINHODEALMEIDA", "MUNICIPIO": "BELO HORIZONTE", "ENDEE": "RUA MARIA CANDIDA CERQUEIRA, 18, SANTA AMELIA, BELO HORIZONTE, MG", "BANCO": "SICOOB", "LINHA_AVAL_NOME": "EMPREENDEDORISMO FEM", "LATITUDE": "-19.8366876", "LONGITUDE": "-43.9796742", "STATUS_OPERACIONAL": "RETORNAR_COMERCIAL", "STATUS": "RETORNAR_COMERCIAL", "field_14": null, "field_15": null, "field_16": null }, "geometry": { "type": "Point", "coordinates": [ -43.9796742, -19.8366876 ] } },
{ "type": "Feature", "properties": { "NROCNPJ_PAD": "50363990000109", "STATUS_MAILING": "EMPRESA ELEGÍVEL ONLINE SEM SUCESSO NO CONTATO TELEFÔNICO/EMPRESA ELEGÍVEL PRESENCIAL E PROPRIETÁRIO AUSENTE", "NOME_FANTASIA": "ARAMIFER", "RAZAO_SOCIAL": "WR FERRAGENS COMERCIO LTDA", "RESPONSAVEL": "WARLEYOLIVEIRARESENDE", "MUNICIPIO": "BELO HORIZONTE", "ENDEE": "RUA VIANA DO CASTELO, 719, SAO FRANCISCO, BELO HORIZONTE, MG", "BANCO": "SICOOB", "LINHA_AVAL_NOME": "GIRO", "LATITUDE": "-19.8782377", "LONGITUDE": "-43.9548437", "STATUS_OPERACIONAL": "RETORNAR_COMERCIAL", "STATUS": "RETORNAR_COMERCIAL", "field_14": null, "field_15": null, "field_16": null }, "geometry": { "type": "Point", "coordinates": [ -43.9548437, -19.8782377 ] } },
{ "type": "Feature", "properties": { "NROCNPJ_PAD": "55773250000156", "STATUS_MAILING": "EMPRESA ELEGÍVEL PRESENCIAL E PROPRIETÁRIO AUSENTE", "NOME_FANTASIA": "-", "RAZAO_SOCIAL": "LUCIANA CALDEIRA IMOVEIS LTDA", "RESPONSAVEL": "LUCIANACALDEIRAALVES", "MUNICIPIO": "BELO HORIZONTE", "ENDEE": "AVENIDA MAURETTE JOSE DOS SANTOS, 16, MANACAS, BELO HORIZONTE, MG", "BANCO": "SICOOB", "LINHA_AVAL_NOME": "EMPREENDEDORISMO FEM", "LATITUDE": "-19.8927423", "LONGITUDE": "-43.9961508", "STATUS_OPERACIONAL": "RETORNAR_COMERCIAL", "STATUS": "RETORNAR_COMERCIAL", "field_14": null, "field_15": null, "field_16": null }, "geometry": { "type": "Point", "coordinates": [ -43.9961508, -19.8927423 ] } },
{ "type": "Feature", "properties": { "NROCNPJ_PAD": "58389389000199", "STATUS_MAILING": "EMPRESA ELEGÍVEL PRESENCIAL E PROPRIETÁRIO INDISPONÍVEL", "NOME_FANTASIA": "SUBURBANOS", "RAZAO_SOCIAL": "CURTY VILLA COMERCIO DE ALIMENTOS LTDA", "RESPONSAVEL": "-", "MUNICIPIO": "BELO HORIZONTE", "ENDEE": "AVENIDA MAURETTE JOSE DOS SANTOS, 6, MANACAS, BELO HORIZONTE, MG", "BANCO": "BRADESCO", "LINHA_AVAL_NOME": "-", "LATITUDE": "-19.8928792", "LONGITUDE": "-43.9961289", "STATUS_OPERACIONAL": "RETORNAR_COMERCIAL", "STATUS": "RETORNAR_COMERCIAL", "field_14": null, "field_15": null, "field_16": null }, "geometry": { "type": "Point", "coordinates": [ -43.9961289, -19.8928792 ] } },
{ "type": "Feature", "properties": { "NROCNPJ_PAD": "20820130000188", "STATUS_MAILING": "EMPRESA ELEGÍVEL PRESENCIAL NÃO VISITADA COM ERRO NO CADASTRO TELEFÔNICO", "NOME_FANTASIA": "MAQBARROS", "RAZAO_SOCIAL": "MAQBARROS - MAQUINAS BARROS LTDA", "RESPONSAVEL": "-", "MUNICIPIO": "BELO HORIZONTE", "ENDEE": "AVENIDA MAJOR DELFINO DE PAULA, 1985, SAO FRANCISCO, BELO HORIZONTE, MG", "BANCO": "BRADESCO", "LINHA_AVAL_NOME": "EMPREENDEDORISMO FEM", "LATITUDE": "-19.876624", "LONGITUDE": "-43.9551235", "STATUS_OPERACIONAL": "RETORNAR_COMERCIAL", "STATUS": "RETORNAR_COMERCIAL", "field_14": null, "field_15": null, "field_16": null }, "geometry": { "type": "Point", "coordinates": [ -43.9551235, -19.876624 ] } },
{ "type": "Feature", "properties": { "NROCNPJ_PAD": "10713004000170", "STATUS_MAILING": "EMPRESA ELEGÍVEL PRESENCIAL E PROPRIETÁRIO AUSENTE", "NOME_FANTASIA": "BRAZEF CONSTRUTORA", "RAZAO_SOCIAL": "BRUNO BRASILEIRO ZEFERINO LTDA", "RESPONSAVEL": "BRUNO BRASILEIRO ZEFERINO", "MUNICIPIO": "BELO HORIZONTE", "ENDEE": "RUA LAURA PRATES, 925, CASA C, AUGUSTA MOTA, 39403-432, MONTES CLAROS", "BANCO": "-", "LINHA_AVAL_NOME": "GIRO", "LATITUDE": "-16.7467738", "LONGITUDE": "-43.8823588", "STATUS_OPERACIONAL": "RETORNAR_COMERCIAL", "STATUS": "RETORNAR_COMERCIAL", "field_14": null, "field_15": null, "field_16": null }, "geometry": { "type": "Point", "coordinates": [ -43.8823588, -16.7467738 ] } },
{ "type": "Feature", "properties": { "NROCNPJ_PAD": "25041043000146", "STATUS_MAILING": "EMPRESA ELEGÍVEL PRESENCIAL E PROPRIETÁRIO INDISPONÍVEL", "NOME_FANTASIA": "-", "RAZAO_SOCIAL": "Z69 COMERCIO DE ROUPAS LTDA", "RESPONSAVEL": "LUCIANA VENTURA XAVIER", "MUNICIPIO": "BELO HORIZONTE", "ENDEE": "AVENIDA DOS ANDRADAS, 3000, SANTA EFIGENIA, BELO HORIZONTE, MG", "BANCO": "BDMG", "LINHA_AVAL_NOME": "GIRO", "LATITUDE": "-19.9203416", "LONGITUDE": "-43.9209326", "STATUS_OPERACIONAL": "RETORNAR_COMERCIAL", "STATUS": "RETORNAR_COMERCIAL", "field_14": null, "field_15": null, "field_16": null }, "geometry": { "type": "Point", "coordinates": [ -43.9209326, -19.9203416 ] } },
{ "type": "Feature", "properties": { "NROCNPJ_PAD": "61125515000102", "STATUS_MAILING": "EMPRESA ELEGÍVEL ONLINE SEM SUCESSO NO CONTATO TELEFÔNICO/EMPRESA ELEGÍVEL PRESENCIAL E PROPRIETÁRIO AUSENTE", "NOME_FANTASIA": "-", "RAZAO_SOCIAL": "CH ENGENHARIA LTDA", "RESPONSAVEL": "CLAUDIOHENRIQUEBOAVENTURALEITE", "MUNICIPIO": "BELO HORIZONTE", "ENDEE": "RUA DOMINGOS VIOTTI, 60, SANTA AMELIA, BELO HORIZONTE, MG", "BANCO": "SICOOB", "LINHA_AVAL_NOME": "GIRO", "LATITUDE": "-19.8398383", "LONGITUDE": "-43.9847196", "STATUS_OPERACIONAL": "RETORNAR_RESIDENCIAL", "STATUS": "RETORNAR_RESIDENCIAL", "field_14": null, "field_15": null, "field_16": null }, "geometry": { "type": "Point", "coordinates": [ -43.9847196, -19.8398383 ] } }
]
}
