{
"type": "FeatureCollection",
"name": "jf",
"crs": { "type": "name", "properties": { "name": "urn:ogc:def:crs:OGC:1.3:CRS84" } },
"features": [
{ "type": "Feature", "properties": { "NROCNPJ_PAD": "38683371000198", "NOME_FANTASIA": "PROJESA", "RAZAO_SOCIAL": "PROJESA PROJETOS SERVICOS INDUSTRIA E COMERCIO LTDA", "RESPONSAVEL": "LUCIANA CARVALHO ROCHA|OLTIZ AMARAL FILHO|PATRICIA CARVALHO ROCHA NEVES", "MUNICIPIO": "JUIZ DE FORA", "ENDEE": "AVENIDA MIGUEL PAES, 303, RESPLENDOR, IGARAPE, MG", "BANCO": "BDMG", "LINHA_AVAL_NOME": "GIRO", "STATUS_OPERACIONAL": "CARTEIRA", "STATUS": "CARTEIRA" }, "geometry": { "type": "Point", "coordinates": [ -44.2849799, -20.0663304 ] } },
{ "type": "Feature", "properties": { "NROCNPJ_PAD": "52458177000130", "NOME_FANTASIA": "SALEM FERRAMENTAS", "RAZAO_SOCIAL": "SALEM FERRAGENS LTDA", "RESPONSAVEL": "JESSEDEOLIVEIRAVAZ", "MUNICIPIO": "JUIZ DE FORA", "ENDEE": "AVENIDA PRESIDENTE JUSCELINO KUBITSCHECK, 11090, LOJA, BARREIRA DO TRIUNFO, 36092-235, JUIZ DE FORA, MG, BRASIL", "BANCO": "SICOOB", "LINHA_AVAL_NOME": "Giro", "STATUS_OPERACIONAL": "CARTEIRA", "STATUS": "CARTEIRA" }, "geometry": { "type": "Point", "coordinates": [ -43.4326983, -21.6518213 ] } },
{ "type": "Feature", "properties": { "NROCNPJ_PAD": "59268387000104", "NOME_FANTASIA": "-", "RAZAO_SOCIAL": "CARREPECAS COMERCIO E SERVICO LTDA", "RESPONSAVEL": "DOMICIANAMAGNADAHERALVES", "MUNICIPIO": "JUIZ DE FORA", "ENDEE": "AVENIDA PRESIDENTE JUSCELINO KUBITSCHECK, 10869, BARREIRA DO TRIUNFO, 36092-235, JUIZ DE FORA, MG, BRASIL", "BANCO": "SICOOB", "LINHA_AVAL_NOME": "Giro", "STATUS_OPERACIONAL": "CARTEIRA", "STATUS": "CARTEIRA" }, "geometry": { "type": "Point", "coordinates": [ -43.4327832, -21.6538966 ] } },
{ "type": "Feature", "properties": { "NROCNPJ_PAD": "10921809000100", "NOME_FANTASIA": "HOSPITALARE", "RAZAO_SOCIAL": "D3JF EMPREENDIMENTOS COMERCIAIS LTDA", "RESPONSAVEL": "DALVIO DE OLIVEIRA", "MUNICIPIO": "JUIZ DE FORA", "ENDEE": "AVENIDA PRESIDENTE JUSCELINO KUBITSCHECK, 10292, DEPOSITO, BARREIRA DO TRIUNFO, 36092-235, JUIZ DE FORA, MG, BRASIL", "BANCO": "SICOOB", "LINHA_AVAL_NOME": "Crédito emergencial", "STATUS_OPERACIONAL": "CARTEIRA", "STATUS": "CARTEIRA" }, "geometry": { "type": "Point", "coordinates": [ -43.4318185, -21.6605046 ] } },
{ "type": "Feature", "properties": { "NROCNPJ_PAD": "37093364000173", "NOME_FANTASIA": "-", "RAZAO_SOCIAL": "FBOLINHA RECUPERACAO DE VEICULOS E COMERCIO DE PECAS LTDA", "RESPONSAVEL": "ORSONWELLESLIMARIBEIRO", "MUNICIPIO": "JUIZ DE FORA", "ENDEE": "AVENIDA PRESIDENTE JUSCELINO KUBITSCHECK, 10240, GALPAO102, BARREIRA DO TRIUNFO, 36092-235, JUIZ DE FORA, MG, BRASIL", "BANCO": "SICOOB", "LINHA_AVAL_NOME": "Giro", "STATUS_OPERACIONAL": "CARTEIRA", "STATUS": "CARTEIRA" }, "geometry": { "type": "Point", "coordinates": [ -43.4321505, -21.6615015 ] } },
{ "type": "Feature", "properties": { "NROCNPJ_PAD": "56192777000150", "NOME_FANTASIA": "-", "RAZAO_SOCIAL": "ARANTES PANIFICADORA LTDA", "RESPONSAVEL": "JOELMA ZIMMERMANN DE SOUZA LEITE", "MUNICIPIO": "JUIZ DE FORA", "ENDEE": "RUA MADRE TERESA DE CALCUTA, 35, LOTE 10 QUADRA7, NOVO TRIUNFO, 36092-470, JUIZ DE FORA, MG, BRASIL", "BANCO": "BDMG", "LINHA_AVAL_NOME": "Crédito emergencial", "STATUS_OPERACIONAL": "CARTEIRA", "STATUS": "CARTEIRA" }, "geometry": { "type": "Point", "coordinates": [ -43.4326506, -21.6622737 ] } },
{ "type": "Feature", "properties": { "NROCNPJ_PAD": "27147849000149", "NOME_FANTASIA": "STUDIO IMPERIAL", "RAZAO_SOCIAL": "STUDIO IMPERIAL LTDA", "RESPONSAVEL": "BRUNO LUIS FRANCELINO DE SOUZA", "MUNICIPIO": "JUIZ DE FORA", "ENDEE": "RUA MANOEL JOSE DE PAULA, 650, CASA 2, PARQUE INDEPENDENCIA, 36048-392, JUIZ DE FORA, MG, BRASIL", "BANCO": "BDMG", "LINHA_AVAL_NOME": "Crédito emergencial", "STATUS_OPERACIONAL": "CARTEIRA", "STATUS": "CARTEIRA" }, "geometry": { "type": "Point", "coordinates": [ -43.3570839, -21.6848371 ] } },
{ "type": "Feature", "properties": { "NROCNPJ_PAD": "51593892000112", "NOME_FANTASIA": "BELLA SERRALHERIA", "RAZAO_SOCIAL": "BELLA SERRALHERIA COMERCIO LTDA", "RESPONSAVEL": "KLADSTONDACOSTARESENDE", "MUNICIPIO": "JUIZ DE FORA", "ENDEE": "RUA RAYMUNDO CRAVO, 14, LOJA 01, PARQUE INDEPENDENCIA, 36048-400, JUIZ DE FORA, MG, BRASIL", "BANCO": "SICOOB", "LINHA_AVAL_NOME": "Crédito emergencial", "STATUS_OPERACIONAL": "CARTEIRA", "STATUS": "CARTEIRA" }, "geometry": { "type": "Point", "coordinates": [ -43.355668, -21.6879231 ] } },
{ "type": "Feature", "properties": { "NROCNPJ_PAD": "26213626000170", "NOME_FANTASIA": "UAU SORVETES E ACAI", "RAZAO_SOCIAL": "UAU SORVETE E ACAI LTDA", "RESPONSAVEL": "ELIZETH GOMES DA SILVA|LUIZ ANTONIO DA SILVA", "MUNICIPIO": "JUIZ DE FORA", "ENDEE": "AVENIDA JUIZ DE FORA, 3795, GRAMA, 36048-001, JUIZ DE FORA, MG, BRASIL", "BANCO": "BDMG", "LINHA_AVAL_NOME": "Crédito emergencial", "STATUS_OPERACIONAL": "CARTEIRA", "STATUS": "CARTEIRA" }, "geometry": { "type": "Point", "coordinates": [ -43.3509443, -21.6915698 ] } },
{ "type": "Feature", "properties": { "NROCNPJ_PAD": "27200183000145", "NOME_FANTASIA": "ANALE", "RAZAO_SOCIAL": "COMERCIAL ANALE BRINDES PERSONALIZADOS LTDA", "RESPONSAVEL": "JOSE MARCIO DE ALMEIDA BRAGA", "MUNICIPIO": "JUIZ DE FORA", "ENDEE": "RUA VERISSIMO LOPES GUIMARAES, 141, LOJA 01, VILA MONTANHESA, 36048-220, JUIZ DE FORA, MG, BRASIL", "BANCO": "BDMG", "LINHA_AVAL_NOME": "Crédito emergencial", "STATUS_OPERACIONAL": "CARTEIRA", "STATUS": "CARTEIRA" }, "geometry": { "type": "Point", "coordinates": [ -43.343929, -21.693547 ] } },
{ "type": "Feature", "properties": { "NROCNPJ_PAD": "23675232000145", "NOME_FANTASIA": "GRAMA LANCHES", "RAZAO_SOCIAL": "SILVANIA MARIA DA FONSECA LTDA", "RESPONSAVEL": "SILVANIAMARIADAFONSECA", "MUNICIPIO": "JUIZ DE FORA", "ENDEE": "AVENIDA JUIZ DE FORA, 3958, GRAMA, 36048-001, JUIZ DE FORA, MG, BRASIL", "BANCO": "SICOOB", "LINHA_AVAL_NOME": "Empreendedorismo Fem", "STATUS_OPERACIONAL": "CARTEIRA", "STATUS": "CARTEIRA" }, "geometry": { "type": "Point", "coordinates": [ -43.3574466, -21.7093821 ] } },
{ "type": "Feature", "properties": { "NROCNPJ_PAD": "17426885000198", "NOME_FANTASIA": "RAFAMED HOSPITALAR", "RAZAO_SOCIAL": "RAFAMED HOSPITALAR LTDA", "RESPONSAVEL": "-", "MUNICIPIO": "JUIZ DE FORA", "ENDEE": "RUA JUSTINO GOMES MONTEIRO, 255, SANTA CRUZ, 36088-220, JUIZ DE FORA, MG, BRASIL", "BANCO": "BRADESCO", "LINHA_AVAL_NOME": "Giro", "STATUS_OPERACIONAL": "CARTEIRA", "STATUS": "CARTEIRA" }, "geometry": { "type": "Point", "coordinates": [ -43.4436639, -21.710652 ] } },
{ "type": "Feature", "properties": { "NROCNPJ_PAD": "14943589000176", "NOME_FANTASIA": "MARMORARIA AFLAMAR", "RAZAO_SOCIAL": "AFLAMAR MARMORES E GRANITOS LTDA", "RESPONSAVEL": "FLAVIO STOPA DE CARVALHO", "MUNICIPIO": "JUIZ DE FORA", "ENDEE": "AVENIDA JUIZ DE FORA, 416, LOTE 67 - 101, PARQUE GUARANI, 36047-315, JUIZ DE FORA, MG, BRASIL", "BANCO": "BDMG", "LINHA_AVAL_NOME": "Crédito emergencial", "STATUS_OPERACIONAL": "CARTEIRA", "STATUS": "CARTEIRA" }, "geometry": { "type": "Point", "coordinates": [ -43.3521219, -21.7138587 ] } },
{ "type": "Feature", "properties": { "NROCNPJ_PAD": "43652432000190", "NOME_FANTASIA": "NEWTECH PRINT", "RAZAO_SOCIAL": "43.652.432 EDINEIA CRISPIM DE CARVALHO", "RESPONSAVEL": "EDINEIA CRISPIM DE CARVALHO", "MUNICIPIO": "JUIZ DE FORA", "ENDEE": "RUA MARCELINO VAZ DE MAGALHAES, 251, BANDEIRANTES, 36047-200, JUIZ DE FORA, MG, BRASIL", "BANCO": "SICREDI 2", "LINHA_AVAL_NOME": "Empreendedorismo Fem", "STATUS_OPERACIONAL": "CARTEIRA", "STATUS": "CARTEIRA" }, "geometry": { "type": "Point", "coordinates": [ -43.3512894, -21.7206731 ] } },
{ "type": "Feature", "properties": { "NROCNPJ_PAD": "45614629000160", "NOME_FANTASIA": "PADARIA DOIS AMORES", "RAZAO_SOCIAL": "PAO DE OURO PADARIA LTDA", "RESPONSAVEL": "MARIANACARVALHODEFREITAS", "MUNICIPIO": "JUIZ DE FORA", "ENDEE": "AVENIDA JOQUEI CLUBE (LOT VL VIDAL), 300, LOJA, JOQUEI CLUBE, 36083-580, JUIZ DE FORA, MG, BRASIL", "BANCO": "SICOOB", "LINHA_AVAL_NOME": "Giro", "STATUS_OPERACIONAL": "CARTEIRA", "STATUS": "CARTEIRA" }, "geometry": { "type": "Point", "coordinates": [ -43.3968245, -21.7262852 ] } },
{ "type": "Feature", "properties": { "NROCNPJ_PAD": "30745611000120", "NOME_FANTASIA": "BAR DO BOTAFOGO", "RAZAO_SOCIAL": "RAFAEL PEDROZA DE OLIVEIRA LTDA", "RESPONSAVEL": "RONISEAPARECIDADEOLIVEIRADOSSANTOS", "MUNICIPIO": "JUIZ DE FORA", "ENDEE": "AVENIDA JOQUEI CLUBE (LOT VL VIDAL), 285, JOQUEI CLUBE, 36083-580, JUIZ DE FORA, MG, BRASIL", "BANCO": "SICOOB", "LINHA_AVAL_NOME": "Giro", "STATUS_OPERACIONAL": "CARTEIRA", "STATUS": "CARTEIRA" }, "geometry": { "type": "Point", "coordinates": [ -43.3970166, -21.7265276 ] } },
{ "type": "Feature", "properties": { "NROCNPJ_PAD": "33627457000180", "NOME_FANTASIA": "-", "RAZAO_SOCIAL": "BABI ARTES CONFECCOES LTDA", "RESPONSAVEL": "BARBARA CRISTINE PEREIRA MACHADO", "MUNICIPIO": "JUIZ DE FORA", "ENDEE": "RUA CONSTANCA VIDAL, 145, GALPAO, JOQUEI CLUBE, 36083-690, JUIZ DE FORA, MG, BRASIL", "BANCO": "BDMG", "LINHA_AVAL_NOME": "Giro", "STATUS_OPERACIONAL": "CARTEIRA", "STATUS": "CARTEIRA" }, "geometry": { "type": "Point", "coordinates": [ -43.3978288, -21.7265852 ] } },
{ "type": "Feature", "properties": { "NROCNPJ_PAD": "41410889000162", "NOME_FANTASIA": "R&M SOLUCOES CORPORATIVAS", "RAZAO_SOCIAL": "R&M TREINAMENTO E ENSINO LTDA.", "RESPONSAVEL": "ANDREA RODRIGUES DE OLIVEIRA MUNHOZ", "MUNICIPIO": "JUIZ DE FORA", "ENDEE": "AVENIDA PRESIDENTE JUSCELINO KUBITSCHECK, 900, SALA 807, INDUSTRIAL, 36081-000, JUIZ DE FORA, MG, BRASIL", "BANCO": "BDMG", "LINHA_AVAL_NOME": "Crédito emergencial", "STATUS_OPERACIONAL": "CARTEIRA", "STATUS": "CARTEIRA" }, "geometry": { "type": "Point", "coordinates": [ -43.3944813, -21.7335336 ] } },
{ "type": "Feature", "properties": { "NROCNPJ_PAD": "53311097000110", "NOME_FANTASIA": "-", "RAZAO_SOCIAL": "53.311.097 LARA DO NASCIMENTO PEREIRA", "RESPONSAVEL": "LARADONASCIMENTOPEREIRA", "MUNICIPIO": "JUIZ DE FORA", "ENDEE": "RUA TOMAZ GONZAGA, 172, FRANCISCO BERNARDINO, 36081-690, JUIZ DE FORA, MG, BRASIL", "BANCO": "SICOOB", "LINHA_AVAL_NOME": "Giro", "STATUS_OPERACIONAL": "CARTEIRA", "STATUS": "CARTEIRA" }, "geometry": { "type": "Point", "coordinates": [ -43.3950507, -21.7345274 ] } },
{ "type": "Feature", "properties": { "NROCNPJ_PAD": "08509982000153", "NOME_FANTASIA": "CENTRO EDUCACIONAL NOVO HORIZONTE", "RAZAO_SOCIAL": "CENTRO EDUCACIONAL MARIANA CASTRO LTDA", "RESPONSAVEL": "LORENADESOUZACASTRO|MARIANADESOUZACASTRO", "MUNICIPIO": "JUIZ DE FORA", "ENDEE": "RUA TOMAZ GONZAGA, 139, APT 101, FRANCISCO BERNARDINO, 36081-690, JUIZ DE FORA, MG, BRASIL", "BANCO": "SICOOB", "LINHA_AVAL_NOME": "Empreendedorismo Fem", "STATUS_OPERACIONAL": "CARTEIRA", "STATUS": "CARTEIRA" }, "geometry": { "type": "Point", "coordinates": [ -43.3947125, -21.7347079 ] } },
{ "type": "Feature", "properties": { "NROCNPJ_PAD": "52501813000169", "NOME_FANTASIA": "DETERMAXJF", "RAZAO_SOCIAL": "LENI MARTINS DA SILVA", "RESPONSAVEL": "LENIMARTINSDASILVA", "MUNICIPIO": "JUIZ DE FORA", "ENDEE": "RUA SALVADOR NOTAROBERTO, 18, LOJA 103, INDUSTRIAL, 36081-420, JUIZ DE FORA, MG, BRASIL", "BANCO": "SICOOB", "LINHA_AVAL_NOME": "Crédito emergencial", "STATUS_OPERACIONAL": "CARTEIRA", "STATUS": "CARTEIRA" }, "geometry": { "type": "Point", "coordinates": [ -43.3911259, -21.7348125 ] } },
{ "type": "Feature", "properties": { "NROCNPJ_PAD": "43275509000150", "NOME_FANTASIA": "MARCENARIA FELICIO", "RAZAO_SOCIAL": "JOSE FELICIO DA SILVA LTDA", "RESPONSAVEL": "-", "MUNICIPIO": "JUIZ DE FORA", "ENDEE": "AVENIDA VEREADOR RAYMUNDO HARGREAVES, 43, FONTESVILLE, 36083-770, JUIZ DE FORA, MG, BRASIL", "BANCO": "BRADESCO", "LINHA_AVAL_NOME": "GIRO", "STATUS_OPERACIONAL": "CARTEIRA", "STATUS": "CARTEIRA" }, "geometry": { "type": "Point", "coordinates": [ -43.4014824, -21.736622 ] } },
{ "type": "Feature", "properties": { "NROCNPJ_PAD": "29501688000175", "NOME_FANTASIA": "-", "RAZAO_SOCIAL": "CARLOS EDUARDO L. DA SILVA REPRESENTACOES", "RESPONSAVEL": "CARLOS EDUARDO LUIZ DA SILVA", "MUNICIPIO": "JUIZ DE FORA", "ENDEE": "RUA POETA DALTEMAR LIMA, 90, APT 201, ENCOSTA DO SOL, 36083-015, JUIZ DE FORA, MG, BRASIL", "BANCO": "BDMG", "LINHA_AVAL_NOME": "Crédito emergencial", "STATUS_OPERACIONAL": "CARTEIRA", "STATUS": "CARTEIRA" }, "geometry": { "type": "Point", "coordinates": [ -43.3995636, -21.7375324 ] } },
{ "type": "Feature", "properties": { "NROCNPJ_PAD": "27504775000150", "NOME_FANTASIA": "-", "RAZAO_SOCIAL": "RLL CONSTRUCOES E EMPREENDIMENTOS IMOBILIARIOS LTDA", "RESPONSAVEL": "-", "MUNICIPIO": "JUIZ DE FORA", "ENDEE": "AVENIDA OLAVO BILAC, 251, CERAMICA, 36080-350, JUIZ DE FORA, MG, BRASIL", "BANCO": "BRADESCO", "LINHA_AVAL_NOME": "GIRO", "STATUS_OPERACIONAL": "CARTEIRA", "STATUS": "CARTEIRA" }, "geometry": { "type": "Point", "coordinates": [ -43.3806985, -21.7393442 ] } },
{ "type": "Feature", "properties": { "NROCNPJ_PAD": "62134753000147", "NOME_FANTASIA": "-", "RAZAO_SOCIAL": "CONECTA MINAS GESTAO E REPRESENTACAO LTDA", "RESPONSAVEL": "JULIANA DOS REIS", "MUNICIPIO": "JUIZ DE FORA", "ENDEE": "RUA JOAO DOS SANTOS, 94, CENTENARIO, 36045-320, JUIZ DE FORA, MG, BRASIL", "BANCO": "BDMG", "LINHA_AVAL_NOME": "Crédito emergencial", "STATUS_OPERACIONAL": "CARTEIRA", "STATUS": "CARTEIRA" }, "geometry": { "type": "Point", "coordinates": [ -43.3575831, -21.7397185 ] } },
{ "type": "Feature", "properties": { "NROCNPJ_PAD": "46471233000173", "NOME_FANTASIA": "MARX SERVICOS ESPECIALIZADOS", "RAZAO_SOCIAL": "MARX SERVICOS ESPECIALIZADOS LTDA", "RESPONSAVEL": "RENAN MARQUES RAIMUNDO", "MUNICIPIO": "JUIZ DE FORA", "ENDEE": "AVENIDA OLAVO BILAC, 763, CERAMICA, 36080-350, JUIZ DE FORA, MG, BRASIL", "BANCO": "SICREDI 2", "LINHA_AVAL_NOME": "Giro", "STATUS_OPERACIONAL": "CARTEIRA", "STATUS": "CARTEIRA" }, "geometry": { "type": "Point", "coordinates": [ -43.385625, -21.739745 ] } },
{ "type": "Feature", "properties": { "NROCNPJ_PAD": "39415498000199", "NOME_FANTASIA": "-", "RAZAO_SOCIAL": "SEBASTIAO JACINTO DE SOUZA 55929419604", "RESPONSAVEL": "SEBASTIAO JACINTO DE SOUZA", "MUNICIPIO": "JUIZ DE FORA", "ENDEE": "RUA PROFESSOR WALQUIRIO SEIXAS DE FARIA, 129, APT 201, ESPLANADA, 36080-460, JUIZ DE FORA, MG, BRASIL", "BANCO": "BDMG", "LINHA_AVAL_NOME": "Crédito emergencial", "STATUS_OPERACIONAL": "CARTEIRA", "STATUS": "CARTEIRA" }, "geometry": { "type": "Point", "coordinates": [ -43.3775107, -21.739814 ] } },
{ "type": "Feature", "properties": { "NROCNPJ_PAD": "17177322000103", "NOME_FANTASIA": "MOVEIS CARVALHO", "RAZAO_SOCIAL": "INDUSTRIA DE MOVEIS CARVALHO LTDA", "RESPONSAVEL": "-", "MUNICIPIO": "JUIZ DE FORA", "ENDEE": "AVENIDA NICOLAU IBRAIM ARBEX, 115, ENCOSTA DO SOL, 36083-014, JUIZ DE FORA, MG, BRASIL", "BANCO": "BRADESCO", "LINHA_AVAL_NOME": "-", "STATUS_OPERACIONAL": "CARTEIRA", "STATUS": "CARTEIRA" }, "geometry": { "type": "Point", "coordinates": [ -43.4011813, -21.7399459 ] } },
{ "type": "Feature", "properties": { "NROCNPJ_PAD": "52243013000195", "NOME_FANTASIA": "-", "RAZAO_SOCIAL": "52.243.013 ALEXANDRE BATISTA ELERATI", "RESPONSAVEL": "ALEXANDREBATISTAELERATI", "MUNICIPIO": "JUIZ DE FORA", "ENDEE": "RUA JOAO LEITE DE OLIVEIRA, 445, APT 501, ENCOSTA DO SOL, 36083-012, JUIZ DE FORA, MG, BRASIL", "BANCO": "SICOOB", "LINHA_AVAL_NOME": "Giro", "STATUS_OPERACIONAL": "CARTEIRA", "STATUS": "CARTEIRA" }, "geometry": { "type": "Point", "coordinates": [ -43.4004435, -21.7401638 ] } },
{ "type": "Feature", "properties": { "NROCNPJ_PAD": "05535827000113", "NOME_FANTASIA": "-", "RAZAO_SOCIAL": "DESCARTAVEIS MENON CRUZ LTDA", "RESPONSAVEL": "EDUARDOAUGUSTOROSACRUZ|JOYCEMENON", "MUNICIPIO": "JUIZ DE FORA", "ENDEE": "RUA RAPHAEL SANSAO, 0, LOTE 13 QUADRA H, FRANCISCO BERNARDINO, 36083-786, JUIZ DE FORA, MG, BRASIL", "BANCO": "SICOOB", "LINHA_AVAL_NOME": "Giro", "STATUS_OPERACIONAL": "CARTEIRA", "STATUS": "CARTEIRA" }, "geometry": { "type": "Point", "coordinates": [ -43.4071663, -21.7404507 ] } },
{ "type": "Feature", "properties": { "NROCNPJ_PAD": "51126240000178", "NOME_FANTASIA": "JOTAPEX", "RAZAO_SOCIAL": "51.126.240 JOAO PAULO MELGACO DOS SANTOS", "RESPONSAVEL": "JOAOPAULOMELGACODOSSANTOS", "MUNICIPIO": "JUIZ DE FORA", "ENDEE": "RUA MARIA LUIZA TOSTES, 187, ESPLANADA, 36080-490, JUIZ DE FORA, MG, BRASIL", "BANCO": "SICOOB", "LINHA_AVAL_NOME": "Giro", "STATUS_OPERACIONAL": "CARTEIRA", "STATUS": "CARTEIRA" }, "geometry": { "type": "Point", "coordinates": [ -43.3787042, -21.7407535 ] } },
{ "type": "Feature", "properties": { "NROCNPJ_PAD": "09266488000178", "NOME_FANTASIA": "-", "RAZAO_SOCIAL": "MONTREAL SEGURANCA ELETRONICA LTDA", "RESPONSAVEL": "RENATADEOLIVEIRASOUZA|WANDERSONDEOLIVEIRASOUZA", "MUNICIPIO": "JUIZ DE FORA", "ENDEE": "AVENIDA RUI BARBOSA, 123, MARIANO PROCOPIO, 36080-090, JUIZ DE FORA, MG, BRASIL", "BANCO": "SICOOB", "LINHA_AVAL_NOME": "Crédito emergencial", "STATUS_OPERACIONAL": "CARTEIRA", "STATUS": "CARTEIRA" }, "geometry": { "type": "Point", "coordinates": [ -43.363677, -21.745488 ] } },
{ "type": "Feature", "properties": { "NROCNPJ_PAD": "32558121000140", "NOME_FANTASIA": "SACADA VIDROS", "RAZAO_SOCIAL": "SACADA VIDROS LTDA", "RESPONSAVEL": "CASSIO MURILO DE CASTRO PETERS|NEURIENY ALVES CADINELLI|SERGIO AUGUSTO DA COSTA", "MUNICIPIO": "JUIZ DE FORA", "ENDEE": "RUA OSCAR SURERUS, 219, MARIANO PROCOPIO, 36035-080, JUIZ DE FORA, MG, BRASIL", "BANCO": "BDMG", "LINHA_AVAL_NOME": "Crédito emergencial", "STATUS_OPERACIONAL": "CARTEIRA", "STATUS": "CARTEIRA" }, "geometry": { "type": "Point", "coordinates": [ -43.3549241, -21.7459853 ] } },
{ "type": "Feature", "properties": { "NROCNPJ_PAD": "46926688000136", "NOME_FANTASIA": "DNG EXPRESS", "RAZAO_SOCIAL": "DL MINAS LOGISTICA LTDA.", "RESPONSAVEL": "DIOGOLOURENCOPINHEIRO|LUCASMARQUESDESOUZA", "MUNICIPIO": "JUIZ DE FORA", "ENDEE": "RUA MARECHAL CORDEIRO DE FARIAS, 452, CARLOS CHAGAS, 36081-330, JUIZ DE FORA, MG, BRASIL", "BANCO": "SICOOB", "LINHA_AVAL_NOME": "Crédito emergencial", "STATUS_OPERACIONAL": "CARTEIRA", "STATUS": "CARTEIRA" }, "geometry": { "type": "Point", "coordinates": [ -43.3936745, -21.7463111 ] } },
{ "type": "Feature", "properties": { "NROCNPJ_PAD": "56194882000128", "NOME_FANTASIA": "-", "RAZAO_SOCIAL": "VICTOR GUIMARAES PEREIRA SANTOS LTDA", "RESPONSAVEL": "VICTOR GUIMARAES PEREIRA SANTOS", "MUNICIPIO": "JUIZ DE FORA", "ENDEE": "RUA VICOSA, 100, LOJA LOJA, DEMOCRATA, 36035-300, JUIZ DE FORA, MG, BRASIL", "BANCO": "BDMG", "LINHA_AVAL_NOME": "Giro", "STATUS_OPERACIONAL": "CARTEIRA", "STATUS": "CARTEIRA" }, "geometry": { "type": "Point", "coordinates": [ -43.365777, -21.7476801 ] } },
{ "type": "Feature", "properties": { "NROCNPJ_PAD": "02976137000101", "NOME_FANTASIA": "-", "RAZAO_SOCIAL": "MITO MEIAS E MALHAS LTDA", "RESPONSAVEL": "ENIO TORRES|SORAIA MISCOLI TORRES", "MUNICIPIO": "JUIZ DE FORA", "ENDEE": "RUA PROFESSORA VIOLETA SANTOS, 185, DEMOCRATA, 36035-210, JUIZ DE FORA, MG, BRASIL", "BANCO": "BDMG", "LINHA_AVAL_NOME": "Giro", "STATUS_OPERACIONAL": "CARTEIRA", "STATUS": "CARTEIRA" }, "geometry": { "type": "Point", "coordinates": [ -43.3627686, -21.7483325 ] } },
{ "type": "Feature", "properties": { "NROCNPJ_PAD": "19851112000184", "NOME_FANTASIA": "-", "RAZAO_SOCIAL": "BETO INDUSTRIA E COMERCIO LTDA", "RESPONSAVEL": "OTAVIO CAMPOS ABRANTES FONSECA|VITOR CAMPOS ABRANTES FONSECA", "MUNICIPIO": "JUIZ DE FORA", "ENDEE": "RUA PROFESSORA VIOLETA SANTOS, 165, GALPAO175, DEMOCRATA, 36035-210, JUIZ DE FORA, MG, BRASIL", "BANCO": "BDMG", "LINHA_AVAL_NOME": "Crédito emergencial", "STATUS_OPERACIONAL": "CARTEIRA", "STATUS": "CARTEIRA" }, "geometry": { "type": "Point", "coordinates": [ -43.3628024, -21.7485092 ] } },
{ "type": "Feature", "properties": { "NROCNPJ_PAD": "35692628000180", "NOME_FANTASIA": "-", "RAZAO_SOCIAL": "CARPUB LANCHONETE E PIZZARIA LTDA", "RESPONSAVEL": "GUSTAVO MONTEIRO OLIVEIRA FACHINETTO|TATIANE CASTRO GERHEIM", "MUNICIPIO": "JUIZ DE FORA", "ENDEE": "RUA RAFAEL ZACARIAS, 227, 229, DEMOCRATA, 36035-290, JUIZ DE FORA, MG, BRASIL", "BANCO": "BDMG", "LINHA_AVAL_NOME": "Crédito emergencial", "STATUS_OPERACIONAL": "CARTEIRA", "STATUS": "CARTEIRA" }, "geometry": { "type": "Point", "coordinates": [ -43.3655319, -21.748682 ] } },
{ "type": "Feature", "properties": { "NROCNPJ_PAD": "27508098000149", "NOME_FANTASIA": "ITALIAN BRAAP SPORT DESIGN", "RAZAO_SOCIAL": "ITALIAN BRAAP SPORT DESIGN LTDA", "RESPONSAVEL": "ELENICE APARECIDA TOSCANO MURUCI|FELIPE ILARIO MURUCI", "MUNICIPIO": "JUIZ DE FORA", "ENDEE": "RUA PADRE MATIAS, 46, MORRO DA GLORIA, 36035-140, JUIZ DE FORA, MG, BRASIL", "BANCO": "BDMG", "LINHA_AVAL_NOME": "Giro", "STATUS_OPERACIONAL": "CARTEIRA", "STATUS": "CARTEIRA" }, "geometry": { "type": "Point", "coordinates": [ -43.354876, -21.749085 ] } },
{ "type": "Feature", "properties": { "NROCNPJ_PAD": "53935542000112", "NOME_FANTASIA": "CROF ODONTOLOGIA", "RAZAO_SOCIAL": "CROF ODONTOLOGIA LTDA", "RESPONSAVEL": "ELIANEMARIAMARTINSFREIRE", "MUNICIPIO": "JUIZ DE FORA", "ENDEE": "RUA VITORINO BRAGA, 431, LOJA 1 LOJA 2, VITORINO BRAGA, 36060-000, JUIZ DE FORA, MG, BRASIL", "BANCO": "SICOOB", "LINHA_AVAL_NOME": "Crédito emergencial", "STATUS_OPERACIONAL": "CARTEIRA", "STATUS": "CARTEIRA" }, "geometry": { "type": "Point", "coordinates": [ -43.3441454, -21.7508178 ] } },
{ "type": "Feature", "properties": { "NROCNPJ_PAD": "42740346000176", "NOME_FANTASIA": "MERCEARIA XAROPAO", "RAZAO_SOCIAL": "EVERTON GERALDO MACHADO DE OLIVEIRA LTDA", "RESPONSAVEL": "EVERTON GERALDO MACHADO DE OLIVEIRA", "MUNICIPIO": "JUIZ DE FORA", "ENDEE": "RUA JORGE RAIMUNDO, 661, LOJA, SANTA CANDIDA, 36061-420, JUIZ DE FORA, MG, BRASIL", "BANCO": "BRADESCO", "LINHA_AVAL_NOME": "GIRO", "STATUS_OPERACIONAL": "CARTEIRA", "STATUS": "CARTEIRA" }, "geometry": { "type": "Point", "coordinates": [ -43.3404106, -21.7519568 ] } },
{ "type": "Feature", "properties": { "NROCNPJ_PAD": "54655473000156", "NOME_FANTASIA": "-", "RAZAO_SOCIAL": "PADARIA CARNEIRO LTDA", "RESPONSAVEL": "JOSE INACIO CARNEIRO BRITO", "MUNICIPIO": "JUIZ DE FORA", "ENDEE": "RUA JOSE ZACARIAS DOS SANTOS, 368, SAO BENEDITO, 36061-220, JUIZ DE FORA, MG, BRASIL", "BANCO": "BDMG", "LINHA_AVAL_NOME": "Crédito emergencial", "STATUS_OPERACIONAL": "CARTEIRA", "STATUS": "CARTEIRA" }, "geometry": { "type": "Point", "coordinates": [ -43.3265282, -21.7523147 ] } },
{ "type": "Feature", "properties": { "NROCNPJ_PAD": "40862410000166", "NOME_FANTASIA": "LAUT EXPRESS JF", "RAZAO_SOCIAL": "BARBA VERDE TAP HOUSE LTDA", "RESPONSAVEL": "FERNANDO CAVALIERI MIGUEL", "MUNICIPIO": "JUIZ DE FORA", "ENDEE": "RUA URUGUAIANA, 50, JARDIM GLORIA, 36015-020, JUIZ DE FORA, MG, BRASIL", "BANCO": "BDMG", "LINHA_AVAL_NOME": "Crédito emergencial", "STATUS_OPERACIONAL": "CARTEIRA", "STATUS": "CARTEIRA" }, "geometry": { "type": "Point", "coordinates": [ -43.3589177, -21.7530421 ] } },
{ "type": "Feature", "properties": { "NROCNPJ_PAD": "04714678000197", "NOME_FANTASIA": "-", "RAZAO_SOCIAL": "MUNDIMETAIS LTDA", "RESPONSAVEL": "RAFAEL TEIXEIRA DA SILVA|SABRINA TEIXEIRA DA SILVA", "MUNICIPIO": "JUIZ DE FORA", "ENDEE": "RUA SAINT-CLAIR DE CARVALHO, 267, GALPAO, CENTRO, 36060-100, JUIZ DE FORA, MG, BRASIL", "BANCO": "BDMG", "LINHA_AVAL_NOME": "Crédito emergencial", "STATUS_OPERACIONAL": "CARTEIRA", "STATUS": "CARTEIRA" }, "geometry": { "type": "Point", "coordinates": [ -43.3492852, -21.7530666 ] } },
{ "type": "Feature", "properties": { "NROCNPJ_PAD": "06002233000100", "NOME_FANTASIA": "-", "RAZAO_SOCIAL": "COBRA VIDROS AUTOMOTIVOS LTDA", "RESPONSAVEL": "EDSONFERREIRADIAS|GUSTAVOTALINNORMANDO|JOSILENE CONCEICAO DE ALMEIDA DIAS|LUCIANOTALINNORMANDO", "MUNICIPIO": "JUIZ DE FORA", "ENDEE": "RUA SANTO ANTONIO, 122, CENTRO, 36015-000, JUIZ DE FORA, MG, BRASIL", "BANCO": "SICOOB", "LINHA_AVAL_NOME": "Giro", "STATUS_OPERACIONAL": "CARTEIRA", "STATUS": "CARTEIRA" }, "geometry": { "type": "Point", "coordinates": [ -43.3531312, -21.7544932 ] } },
{ "type": "Feature", "properties": { "NROCNPJ_PAD": "18133423000145", "NOME_FANTASIA": "STUDIO CORPO EM FOCO", "RAZAO_SOCIAL": "STUDIO CORPO EM FOCO LTDA", "RESPONSAVEL": "TATIANE MAGACHO DE CARVALHO PAIVA|TIAGO AZEVEDO PAIVA", "MUNICIPIO": "JUIZ DE FORA", "ENDEE": "RUA SANTO ANTONIO, 201, CENTRO, 36015-000, JUIZ DE FORA, MG, BRASIL", "BANCO": "BDMG", "LINHA_AVAL_NOME": "Crédito emergencial", "STATUS_OPERACIONAL": "CARTEIRA", "STATUS": "CARTEIRA" }, "geometry": { "type": "Point", "coordinates": [ -43.35271, -21.7550823 ] } },
{ "type": "Feature", "properties": { "NROCNPJ_PAD": "40737000000193", "NOME_FANTASIA": "VBSX", "RAZAO_SOCIAL": "VB STRUCCHI MARKETING DIGITAL", "RESPONSAVEL": "VINICIUS BORBA STRUCCHI", "MUNICIPIO": "JUIZ DE FORA", "ENDEE": "RUA PALMIRA PESSOA, 65, APT 301, SANTOS ANJOS, 36062-310, JUIZ DE FORA, MG, BRASIL", "BANCO": "BDMG", "LINHA_AVAL_NOME": "Giro", "STATUS_OPERACIONAL": "CARTEIRA", "STATUS": "CARTEIRA" }, "geometry": { "type": "Point", "coordinates": [ -43.3402364, -21.7551635 ] } },
{ "type": "Feature", "properties": { "NROCNPJ_PAD": "58140304000134", "NOME_FANTASIA": "PRIME SELECT CONSULTORIA", "RAZAO_SOCIAL": "PRIME SELECT CONSULTORIA LTDA", "RESPONSAVEL": "JONAS DO CARMO REZENDE", "MUNICIPIO": "JUIZ DE FORA", "ENDEE": "RUA PEDRO VAN DER PALL, 30, FRACAO 3, BORBOLETA, 36035-770, JUIZ DE FORA, MG, BRASIL", "BANCO": "BDMG", "LINHA_AVAL_NOME": "Crédito emergencial", "STATUS_OPERACIONAL": "CARTEIRA", "STATUS": "CARTEIRA" }, "geometry": { "type": "Point", "coordinates": [ -43.38217, -21.7567385 ] } },
{ "type": "Feature", "properties": { "NROCNPJ_PAD": "59705314000132", "NOME_FANTASIA": "PH CAR", "RAZAO_SOCIAL": "PHC ASSESSORIA AUTOMOTIVA LTDA", "RESPONSAVEL": "PEDRO HENRIQUE CIMINO MALTA ROSA", "MUNICIPIO": "JUIZ DE FORA", "ENDEE": "AVENIDA SETE DE SETEMBRO, 1275, CENTRO, 36062-000, JUIZ DE FORA, MG, BRASIL", "BANCO": "BDMG", "LINHA_AVAL_NOME": "Crédito emergencial", "STATUS_OPERACIONAL": "CARTEIRA", "STATUS": "CARTEIRA" }, "geometry": { "type": "Point", "coordinates": [ -43.3414845, -21.7571916 ] } },
{ "type": "Feature", "properties": { "NROCNPJ_PAD": "33172548000178", "NOME_FANTASIA": "DA LU JEANS", "RAZAO_SOCIAL": "DALU JEANS PREMIUM LTDA", "RESPONSAVEL": "LUZINETE DA SILVA", "MUNICIPIO": "JUIZ DE FORA", "ENDEE": "RUA SAO SEBASTIAO, 517, BOX 13 BOX 17 BOX 26 BOX 37, CENTRO, 36013-260, JUIZ DE FORA, MG, BRASIL", "BANCO": "SICREDI 2", "LINHA_AVAL_NOME": "Empreendedorismo Fem", "STATUS_OPERACIONAL": "CARTEIRA", "STATUS": "CARTEIRA" }, "geometry": { "type": "Point", "coordinates": [ -43.3491889, -21.7572696 ] } },
{ "type": "Feature", "properties": { "NROCNPJ_PAD": "42247574000109", "NOME_FANTASIA": "ADRIELE MAFRA ESTETICA AVANCADA", "RAZAO_SOCIAL": "ADRIELE MAFRA ESTETICA AVANCADA LTDA", "RESPONSAVEL": "ADRIELE MILENA MAFRA", "MUNICIPIO": "JUIZ DE FORA", "ENDEE": "RUA OLEGARIO MACIEL, 248, SANTA HELENA, 36015-350, JUIZ DE FORA, MG, BRASIL", "BANCO": "BDMG", "LINHA_AVAL_NOME": "Crédito emergencial", "STATUS_OPERACIONAL": "CARTEIRA", "STATUS": "CARTEIRA" }, "geometry": { "type": "Point", "coordinates": [ -43.3557691, -21.7579551 ] } },
{ "type": "Feature", "properties": { "NROCNPJ_PAD": "35801747000123", "NOME_FANTASIA": "-", "RAZAO_SOCIAL": "LODI ENGENHARIA LTDA", "RESPONSAVEL": "JOAO PAULO LODI", "MUNICIPIO": "JUIZ DE FORA", "ENDEE": "RUA MARIANA MOREIRA VENANCIO, 610, LOTE 04, COSTA CARVALHO, 36062-170, JUIZ DE FORA, MG, BRASIL", "BANCO": "BDMG", "LINHA_AVAL_NOME": "Crédito emergencial", "STATUS_OPERACIONAL": "CARTEIRA", "STATUS": "CARTEIRA" }, "geometry": { "type": "Point", "coordinates": [ -43.3366194, -21.7591484 ] } },
{ "type": "Feature", "properties": { "NROCNPJ_PAD": "23441246000102", "NOME_FANTASIA": "BOM BRASILEIRO COZINHA ARTESANAL", "RAZAO_SOCIAL": "BOM BRASILEIRO INDUSTRIA E COMERCIO DE PANIFICACAO LTDA", "RESPONSAVEL": "CINTIA MARTINS VIDAL ARAUJO|HELIO ZECHINI BOTELHO", "MUNICIPIO": "JUIZ DE FORA", "ENDEE": "RUA MARECHAL DEODORO, 928, CENTRO, 36015-460, JUIZ DE FORA, MG, BRASIL", "BANCO": "BDMG", "LINHA_AVAL_NOME": "Crédito emergencial", "STATUS_OPERACIONAL": "CARTEIRA", "STATUS": "CARTEIRA" }, "geometry": { "type": "Point", "coordinates": [ -43.3530172, -21.7610148 ] } },
{ "type": "Feature", "properties": { "NROCNPJ_PAD": "22581399000184", "NOME_FANTASIA": "ERA UMA VEZ PERSONAGENS VIVOS", "RAZAO_SOCIAL": "CLEISIANE DA SILVA SIQUEIRA 06179101620", "RESPONSAVEL": "CLEISIANESIQUEIRASAFORTES", "MUNICIPIO": "JUIZ DE FORA", "ENDEE": "RUA MARECHAL DEODORO, 982, 201, CENTRO, 36013-000, JUIZ DE FORA, MG, BRASIL", "BANCO": "SICOOB", "LINHA_AVAL_NOME": "Empreendedorismo Fem", "STATUS_OPERACIONAL": "CARTEIRA", "STATUS": "CARTEIRA" }, "geometry": { "type": "Point", "coordinates": [ -43.353537, -21.761185 ] } },
{ "type": "Feature", "properties": { "NROCNPJ_PAD": "36512434000118", "NOME_FANTASIA": "NOSSO APE", "RAZAO_SOCIAL": "NOSSO APE LTDA", "RESPONSAVEL": "BRUNA MARIA REZENDE FELIX", "MUNICIPIO": "JUIZ DE FORA", "ENDEE": "RUA MARECHAL DEODORO, 1105, APT 1105, CENTRO, 36015-460, JUIZ DE FORA, MG, BRASIL", "BANCO": "SICREDI 2", "LINHA_AVAL_NOME": "Giro", "STATUS_OPERACIONAL": "CARTEIRA", "STATUS": "CARTEIRA" }, "geometry": { "type": "Point", "coordinates": [ -43.3545216, -21.7616839 ] } },
{ "type": "Feature", "properties": { "NROCNPJ_PAD": "46608490000104", "NOME_FANTASIA": "MENDES REPRESENTACOES", "RAZAO_SOCIAL": "MENDES AMORIM REPRESENTACOES LTDA", "RESPONSAVEL": "GABRIELMENDESAMORIM", "MUNICIPIO": "JUIZ DE FORA", "ENDEE": "RUA MARIA JOSE LEAL, 80, GRANVILLE, 36036-247, JUIZ DE FORA, MG, BRASIL", "BANCO": "SICOOB", "LINHA_AVAL_NOME": "Crédito emergencial", "STATUS_OPERACIONAL": "CARTEIRA", "STATUS": "CARTEIRA" }, "geometry": { "type": "Point", "coordinates": [ -43.3715827, -21.7624112 ] } },
{ "type": "Feature", "properties": { "NROCNPJ_PAD": "26167605000165", "NOME_FANTASIA": "SERRA D AGUA PADARIA E CONFEITARIA", "RAZAO_SOCIAL": "NONATO LAMAS PADARIA E CONFEITARIA LTDA", "RESPONSAVEL": "ROMULONONATODASILVA|SEBASTIAOJUNIORLAMAS", "MUNICIPIO": "JUIZ DE FORA", "ENDEE": "RUA MARIA ALADIA, 254, LOJA 1, SERRA D'AGUA, 36035-700, JUIZ DE FORA, MG, BRASIL", "BANCO": "SICOOB", "LINHA_AVAL_NOME": "Crédito emergencial", "STATUS_OPERACIONAL": "CARTEIRA", "STATUS": "CARTEIRA" }, "geometry": { "type": "Point", "coordinates": [ -43.3818407, -21.7629685 ] } },
{ "type": "Feature", "properties": { "NROCNPJ_PAD": "25308526000164", "NOME_FANTASIA": "CENTRO VETERINARIO GRANBERY", "RAZAO_SOCIAL": "CENTRO VETERINARIO GRANBERY LTDA", "RESPONSAVEL": "URANIAN SABIAO DE OLIVEIRA", "MUNICIPIO": "JUIZ DE FORA", "ENDEE": "RUA SANTOS DUMONT, 117, CENTRO, 36010-510, JUIZ DE FORA, MG, BRASIL", "BANCO": "BDMG", "LINHA_AVAL_NOME": "Crédito emergencial", "STATUS_OPERACIONAL": "CARTEIRA", "STATUS": "CARTEIRA" }, "geometry": { "type": "Point", "coordinates": [ -43.3438335, -21.7641591 ] } },
{ "type": "Feature", "properties": { "NROCNPJ_PAD": "33982308000139", "NOME_FANTASIA": "VIA SUSHI", "RAZAO_SOCIAL": "VIA SUSHI LTDA", "RESPONSAVEL": "-", "MUNICIPIO": "JUIZ DE FORA", "ENDEE": "RUA JOSE HONORIO LOURES, 34, LOTE 34 Q C, ALTO DOS PINHEIROS, 36036-680, JUIZ DE FORA, MG, BRASIL", "BANCO": "-", "LINHA_AVAL_NOME": "-", "STATUS_OPERACIONAL": "CARTEIRA", "STATUS": "CARTEIRA" }, "geometry": { "type": "Point", "coordinates": [ -43.3754285, -21.7643948 ] } },
{ "type": "Feature", "properties": { "NROCNPJ_PAD": "39372205000133", "NOME_FANTASIA": "PADARIA CIDADE ALTA", "RAZAO_SOCIAL": "PADARIA CIDADE ALTA LTDA", "RESPONSAVEL": "AILTONDESOUZABARBOSA", "MUNICIPIO": "JUIZ DE FORA", "ENDEE": "RUA JOSE LOURENCO, 1431, LOJA, SAO PEDRO, 36036-230, JUIZ DE FORA, MG, BRASIL", "BANCO": "SICOOB", "LINHA_AVAL_NOME": "Crédito emergencial", "STATUS_OPERACIONAL": "CARTEIRA", "STATUS": "CARTEIRA" }, "geometry": { "type": "Point", "coordinates": [ -43.3740409, -21.7648202 ] } },
{ "type": "Feature", "properties": { "NROCNPJ_PAD": "14170416000162", "NOME_FANTASIA": "CROSSFIT GAVEA JF", "RAZAO_SOCIAL": "CROSSFIT GAVEA JF LTDA", "RESPONSAVEL": "DANIEL SOUZA PINTO|RAFAEL HENRIQUE MOREIRA DA SILVA|THALES ALAERTE ROCHA ILDEFONSO", "MUNICIPIO": "JUIZ DE FORA", "ENDEE": "RUA SANTO ANTONIO, 1330, 1332, CENTRO, 36016-211, JUIZ DE FORA, MG, BRASIL", "BANCO": "BDMG", "LINHA_AVAL_NOME": "Crédito emergencial", "STATUS_OPERACIONAL": "CARTEIRA", "STATUS": "CARTEIRA" }, "geometry": { "type": "Point", "coordinates": [ -43.3502504, -21.765593 ] } },
{ "type": "Feature", "properties": { "NROCNPJ_PAD": "32097596000186", "NOME_FANTASIA": "-", "RAZAO_SOCIAL": "TUTTO PER LO CAFFE LTDA", "RESPONSAVEL": "SILVIA REGINA FERREIRA NOGUEIRA", "MUNICIPIO": "JUIZ DE FORA", "ENDEE": "RUA SAMPAIO, 318, CENTRO, 36010-359, JUIZ DE FORA, MG, BRASIL", "BANCO": "BDMG", "LINHA_AVAL_NOME": "Crédito emergencial", "STATUS_OPERACIONAL": "CARTEIRA", "STATUS": "CARTEIRA" }, "geometry": { "type": "Point", "coordinates": [ -43.3460475, -21.7662869 ] } },
{ "type": "Feature", "properties": { "NROCNPJ_PAD": "14699344000145", "NOME_FANTASIA": "FREE BABY", "RAZAO_SOCIAL": "D.F DA SILVA NETTO COMERCIO", "RESPONSAVEL": "DEBORAFERREIRADASILVANETTO", "MUNICIPIO": "JUIZ DE FORA", "ENDEE": "RUA SAMPAIO, 310, CENTRO, 36010-359, JUIZ DE FORA, MG, BRASIL", "BANCO": "SICOOB", "LINHA_AVAL_NOME": "Giro", "STATUS_OPERACIONAL": "CARTEIRA", "STATUS": "CARTEIRA" }, "geometry": { "type": "Point", "coordinates": [ -43.3458613, -21.7663742 ] } },
{ "type": "Feature", "properties": { "NROCNPJ_PAD": "44869475000194", "NOME_FANTASIA": "LUBRATE", "RAZAO_SOCIAL": "LMC INDUSTRIA E COMERCIO LTDA", "RESPONSAVEL": "LUCAS LOPES MARCAL COURA BRAMANTE", "MUNICIPIO": "JUIZ DE FORA", "ENDEE": "RUA JOSE LOURENCO KELMER, 695, SAO PEDRO, 36036-330, JUIZ DE FORA, MG, BRASIL", "BANCO": "SICOOB", "LINHA_AVAL_NOME": "Crédito emergencial", "STATUS_OPERACIONAL": "CARTEIRA", "STATUS": "CARTEIRA" }, "geometry": { "type": "Point", "coordinates": [ -43.367397, -21.7670709 ] } },
{ "type": "Feature", "properties": { "NROCNPJ_PAD": "51651181000157", "NOME_FANTASIA": "-", "RAZAO_SOCIAL": "IRMAOS RODRIGUES TRANSPORTES DE CARGA LTDA", "RESPONSAVEL": "JOSE LUIZ RODRIGUES JORGE", "MUNICIPIO": "JUIZ DE FORA", "ENDEE": "RUA PROFESSORA CORINA ERSE, 31, SNLT, POCO RICO, 36020-270, JUIZ DE FORA, MG, BRASIL", "BANCO": "BDMG", "LINHA_AVAL_NOME": "Crédito emergencial", "STATUS_OPERACIONAL": "CARTEIRA", "STATUS": "CARTEIRA" }, "geometry": { "type": "Point", "coordinates": [ -43.3357927, -21.7677677 ] } },
{ "type": "Feature", "properties": { "NROCNPJ_PAD": "52471354000118", "NOME_FANTASIA": "IMPERIO ARENA", "RAZAO_SOCIAL": "FMT EMPREENDIMENTOS ESPORTIVOS E FESTIVOS LTDA", "RESPONSAVEL": "FABRICIOGUSMAOGONCALVES|MARCOSKELVINCOELHO|THIAGOCESARDUTRA", "MUNICIPIO": "JUIZ DE FORA", "ENDEE": "AVENIDA SENHOR DOS PASSOS, 11, SAO PEDRO, 36037-490, JUIZ DE FORA, MG, BRASIL", "BANCO": "SICOOB", "LINHA_AVAL_NOME": "Crédito emergencial", "STATUS_OPERACIONAL": "CARTEIRA", "STATUS": "CARTEIRA" }, "geometry": { "type": "Point", "coordinates": [ -43.3876493, -21.7682644 ] } },
{ "type": "Feature", "properties": { "NROCNPJ_PAD": "55498104000160", "NOME_FANTASIA": "HOLZ MARCENARIA E DESIGN", "RAZAO_SOCIAL": "HOLZ MARCENARIA E DESIGN JF LTDA", "RESPONSAVEL": "GIOVANE FELIPE KROLMAN|GIOVANEFELIPEKROLMAN", "MUNICIPIO": "JUIZ DE FORA", "ENDEE": "RUA JOAO KROLMAN SOBRINHO, 30, GALPAO., SAO PEDRO, 36037-500, JUIZ DE FORA, MG, BRASIL", "BANCO": "SICOOB", "LINHA_AVAL_NOME": "Crédito emergencial", "STATUS_OPERACIONAL": "CARTEIRA", "STATUS": "CARTEIRA" }, "geometry": { "type": "Point", "coordinates": [ -43.3871937, -21.768343 ] } },
{ "type": "Feature", "properties": { "NROCNPJ_PAD": "45457251000138", "NOME_FANTASIA": "-", "RAZAO_SOCIAL": "FACILITART COMERCIO E SERVICOS LTDA", "RESPONSAVEL": "JOSE LUIZ RODRIGUES JORGE|PLINIO FRANCISCO GUIMARAES RODRIGUES|PRISCYLANEIVAMOURASTAMBASSI", "MUNICIPIO": "JUIZ DE FORA", "ENDEE": "RUA PROFESSORA CORINA ERSE, 226, GALPAO., POCO RICO, 36020-270, JUIZ DE FORA, MG, BRASIL", "BANCO": "BDMG", "LINHA_AVAL_NOME": "Crédito emergencial", "STATUS_OPERACIONAL": "CARTEIRA", "STATUS": "CARTEIRA" }, "geometry": { "type": "Point", "coordinates": [ -43.3349625, -21.7684152 ] } },
{ "type": "Feature", "properties": { "NROCNPJ_PAD": "35103163000184", "NOME_FANTASIA": "PRINT SERVICES INFORMATICA", "RAZAO_SOCIAL": "PRINT SERVICES INFORMATICA LTDA", "RESPONSAVEL": "CLAUDINEI GONCALVES GALDINO", "MUNICIPIO": "JUIZ DE FORA", "ENDEE": "RUA OLEGARIO MACIEL, 1750, PAINEIRAS, 36016-011, JUIZ DE FORA, MG, BRASIL", "BANCO": "BDMG", "LINHA_AVAL_NOME": "Crédito emergencial", "STATUS_OPERACIONAL": "CARTEIRA", "STATUS": "CARTEIRA" }, "geometry": { "type": "Point", "coordinates": [ -43.3569734, -21.7695839 ] } },
{ "type": "Feature", "properties": { "NROCNPJ_PAD": "15168513000183", "NOME_FANTASIA": "-", "RAZAO_SOCIAL": "MTECH SOLUCOES DIGITAIS LTDA", "RESPONSAVEL": "AUREA ALBANI LANDIM MARQUES|THIAGO MARQUES FERNANDES DE MELLO", "MUNICIPIO": "JUIZ DE FORA", "ENDEE": "RUA SANTOS DUMONT, 730, APT 416, GRANBERY, 36010-386, JUIZ DE FORA, MG, BRASIL", "BANCO": "BDMG", "LINHA_AVAL_NOME": "Crédito emergencial", "STATUS_OPERACIONAL": "CARTEIRA", "STATUS": "CARTEIRA" }, "geometry": { "type": "Point", "coordinates": [ -43.3429548, -21.7697097 ] } },
{ "type": "Feature", "properties": { "NROCNPJ_PAD": "53549884000102", "NOME_FANTASIA": "BE.ON SEGUROS E SERVICOS FINANCEIROS", "RAZAO_SOCIAL": "BE ON CORRETORA DE SEGUROS LTDA", "RESPONSAVEL": "PIETRO BITARELLI MEDEIROS SALLES", "MUNICIPIO": "JUIZ DE FORA", "ENDEE": "RUA JOSE LOURENCO, 855, T1-707, SAO PEDRO, 36036-230, JUIZ DE FORA, MG, BRASIL", "BANCO": "BDMG", "LINHA_AVAL_NOME": "Crédito emergencial", "STATUS_OPERACIONAL": "CARTEIRA", "STATUS": "CARTEIRA" }, "geometry": { "type": "Point", "coordinates": [ -43.3785497, -21.7697932 ] } },
{ "type": "Feature", "properties": { "NROCNPJ_PAD": "30837867000167", "NOME_FANTASIA": "STEO", "RAZAO_SOCIAL": "STEO - SERVICO TECNICO EM ENGENHARIA OCUPACIONAL LTDA.", "RESPONSAVEL": "RAFAELGAVIOLIDELGADO", "MUNICIPIO": "JUIZ DE FORA", "ENDEE": "RUA PADRE ANCHIETA, 72, SAO MATEUS, 36016-440, JUIZ DE FORA, MG, BRASIL", "BANCO": "SICOOB", "LINHA_AVAL_NOME": "Giro", "STATUS_OPERACIONAL": "CARTEIRA", "STATUS": "CARTEIRA" }, "geometry": { "type": "Point", "coordinates": [ -43.3559166, -21.7701639 ] } },
{ "type": "Feature", "properties": { "NROCNPJ_PAD": "31401866000138", "NOME_FANTASIA": "-", "RAZAO_SOCIAL": "EMPORIO DOS PAES JF LTDA", "RESPONSAVEL": "LEONARDOFERNANDESRIBEIRO|RODRIGOMAROTTAPEREIRADOSSANTOS", "MUNICIPIO": "JUIZ DE FORA", "ENDEE": "RUA JOSE LOURENCO, 463, 113, SAO PEDRO, 36036-230, JUIZ DE FORA, MG, BRASIL", "BANCO": "SICOOB", "LINHA_AVAL_NOME": "Crédito emergencial", "STATUS_OPERACIONAL": "CARTEIRA", "STATUS": "CARTEIRA" }, "geometry": { "type": "Point", "coordinates": [ -43.381369, -21.7705202 ] } },
{ "type": "Feature", "properties": { "NROCNPJ_PAD": "33322612000150", "NOME_FANTASIA": "-", "RAZAO_SOCIAL": "33.322.612 LENIANE RIBEIRO FEYO BAGGIO", "RESPONSAVEL": "LENIANERIBEIROFEYOBAGGIO", "MUNICIPIO": "JUIZ DE FORA", "ENDEE": "RUA LUIZ DETZI, 10, SAO MATEUS, 36016-410, JUIZ DE FORA, MG, BRASIL", "BANCO": "SICOOB", "LINHA_AVAL_NOME": "Crédito emergencial", "STATUS_OPERACIONAL": "CARTEIRA", "STATUS": "CARTEIRA" }, "geometry": { "type": "Point", "coordinates": [ -43.3546823, -21.7714468 ] } },
{ "type": "Feature", "properties": { "NROCNPJ_PAD": "50463335000114", "NOME_FANTASIA": "LAMBIDAS", "RAZAO_SOCIAL": "LAMBIDAS TOSA E BANHO LTDA", "RESPONSAVEL": "FERNANDAMUSSI", "MUNICIPIO": "JUIZ DE FORA", "ENDEE": "RUA MARIA GARCIA, 477, LOJA, LOURDES, 36070-630, JUIZ DE FORA, MG, BRASIL", "BANCO": "SICOOB", "LINHA_AVAL_NOME": "Empreendedorismo Fem", "STATUS_OPERACIONAL": "CARTEIRA", "STATUS": "CARTEIRA" }, "geometry": { "type": "Point", "coordinates": [ -43.3253125, -21.7721292 ] } },
{ "type": "Feature", "properties": { "NROCNPJ_PAD": "43877460000105", "NOME_FANTASIA": "-", "RAZAO_SOCIAL": "LMX CONSULTORIA E TREINAMENTOS LTDA", "RESPONSAVEL": "RAIZA DORNELAS CAETANO CONDE", "MUNICIPIO": "JUIZ DE FORA", "ENDEE": "RUA OLEGARIO MACIEL, 2175, SALA 215, PAINEIRAS, 36016-011, JUIZ DE FORA, MG, BRASIL", "BANCO": "BDMG", "LINHA_AVAL_NOME": "Crédito emergencial", "STATUS_OPERACIONAL": "CARTEIRA", "STATUS": "CARTEIRA" }, "geometry": { "type": "Point", "coordinates": [ -43.3600118, -21.772272 ] } },
{ "type": "Feature", "properties": { "NROCNPJ_PAD": "35547407000118", "NOME_FANTASIA": "ANDERSON SOARES CORRETOR DE IMOVEIS", "RAZAO_SOCIAL": "ANDERSON SOARES IMOVEIS LTDA", "RESPONSAVEL": "ANDERSONSILVEIRASOARES", "MUNICIPIO": "JUIZ DE FORA", "ENDEE": "RUA OLEGARIO MACIEL, 2175, SALA 212, PAINEIRAS, 36016-011, JUIZ DE FORA, MG, BRASIL", "BANCO": "SICOOB", "LINHA_AVAL_NOME": "Giro", "STATUS_OPERACIONAL": "CARTEIRA", "STATUS": "CARTEIRA" }, "geometry": { "type": "Point", "coordinates": [ -43.3600118, -21.772272 ] } },
{ "type": "Feature", "properties": { "NROCNPJ_PAD": "10992639000154", "NOME_FANTASIA": "-", "RAZAO_SOCIAL": "CENTRO DE FORMACAO DE CONDUTORES CIDADE ALTA LTDA", "RESPONSAVEL": "JULIANALEITESACHETTOBELLINI|MICHELEDIASMATTOSO", "MUNICIPIO": "JUIZ DE FORA", "ENDEE": "AVENIDA PRESIDENTE COSTA E SILVA, 1756, LOJA 01, SAO PEDRO, 36037-000, JUIZ DE FORA, MG, BRASIL", "BANCO": "SICOOB", "LINHA_AVAL_NOME": "Crédito emergencial", "STATUS_OPERACIONAL": "CARTEIRA", "STATUS": "CARTEIRA" }, "geometry": { "type": "Point", "coordinates": [ -43.3738351, -21.7723281 ] } },
{ "type": "Feature", "properties": { "NROCNPJ_PAD": "41105881000192", "NOME_FANTASIA": "-", "RAZAO_SOCIAL": "BARBEARIA DO BARAO LTDA", "RESPONSAVEL": "BRUNOCORREADEMEDEIROSTOSTA", "MUNICIPIO": "JUIZ DE FORA", "ENDEE": "RUA PADRE CAFE, 131, LOJA, SAO MATEUS, 36016-450, JUIZ DE FORA, MG, BRASIL", "BANCO": "SICOOB", "LINHA_AVAL_NOME": "Giro", "STATUS_OPERACIONAL": "CARTEIRA", "STATUS": "CARTEIRA" }, "geometry": { "type": "Point", "coordinates": [ -43.3528105, -21.7723672 ] } },
{ "type": "Feature", "properties": { "NROCNPJ_PAD": "22618023000105", "NOME_FANTASIA": "PHARMAVANT", "RAZAO_SOCIAL": "PHARMASOLVE COMERCIO E SERVICOS FARMACEUTICOS LTDA", "RESPONSAVEL": "ALINECALDASMACHADOFERREIRA|MIRIAMMARIAFRANCOMENEGARIO|RENNANROCHAARRIGHI", "MUNICIPIO": "JUIZ DE FORA", "ENDEE": "RUA PADRE CAFE, 155, SAO MATEUS, 36016-450, JUIZ DE FORA, MG, BRASIL", "BANCO": "SICOOB", "LINHA_AVAL_NOME": "Crédito emergencial", "STATUS_OPERACIONAL": "CARTEIRA", "STATUS": "CARTEIRA" }, "geometry": { "type": "Point", "coordinates": [ -43.3530935, -21.772422 ] } },
{ "type": "Feature", "properties": { "NROCNPJ_PAD": "11043779000149", "NOME_FANTASIA": "-", "RAZAO_SOCIAL": "ADRIANA DE FATIMA LOPES CPF 03828547648", "RESPONSAVEL": "ADRIANA DE FATIMA LOPES", "MUNICIPIO": "JUIZ DE FORA", "ENDEE": "AVENIDA PRESIDENTE COSTA E SILVA, 1641, LOJA 1, SAO PEDRO, 36037-000, JUIZ DE FORA, MG, BRASIL", "BANCO": "BDMG", "LINHA_AVAL_NOME": "Crédito emergencial", "STATUS_OPERACIONAL": "CARTEIRA", "STATUS": "CARTEIRA" }, "geometry": { "type": "Point", "coordinates": [ -43.3725021, -21.7725024 ] } },
{ "type": "Feature", "properties": { "NROCNPJ_PAD": "58581199000179", "NOME_FANTASIA": "-", "RAZAO_SOCIAL": "ARMARINHO SAO PEDRO LTDA", "RESPONSAVEL": "JULIANACASSIAMOREIRA", "MUNICIPIO": "JUIZ DE FORA", "ENDEE": "AVENIDA PRESIDENTE COSTA E SILVA, 1655, SAO PEDRO, 36037-000, JUIZ DE FORA, MG, BRASIL", "BANCO": "SICOOB", "LINHA_AVAL_NOME": "Crédito emergencial", "STATUS_OPERACIONAL": "CARTEIRA", "STATUS": "CARTEIRA" }, "geometry": { "type": "Point", "coordinates": [ -43.37292, -21.7725218 ] } },
{ "type": "Feature", "properties": { "NROCNPJ_PAD": "52992795000165", "NOME_FANTASIA": "-", "RAZAO_SOCIAL": "ELITECELL CELULARES E ACESSORIOS LTDA", "RESPONSAVEL": "DOUGLASADILSONDASILVALOURO", "MUNICIPIO": "JUIZ DE FORA", "ENDEE": "RUA SAO MATEUS, 446, LJ, SAO MATEUS, 36025-001, JUIZ DE FORA, MG, BRASIL", "BANCO": "SICOOB", "LINHA_AVAL_NOME": "Giro", "STATUS_OPERACIONAL": "CARTEIRA", "STATUS": "CARTEIRA" }, "geometry": { "type": "Point", "coordinates": [ -43.3517195, -21.7726015 ] } },
{ "type": "Feature", "properties": { "NROCNPJ_PAD": "57553508000134", "NOME_FANTASIA": "-", "RAZAO_SOCIAL": "MUNDO PET E-COMMERCE DE PRODUTOS PARA ANIMAIS LTDA", "RESPONSAVEL": "MARCOAURELIOCOSTAJUNIOR", "MUNICIPIO": "JUIZ DE FORA", "ENDEE": "RUA OLEGARIO MACIEL, 2276, LOJA ., DOM BOSCO, 36016-550, JUIZ DE FORA, MG, BRASIL", "BANCO": "SICOOB", "LINHA_AVAL_NOME": "Crédito emergencial", "STATUS_OPERACIONAL": "CARTEIRA", "STATUS": "CARTEIRA" }, "geometry": { "type": "Point", "coordinates": [ -43.3608108, -21.7727234 ] } },
{ "type": "Feature", "properties": { "NROCNPJ_PAD": "43329664000101", "NOME_FANTASIA": "-", "RAZAO_SOCIAL": "NOSSO CANTINHO CHOCOLATES FINOS LTDA", "RESPONSAVEL": "CARLOS MAGNO LUCIO|FABIANA FERNANDES DE SOUSA LUCIO", "MUNICIPIO": "JUIZ DE FORA", "ENDEE": "AVENIDA PRESIDENTE COSTA E SILVA, 1933, SAO PEDRO, 36037-000, JUIZ DE FORA, MG, BRASIL", "BANCO": "BDMG", "LINHA_AVAL_NOME": "Crédito emergencial", "STATUS_OPERACIONAL": "CARTEIRA", "STATUS": "CARTEIRA" }, "geometry": { "type": "Point", "coordinates": [ -43.3759526, -21.7728754 ] } },
{ "type": "Feature", "properties": { "NROCNPJ_PAD": "32836585000170", "NOME_FANTASIA": "MAMMA FOOD", "RAZAO_SOCIAL": "MAMMA FOOD LTDA", "RESPONSAVEL": "EDUARDAMIRANDAFONSECA", "MUNICIPIO": "JUIZ DE FORA", "ENDEE": "AVENIDA PRESIDENTE ITAMAR FRANCO, 2147, LOJA, SAO MATEUS, 36016-321, JUIZ DE FORA, MG, BRASIL", "BANCO": "SICOOB", "LINHA_AVAL_NOME": "Empreendedorismo Fem", "STATUS_OPERACIONAL": "CARTEIRA", "STATUS": "CARTEIRA" }, "geometry": { "type": "Point", "coordinates": [ -43.3539563, -21.773168 ] } },
{ "type": "Feature", "properties": { "NROCNPJ_PAD": "60005866000117", "NOME_FANTASIA": "-", "RAZAO_SOCIAL": "GF SOLUCOES & SERVICOS LTDA", "RESPONSAVEL": "GABRIEL FELIPE DA SILVA", "MUNICIPIO": "JUIZ DE FORA", "ENDEE": "RUA MONSENHOR GUSTAVO FREIRE, 119, GALPAO, SAO MATEUS, 36016-470, JUIZ DE FORA, MG, BRASIL", "BANCO": "BDMG", "LINHA_AVAL_NOME": "Giro", "STATUS_OPERACIONAL": "CARTEIRA", "STATUS": "CARTEIRA" }, "geometry": { "type": "Point", "coordinates": [ -43.353791, -21.7735147 ] } },
{ "type": "Feature", "properties": { "NROCNPJ_PAD": "55797244000139", "NOME_FANTASIA": "MF ACADEMIA", "RAZAO_SOCIAL": "MF ACADEMIA FITNESS LTDA", "RESPONSAVEL": "MICHAELFRANCOLOURENCO", "MUNICIPIO": "JUIZ DE FORA", "ENDEE": "RUA MANOEL RIBEIRO DE ALMEIDA, 411, SANTO ANTONIO, 36071-420, JUIZ DE FORA, MG, BRASIL", "BANCO": "SICOOB", "LINHA_AVAL_NOME": "Giro", "STATUS_OPERACIONAL": "CARTEIRA", "STATUS": "CARTEIRA" }, "geometry": { "type": "Point", "coordinates": [ -43.312122, -21.773652 ] } },
{ "type": "Feature", "properties": { "NROCNPJ_PAD": "02557349000154", "NOME_FANTASIA": "-", "RAZAO_SOCIAL": "DATEC ASSISTENCIA TECNICA EM ELETRODOMESTICOS LTDA", "RESPONSAVEL": "-", "MUNICIPIO": "JUIZ DE FORA", "ENDEE": "RUA SAO MATEUS, 634, SAO MATEUS, 36025-001, JUIZ DE FORA, MG, BRASIL", "BANCO": "BRADESCO", "LINHA_AVAL_NOME": "Giro", "STATUS_OPERACIONAL": "CARTEIRA", "STATUS": "CARTEIRA" }, "geometry": { "type": "Point", "coordinates": [ -43.3528268, -21.7740048 ] } },
{ "type": "Feature", "properties": { "NROCNPJ_PAD": "32238675000160", "NOME_FANTASIA": "-", "RAZAO_SOCIAL": "RESTAURANTE CABANA DA CURVA LTDA", "RESPONSAVEL": "JOSIANEAPARECIDAPETERSDIAS", "MUNICIPIO": "JUIZ DE FORA", "ENDEE": "ALAMEDA SANTO ANTONIO, 391, CASA 01, BOSQUE DO IMPERADOR, 36037-680, JUIZ DE FORA, MG, BRASIL", "BANCO": "SICOOB", "LINHA_AVAL_NOME": "Crédito emergencial", "STATUS_OPERACIONAL": "CARTEIRA", "STATUS": "CARTEIRA" }, "geometry": { "type": "Point", "coordinates": [ -43.4121746, -21.7753635 ] } },
{ "type": "Feature", "properties": { "NROCNPJ_PAD": "53203460000183", "NOME_FANTASIA": "DECORAR MOVEIS", "RAZAO_SOCIAL": "DECORAR MOVEIS LTDA", "RESPONSAVEL": "GABRIELPEREIRACORDEIRO|LUCAS DAVILA SIQUEIRA REIS", "MUNICIPIO": "JUIZ DE FORA", "ENDEE": "AVENIDA PRESIDENTE ITAMAR FRANCO, 2500, CENTRO, 36010-020, JUIZ DE FORA, MG, BRASIL", "BANCO": "BDMG", "LINHA_AVAL_NOME": "Crédito emergencial", "STATUS_OPERACIONAL": "CARTEIRA", "STATUS": "CARTEIRA" }, "geometry": { "type": "Point", "coordinates": [ -43.3563907, -21.7758053 ] } },
{ "type": "Feature", "properties": { "NROCNPJ_PAD": "49416321000160", "NOME_FANTASIA": "PIAZZI DETALHAMENTO", "RAZAO_SOCIAL": "PIAZZI DETALHAMENTO LTDA", "RESPONSAVEL": "MATHEUSPIAZZIMACHADO", "MUNICIPIO": "JUIZ DE FORA", "ENDEE": "RUA MAMORE, 21, SAO MATEUS, 36025-280, JUIZ DE FORA, MG, BRASIL", "BANCO": "SICOOB", "LINHA_AVAL_NOME": "Crédito emergencial", "STATUS_OPERACIONAL": "CARTEIRA", "STATUS": "CARTEIRA" }, "geometry": { "type": "Point", "coordinates": [ -43.3559286, -21.7763912 ] } },
{ "type": "Feature", "properties": { "NROCNPJ_PAD": "59623729000167", "NOME_FANTASIA": "-", "RAZAO_SOCIAL": "ARTESANI PADARIA E CONFEITARIA LTDA", "RESPONSAVEL": "MARCELO CORTES KNOP JUNIOR", "MUNICIPIO": "JUIZ DE FORA", "ENDEE": "VIA PEDRO NAVA (BR 440), 4755, LOJA 101, SAO PEDRO, 36036-448, JUIZ DE FORA, MG, BRASIL", "BANCO": "BDMG", "LINHA_AVAL_NOME": "Crédito emergencial", "STATUS_OPERACIONAL": "CARTEIRA", "STATUS": "CARTEIRA" }, "geometry": { "type": "Point", "coordinates": [ -43.3974876, -21.7768631 ] } },
{ "type": "Feature", "properties": { "NROCNPJ_PAD": "43204611000164", "NOME_FANTASIA": "-", "RAZAO_SOCIAL": "SOLIS STUDIO DE ESTETICA LTDA", "RESPONSAVEL": "RILTONMENDESALVES", "MUNICIPIO": "JUIZ DE FORA", "ENDEE": "VIA PEDRO NAVA (BR 440), 2501, 112, SAO PEDRO, 36036-448, JUIZ DE FORA, MG, BRASIL", "BANCO": "SICOOB", "LINHA_AVAL_NOME": "Crédito emergencial", "STATUS_OPERACIONAL": "CARTEIRA", "STATUS": "CARTEIRA" }, "geometry": { "type": "Point", "coordinates": [ -43.3974876, -21.7768631 ] } },
{ "type": "Feature", "properties": { "NROCNPJ_PAD": "56155209000189", "NOME_FANTASIA": "-", "RAZAO_SOCIAL": "56.155.209 GILSON ROSESTOLATA VERDEIRO JUNIOR", "RESPONSAVEL": "GILSONROSESTOLATAVERDEIROJUNIOR", "MUNICIPIO": "JUIZ DE FORA", "ENDEE": "RUA SEVERIANO SARMENTO, 227, LOJA DEPOSITO, ALTO DOS PASSOS, 36026-420, JUIZ DE FORA, MG, BRASIL", "BANCO": "SICOOB", "LINHA_AVAL_NOME": "Crédito emergencial", "STATUS_OPERACIONAL": "CARTEIRA", "STATUS": "CARTEIRA" }, "geometry": { "type": "Point", "coordinates": [ -43.3484642, -21.7773054 ] } },
{ "type": "Feature", "properties": { "NROCNPJ_PAD": "36609807000173", "NOME_FANTASIA": "BARBEARIA PF", "RAZAO_SOCIAL": "BARBEARIA PF LTDA", "RESPONSAVEL": "RAFAELANDREALVES", "MUNICIPIO": "JUIZ DE FORA", "ENDEE": "RUA PROFESSOR VILLAS BOUCADA, 872, SANTOS DUMONT, 36038-000, JUIZ DE FORA, MG, BRASIL", "BANCO": "SICOOB", "LINHA_AVAL_NOME": "Giro", "STATUS_OPERACIONAL": "CARTEIRA", "STATUS": "CARTEIRA" }, "geometry": { "type": "Point", "coordinates": [ -43.3894272, -21.7773875 ] } },
{ "type": "Feature", "properties": { "NROCNPJ_PAD": "43784179000128", "NOME_FANTASIA": "-", "RAZAO_SOCIAL": "CRECHE ESCOLA MUNDO LUDICO LTDA", "RESPONSAVEL": "JULIAPORTODEPAULAMATTA|LUCASKUSTERCOELHO", "MUNICIPIO": "JUIZ DE FORA", "ENDEE": "RUA RENATO DIAS, 39, BOM PASTOR, 36021-610, JUIZ DE FORA, MG, BRASIL", "BANCO": "SICOOB", "LINHA_AVAL_NOME": "Giro", "STATUS_OPERACIONAL": "CARTEIRA", "STATUS": "CARTEIRA" }, "geometry": { "type": "Point", "coordinates": [ -43.3446006, -21.7780223 ] } },
{ "type": "Feature", "properties": { "NROCNPJ_PAD": "29007497000151", "NOME_FANTASIA": "ADILSON BATATAS MIX", "RAZAO_SOCIAL": "29.007.497 ADILSON MARTINS DO CARMO", "RESPONSAVEL": "ADILSONMARTINSDOCARMO", "MUNICIPIO": "JUIZ DE FORA", "ENDEE": "RUA MAJOR LUIZ DE BARROS, 257, VILA IDEAL, 36020-570, JUIZ DE FORA, MG, BRASIL", "BANCO": "SICOOB", "LINHA_AVAL_NOME": "Crédito emergencial", "STATUS_OPERACIONAL": "CARTEIRA", "STATUS": "CARTEIRA" }, "geometry": { "type": "Point", "coordinates": [ -43.331375, -21.7795777 ] } },
{ "type": "Feature", "properties": { "NROCNPJ_PAD": "12405785000161", "NOME_FANTASIA": "CANAA SERRALHERIA ALUMINIO E VIDROS", "RAZAO_SOCIAL": "PAULO ROBERTO DAMIAO SERVICOS LTDA", "RESPONSAVEL": "PAULOROBERTODAMIAO", "MUNICIPIO": "JUIZ DE FORA", "ENDEE": "RUA OTAVIO FERNANDES COELHO, 9, SNLT, AEROPORTO, 36038-333, JUIZ DE FORA, MG, BRASIL", "BANCO": "SICOOB", "LINHA_AVAL_NOME": "Crédito emergencial", "STATUS_OPERACIONAL": "CARTEIRA", "STATUS": "CARTEIRA" }, "geometry": { "type": "Point", "coordinates": [ -43.3799177, -21.7834914 ] } },
{ "type": "Feature", "properties": { "NROCNPJ_PAD": "47380020000107", "NOME_FANTASIA": "-", "RAZAO_SOCIAL": "HARMONICA REFRIGERACAO LTDA", "RESPONSAVEL": "JULIANALIMABENINIRODRIGUES", "MUNICIPIO": "JUIZ DE FORA", "ENDEE": "RUA JOSE APPOLONIO DOS REIS, 249, LOJA LOJA, AEROPORTO, 36038-332, JUIZ DE FORA, MG, BRASIL", "BANCO": "SICOOB", "LINHA_AVAL_NOME": "Giro", "STATUS_OPERACIONAL": "CARTEIRA", "STATUS": "CARTEIRA" }, "geometry": { "type": "Point", "coordinates": [ -43.3799602, -21.7839253 ] } },
{ "type": "Feature", "properties": { "NROCNPJ_PAD": "54579694000192", "NOME_FANTASIA": "-", "RAZAO_SOCIAL": "FERNANDES E FERNANDES EMPREENDIMENTOS IMOBILIARIOS LTDA", "RESPONSAVEL": "MARCELOFERNANDESDESOUZA", "MUNICIPIO": "JUIZ DE FORA", "ENDEE": "RUA SAO FRANCISCO, 500, DISTRITO DE SARANDIRA, 36001-959, JUIZ DE FORA, MG, BRASIL", "BANCO": "SICOOB", "LINHA_AVAL_NOME": "Giro", "STATUS_OPERACIONAL": "CARTEIRA", "STATUS": "CARTEIRA" }, "geometry": { "type": "Point", "coordinates": [ -43.3436726, -21.7845706 ] } },
{ "type": "Feature", "properties": { "NROCNPJ_PAD": "33796288000101", "NOME_FANTASIA": "-", "RAZAO_SOCIAL": "DUARTE - SERVICOS MEDICOS LTDA", "RESPONSAVEL": "JOSE AUGUSTO DUARTE NETO", "MUNICIPIO": "JUIZ DE FORA", "ENDEE": "RUA OSCAVO GONZAGA PRATA, 320, 401, TEIXEIRAS, 36033-220, JUIZ DE FORA, MG, BRASIL", "BANCO": "BDMG", "LINHA_AVAL_NOME": "Crédito emergencial", "STATUS_OPERACIONAL": "CARTEIRA", "STATUS": "CARTEIRA" }, "geometry": { "type": "Point", "coordinates": [ -43.359305, -21.784875 ] } },
{ "type": "Feature", "properties": { "NROCNPJ_PAD": "35763122000114", "NOME_FANTASIA": "RG JEANS", "RAZAO_SOCIAL": "ADRIANA DE SOUZA TOMAZ 04010560665", "RESPONSAVEL": "ADRIANADESOUZATOMAZ", "MUNICIPIO": "JUIZ DE FORA", "ENDEE": "RUA PORTO DAS FLORES, 250, LOJA, SANTA LUZIA, 36030-250, JUIZ DE FORA, MG, BRASIL", "BANCO": "SICOOB", "LINHA_AVAL_NOME": "Giro", "STATUS_OPERACIONAL": "CARTEIRA", "STATUS": "CARTEIRA" }, "geometry": { "type": "Point", "coordinates": [ -43.3467567, -21.7853268 ] } },
{ "type": "Feature", "properties": { "NROCNPJ_PAD": "10592235000173", "NOME_FANTASIA": "-", "RAZAO_SOCIAL": "ATOS CONTROL AUTOMACAO E AR CONDICIONADO LTDA", "RESPONSAVEL": "-", "MUNICIPIO": "JUIZ DE FORA", "ENDEE": "RUA TORREOES, 66, SANTA LUZIA, 36030-040, JUIZ DE FORA, MG, BRASIL", "BANCO": "BRADESCO", "LINHA_AVAL_NOME": "Giro", "STATUS_OPERACIONAL": "CARTEIRA", "STATUS": "CARTEIRA" }, "geometry": { "type": "Point", "coordinates": [ -43.3445016, -21.7865913 ] } },
{ "type": "Feature", "properties": { "NROCNPJ_PAD": "41024826000178", "NOME_FANTASIA": "PEDRO IVO AZEVEDO PEREIRA", "RAZAO_SOCIAL": "PEDRO TUTINHOS BAR E RESTAURANTE", "RESPONSAVEL": "PEDROIVODEAZEVEDOPEREIRA", "MUNICIPIO": "JUIZ DE FORA", "ENDEE": "RUA JOSE NUNES LEAL, 251, SANTA LUZIA, 36030-230, JUIZ DE FORA, MG, BRASIL", "BANCO": "SICOOB", "LINHA_AVAL_NOME": "Giro", "STATUS_OPERACIONAL": "CARTEIRA", "STATUS": "CARTEIRA" }, "geometry": { "type": "Point", "coordinates": [ -43.3443492, -21.789529 ] } },
{ "type": "Feature", "properties": { "NROCNPJ_PAD": "58927323000105", "NOME_FANTASIA": "-", "RAZAO_SOCIAL": "JAB ARQUITETURA E ENGENHARIA LTDA", "RESPONSAVEL": "ALEXANDREJUSTINIANOALVESBARRETO|DEBORAHJUSTINIANOALVESBARRETO", "MUNICIPIO": "JUIZ DE FORA", "ENDEE": "RUA JOSE VIRGILIO DA SILVA, 12, APT 303, TEIXEIRAS, 36033-110, JUIZ DE FORA, MG, BRASIL", "BANCO": "SICOOB", "LINHA_AVAL_NOME": "Empreendedorismo Fem", "STATUS_OPERACIONAL": "CARTEIRA", "STATUS": "CARTEIRA" }, "geometry": { "type": "Point", "coordinates": [ -43.3614707, -21.7896519 ] } },
{ "type": "Feature", "properties": { "NROCNPJ_PAD": "35413062000100", "NOME_FANTASIA": "CLIMA FRIO", "RAZAO_SOCIAL": "CLIMA FRIO SERVICOS DE AR CONDICIONADO LTDA", "RESPONSAVEL": "FABRICIOANTONIOMARIANIDEAVELLAR|IMACULADACONCEICAOBRAZPINTO", "MUNICIPIO": "JUIZ DE FORA", "ENDEE": "RUA SANTA MARIA GORETTI, 190, TEIXEIRAS, 36033-450, JUIZ DE FORA, MG, BRASIL", "BANCO": "SICOOB", "LINHA_AVAL_NOME": "Giro", "STATUS_OPERACIONAL": "CARTEIRA", "STATUS": "CARTEIRA" }, "geometry": { "type": "Point", "coordinates": [ -43.3640752, -21.7907607 ] } },
{ "type": "Feature", "properties": { "NROCNPJ_PAD": "50378103000168", "NOME_FANTASIA": "-", "RAZAO_SOCIAL": "DONA CELESTE RESIDENCIAL SENIOR LTDA", "RESPONSAVEL": "LAURA MARIA VIEIRA DE MENDONCA RODRIGUES|PLINIO FRANCISCO GUIMARAES RODRIGUES", "MUNICIPIO": "JUIZ DE FORA", "ENDEE": "RUA OLIVIA MOREIRA, 751, IPIRANGA, 36032-590, JUIZ DE FORA, MG, BRASIL", "BANCO": "BDMG", "LINHA_AVAL_NOME": "Giro", "STATUS_OPERACIONAL": "CARTEIRA", "STATUS": "CARTEIRA" }, "geometry": { "type": "Point", "coordinates": [ -43.3572782, -21.7910662 ] } },
{ "type": "Feature", "properties": { "NROCNPJ_PAD": "31636007000128", "NOME_FANTASIA": "GH PREVENCAO E COMBATE A INCENDIO", "RAZAO_SOCIAL": "GH INSTALACOES LTDA", "RESPONSAVEL": "GUSTAVO HENRIQUE OLIVEIRA DA SILVA", "MUNICIPIO": "JUIZ DE FORA", "ENDEE": "RUA MARIA DA CONCEICAO ATALAIA, 1019, CASA 01, GRAMINHA, 36030-124, JUIZ DE FORA, MG, BRASIL", "BANCO": "BDMG", "LINHA_AVAL_NOME": "Giro", "STATUS_OPERACIONAL": "CARTEIRA", "STATUS": "CARTEIRA" }, "geometry": { "type": "Point", "coordinates": [ -43.336476, -21.793626 ] } },
{ "type": "Feature", "properties": { "NROCNPJ_PAD": "08574492000130", "NOME_FANTASIA": "IRUAM EQUIPAMENTOS", "RAZAO_SOCIAL": "ASJ INDUSTRIA METALURGICA LTDA", "RESPONSAVEL": "-", "MUNICIPIO": "JUIZ DE FORA", "ENDEE": "ESTRADA UNIAO INDUSTRIA, 3, AREA, MARMELOS, 36073-185, JUIZ DE FORA, MG, BRASIL", "BANCO": "BRADESCO", "LINHA_AVAL_NOME": "Empreendedorismo Fem", "STATUS_OPERACIONAL": "CARTEIRA", "STATUS": "CARTEIRA" }, "geometry": { "type": "Point", "coordinates": [ -43.3065255, -21.7950833 ] } },
{ "type": "Feature", "properties": { "NROCNPJ_PAD": "33056379000100", "NOME_FANTASIA": "-", "RAZAO_SOCIAL": "ROCHA EQUIPAMENTOS LTDA", "RESPONSAVEL": "DANIEL DAIBERT ROCHA|MOIZES DE OLIVEIRA ROCHA", "MUNICIPIO": "JUIZ DE FORA", "ENDEE": "RUA MARCIANO PINTO, 895, FUNDOS., SANTA EFIGENIA, 36032-010, JUIZ DE FORA, MG, BRASIL", "BANCO": "BDMG", "LINHA_AVAL_NOME": "Crédito emergencial", "STATUS_OPERACIONAL": "CARTEIRA", "STATUS": "CARTEIRA" }, "geometry": { "type": "Point", "coordinates": [ -43.3579724, -21.8068379 ] } },
{ "type": "Feature", "properties": { "NROCNPJ_PAD": "54424397000178", "NOME_FANTASIA": "MINAS RIO REFORMAS E CONSTRUCOES", "RAZAO_SOCIAL": "ROBINSON LUIZ DE SOUZA", "RESPONSAVEL": "ROBINSONLUIZDESOUZA", "MUNICIPIO": "JUIZ DE FORA", "ENDEE": "RUA YOLANDA BRAGAGNOLO (RES RENASCENCA), 351, CASA 201, SAO GERALDO, 36031-365, JUIZ DE FORA, MG, BRASIL", "BANCO": "SICOOB", "LINHA_AVAL_NOME": "Crédito emergencial", "STATUS_OPERACIONAL": "CARTEIRA", "STATUS": "CARTEIRA" }, "geometry": { "type": "Point", "coordinates": [ -43.3405531, -21.8093911 ] } },
{ "type": "Feature", "properties": { "NROCNPJ_PAD": "19802652000178", "NOME_FANTASIA": "-", "RAZAO_SOCIAL": "CONSTRUTORA DEOTTI IBRAHIM CDI LTDA", "RESPONSAVEL": "MARCIOANTONIODEOTTIIBRAHIM", "MUNICIPIO": "JUIZ DE FORA", "ENDEE": "RUA MARCY DEOTTI IBRAHIM (RESID. SANTA LOLA), 220, 104 BLOCO 02, SAGRADO CORACAO DE JESUS, 36032-031, JUIZ DE FORA, MG, BRASIL", "BANCO": "SICOOB", "LINHA_AVAL_NOME": "Crédito emergencial", "STATUS_OPERACIONAL": "CARTEIRA", "STATUS": "CARTEIRA" }, "geometry": { "type": "Point", "coordinates": [ -43.3619989, -21.8136495 ] } },
{ "type": "Feature", "properties": { "NROCNPJ_PAD": "43759328000107", "NOME_FANTASIA": "RESTAURANTE DIVINA MALOCA", "RAZAO_SOCIAL": "RESTAURANTE E LANCHONETE CABIGU LTDA", "RESPONSAVEL": "CARLOS JOSE MAIMERE BATISTA", "MUNICIPIO": "JUIZ DE FORA", "ENDEE": "ALAMEDA SALVATERRA, 100, SALAO 102, SALVATERRA, 36033-003, JUIZ DE FORA, MG, BRASIL", "BANCO": "BDMG", "LINHA_AVAL_NOME": "Crédito emergencial", "STATUS_OPERACIONAL": "CARTEIRA", "STATUS": "CARTEIRA" }, "geometry": { "type": "Point", "coordinates": [ -43.377269, -21.816942 ] } },
{ "type": "Feature", "properties": { "NROCNPJ_PAD": "27307212000172", "NOME_FANTASIA": "GREEN VILLAGE PET", "RAZAO_SOCIAL": "K D SALGADO", "RESPONSAVEL": "KARINA DIAS SALGADO", "MUNICIPIO": "JUIZ DE FORA", "ENDEE": "RUA JACOB LAWAL, 442, CASA 2, BORBOLETA, 36035-430, JUIZ DE FORA, MG, BRASIL", "BANCO": "SICREDI 2", "LINHA_AVAL_NOME": "Empreendedorismo Fem", "STATUS_OPERACIONAL": "CARTEIRA", "STATUS": "CARTEIRA" }, "geometry": { "type": "Point", "coordinates": [ -43.3742513, -21.7499187 ] } },
{ "type": "Feature", "properties": { "NROCNPJ_PAD": "23211175000143", "NOME_FANTASIA": "-", "RAZAO_SOCIAL": "LBA CERVEJARIA LTDA", "RESPONSAVEL": "ALEXANDRE CHANDRETTI VICENTE VAZ|JESSICA ANICETO DOS SANTOS", "MUNICIPIO": "JUIZ DE FORA", "ENDEE": "RUA JACOB LAWAL, 369, SALA, BORBOLETA, 36035-430, JUIZ DE FORA, MG, BRASIL", "BANCO": "BDMG", "LINHA_AVAL_NOME": "Crédito emergencial", "STATUS_OPERACIONAL": "CARTEIRA", "STATUS": "CARTEIRA" }, "geometry": { "type": "Point", "coordinates": [ -43.3735457, -21.7504492 ] } },
{ "type": "Feature", "properties": { "NROCNPJ_PAD": "30894310000168", "NOME_FANTASIA": "-", "RAZAO_SOCIAL": "MAURO LUCIO MAIA DA FONSECA 02167780770", "RESPONSAVEL": "MAUROLUCIOMAIADAFONSECA", "MUNICIPIO": "JUIZ DE FORA", "ENDEE": "RUA IZABEL EMILIANA MENDES, 70, CASA 02, SANTA LUZIA, 36030-340, JUIZ DE FORA, MG, BRASIL", "BANCO": "SICOOB", "LINHA_AVAL_NOME": "Giro", "STATUS_OPERACIONAL": "CARTEIRA", "STATUS": "CARTEIRA" }, "geometry": { "type": "Point", "coordinates": [ -43.3487909, -21.7912147 ] } },
{ "type": "Feature", "properties": { "NROCNPJ_PAD": "23976706000199", "NOME_FANTASIA": "UPA FARMA", "RAZAO_SOCIAL": "UPA FARMA DROGARIA LTDA", "RESPONSAVEL": "LUCIANA BORGES LIMA BARBOSA|MARCELA MATTOS ROSA|RODRIGO CAMPOS", "MUNICIPIO": "JUIZ DE FORA", "ENDEE": "RUA IBITIGUAIA, 975, GALPAO, SANTA LUZIA, 36031-000, JUIZ DE FORA, MG, BRASIL", "BANCO": "BDMG", "LINHA_AVAL_NOME": "Crédito emergencial", "STATUS_OPERACIONAL": "CARTEIRA", "STATUS": "CARTEIRA" }, "geometry": { "type": "Point", "coordinates": [ -43.3517133, -21.7883994 ] } },
{ "type": "Feature", "properties": { "NROCNPJ_PAD": "47310457000166", "NOME_FANTASIA": "DR. ESTHER VETERINARIA", "RAZAO_SOCIAL": "ESTHER BARBOSA DE CASTRO SA", "RESPONSAVEL": "ESTHER BARBOSA DE CASTRO SA", "MUNICIPIO": "JUIZ DE FORA", "ENDEE": "RUA IBITIGUAIA, 93, APT 202, SANTA LUZIA, 36030-000, JUIZ DE FORA, MG, BRASIL", "BANCO": "BDMG", "LINHA_AVAL_NOME": "Giro", "STATUS_OPERACIONAL": "CARTEIRA", "STATUS": "CARTEIRA" }, "geometry": { "type": "Point", "coordinates": [ -43.3446454, -21.7839461 ] } },
{ "type": "Feature", "properties": { "NROCNPJ_PAD": "10818788000100", "NOME_FANTASIA": "-", "RAZAO_SOCIAL": "RENATO FIORILO GOMES", "RESPONSAVEL": "RENATOFIORILOGOMES", "MUNICIPIO": "JUIZ DE FORA", "ENDEE": "RUA IBITIGUAIA, 317, LOJA, SANTA LUZIA, 36030-000, JUIZ DE FORA, MG, BRASIL", "BANCO": "SICOOB", "LINHA_AVAL_NOME": "Crédito emergencial", "STATUS_OPERACIONAL": "CARTEIRA", "STATUS": "CARTEIRA" }, "geometry": { "type": "Point", "coordinates": [ -43.3463439, -21.7850631 ] } },
{ "type": "Feature", "properties": { "NROCNPJ_PAD": "13702368000143", "NOME_FANTASIA": "ESMERO TECNOLOGIA", "RAZAO_SOCIAL": "ESMERO TECNOLOGIA LTDA", "RESPONSAVEL": "DANIEL FRANCO SOARES", "MUNICIPIO": "JUIZ DE FORA", "ENDEE": "RUA IBITIGUAIA, 1003, CASA 1, SANTA LUZIA, 36031-000, JUIZ DE FORA, MG, BRASIL", "BANCO": "BDMG", "LINHA_AVAL_NOME": "Crédito emergencial", "STATUS_OPERACIONAL": "CARTEIRA", "STATUS": "CARTEIRA" }, "geometry": { "type": "Point", "coordinates": [ -43.3518499, -21.7885544 ] } },
{ "type": "Feature", "properties": { "NROCNPJ_PAD": "32533456000103", "NOME_FANTASIA": "DM CONSTRUCOES", "RAZAO_SOCIAL": "DOMINGOS ALEXANDRO DE SOUZA 03250958689", "RESPONSAVEL": "DOMINGOSALEXANDRODESOUZA", "MUNICIPIO": "JUIZ DE FORA", "ENDEE": "RUA HUMBERTO BERZOINI, 141, A, SANTA LUZIA, 36031-060, JUIZ DE FORA, MG, BRASIL", "BANCO": "SICOOB", "LINHA_AVAL_NOME": "Giro", "STATUS_OPERACIONAL": "CARTEIRA", "STATUS": "CARTEIRA" }, "geometry": { "type": "Point", "coordinates": [ -43.3474457, -21.7871498 ] } },
{ "type": "Feature", "properties": { "NROCNPJ_PAD": "33961565000194", "NOME_FANTASIA": "-", "RAZAO_SOCIAL": "DECON ENGENHARIA & CONSTRUCOES LTDA", "RESPONSAVEL": "-", "MUNICIPIO": "JUIZ DE FORA", "ENDEE": "RUA HENRIQUE BURNIER, 41, APT 303, MARIANO PROCOPIO, 36080-150, JUIZ DE FORA, MG, BRASIL", "BANCO": "BRADESCO", "LINHA_AVAL_NOME": "GIRO", "STATUS_OPERACIONAL": "CARTEIRA", "STATUS": "CARTEIRA" }, "geometry": { "type": "Point", "coordinates": [ -43.3633108, -21.7459708 ] } },
{ "type": "Feature", "properties": { "NROCNPJ_PAD": "20895150000118", "NOME_FANTASIA": "STREET CAR", "RAZAO_SOCIAL": "STREET CAR - SOCIEDADE UNIPESSOAL LTDA.", "RESPONSAVEL": "VICTOR RUSSI FEDOCI", "MUNICIPIO": "JUIZ DE FORA", "ENDEE": "RUA HELIO TOMAZ, 42, LOJA 2, CERAMICA, 36080-320, JUIZ DE FORA, MG, BRASIL", "BANCO": "BDMG", "LINHA_AVAL_NOME": "Crédito emergencial", "STATUS_OPERACIONAL": "CARTEIRA", "STATUS": "CARTEIRA" }, "geometry": { "type": "Point", "coordinates": [ -43.3839693, -21.7386292 ] } },
{ "type": "Feature", "properties": { "NROCNPJ_PAD": "51938238000101", "NOME_FANTASIA": "OTORRINOCENTER JF", "RAZAO_SOCIAL": "RINO CENTER LTDA", "RESPONSAVEL": "ELIO BITTAR BARBOSA", "MUNICIPIO": "JUIZ DE FORA", "ENDEE": "RUA HALFELD, 807, SALA 1401, CENTRO, 36070-010, JUIZ DE FORA, MG, BRASIL", "BANCO": "BDMG", "LINHA_AVAL_NOME": "Crédito emergencial", "STATUS_OPERACIONAL": "CARTEIRA", "STATUS": "CARTEIRA" }, "geometry": { "type": "Point", "coordinates": [ -43.3490988, -21.7613834 ] } },
{ "type": "Feature", "properties": { "NROCNPJ_PAD": "52746097000180", "NOME_FANTASIA": "-", "RAZAO_SOCIAL": "DP ADESIVOS LTDA", "RESPONSAVEL": "DEIVIDGOMESVELLOSO", "MUNICIPIO": "JUIZ DE FORA", "ENDEE": "RUA GUILHERME DEBUSSY, 631, BORBOLETA, 36035-680, JUIZ DE FORA, MG, BRASIL", "BANCO": "SICOOB", "LINHA_AVAL_NOME": "Crédito emergencial", "STATUS_OPERACIONAL": "CARTEIRA", "STATUS": "CARTEIRA" }, "geometry": { "type": "Point", "coordinates": [ -43.3789059, -21.7609582 ] } },
{ "type": "Feature", "properties": { "NROCNPJ_PAD": "53738416000178", "NOME_FANTASIA": "-", "RAZAO_SOCIAL": "53.738.416 VIVIANE APARECIDA DE SOUZA CALLEGARO", "RESPONSAVEL": "VIVIANEAPARECIDADESOUZACALLEGARO", "MUNICIPIO": "JUIZ DE FORA", "ENDEE": "RUA GUACUI, 440, APT 101, SAO MATEUS, 36025-190, JUIZ DE FORA, MG, BRASIL", "BANCO": "SICOOB", "LINHA_AVAL_NOME": "Giro", "STATUS_OPERACIONAL": "CARTEIRA", "STATUS": "CARTEIRA" }, "geometry": { "type": "Point", "coordinates": [ -43.3556329, -21.7784608 ] } },
{ "type": "Feature", "properties": { "NROCNPJ_PAD": "42953265000154", "NOME_FANTASIA": "-", "RAZAO_SOCIAL": "PANIFICADORA PAO DE ACUCAR LTDA", "RESPONSAVEL": "JOAO PEDRO CARNEIRO BRITO", "MUNICIPIO": "JUIZ DE FORA", "ENDEE": "RUA GOIAS, 691, LOJA 3, SANTA CANDIDA, 36061-000, JUIZ DE FORA, MG, BRASIL", "BANCO": "BDMG", "LINHA_AVAL_NOME": "Crédito emergencial", "STATUS_OPERACIONAL": "CARTEIRA", "STATUS": "CARTEIRA" }, "geometry": { "type": "Point", "coordinates": [ -43.334557, -21.751234 ] } },
{ "type": "Feature", "properties": { "NROCNPJ_PAD": "43285137000142", "NOME_FANTASIA": "ANDRESSA RIBEIRO CAMPOS", "RAZAO_SOCIAL": "MARKETPLACE.AR LTDA", "RESPONSAVEL": "ANDRESSA RIBEIRO CAMPOS", "MUNICIPIO": "JUIZ DE FORA", "ENDEE": "RUA GILSON SILVEIRA, 150, SNLT150, SANTA CANDIDA, 36061-370, JUIZ DE FORA, MG, BRASIL", "BANCO": "BDMG", "LINHA_AVAL_NOME": "Crédito emergencial", "STATUS_OPERACIONAL": "CARTEIRA", "STATUS": "CARTEIRA" }, "geometry": { "type": "Point", "coordinates": [ -43.3377046, -21.7511541 ] } },
{ "type": "Feature", "properties": { "NROCNPJ_PAD": "40458772000196", "NOME_FANTASIA": "-", "RAZAO_SOCIAL": "SAVE MED COMERCIO HOSPITALAR LTDA", "RESPONSAVEL": "-", "MUNICIPIO": "JUIZ DE FORA", "ENDEE": "AVENIDA GETULIO VARGAS, 828, LOJA 605, CENTRO, 36013-011, JUIZ DE FORA, MG, BRASIL", "BANCO": "BRADESCO", "LINHA_AVAL_NOME": "Giro", "STATUS_OPERACIONAL": "CARTEIRA", "STATUS": "CARTEIRA" }, "geometry": { "type": "Point", "coordinates": [ -43.3490212, -21.7578733 ] } },
{ "type": "Feature", "properties": { "NROCNPJ_PAD": "29045990000166", "NOME_FANTASIA": "-", "RAZAO_SOCIAL": "CORE - CENTRO ORAL REABILITADOR LTDA", "RESPONSAVEL": "RAFAELPEREIRADEFREITAS", "MUNICIPIO": "JUIZ DE FORA", "ENDEE": "AVENIDA GETULIO VARGAS, 781, CENTRO, 36013-011, JUIZ DE FORA, MG, BRASIL", "BANCO": "SICOOB", "LINHA_AVAL_NOME": "Crédito emergencial", "STATUS_OPERACIONAL": "CARTEIRA", "STATUS": "CARTEIRA" }, "geometry": { "type": "Point", "coordinates": [ -43.3490073, -21.758409 ] } },
{ "type": "Feature", "properties": { "NROCNPJ_PAD": "30302257000169", "NOME_FANTASIA": "SOBRAL CLEAN", "RAZAO_SOCIAL": "J ALMEIDA SOBRAL LTDA", "RESPONSAVEL": "JOSENILDOALMEIDASOBRAL", "MUNICIPIO": "JUIZ DE FORA", "ENDEE": "RUA GELSON MARCIANO DA SILVA, 73, LOTE 73 QUADRAF, FONTESVILLE, 36083-784, JUIZ DE FORA, MG, BRASIL", "BANCO": "SICOOB", "LINHA_AVAL_NOME": "Giro", "STATUS_OPERACIONAL": "CARTEIRA", "STATUS": "CARTEIRA" }, "geometry": { "type": "Point", "coordinates": [ -43.406431, -21.7375536 ] } },
{ "type": "Feature", "properties": { "NROCNPJ_PAD": "05491199000111", "NOME_FANTASIA": "GC TECNOLOGIA", "RAZAO_SOCIAL": "GC TECNOLOGIA E AUTOMACAO LTDA", "RESPONSAVEL": "DAVIDSON GERCY DE OLIVEIRA CAMPOS|DENILSON DE OLIVEIRA CAMPOS", "MUNICIPIO": "JUIZ DE FORA", "ENDEE": "RUA FREDERICO LAGE, 70, MARIANO PROCOPIO, 36080-110, JUIZ DE FORA, MG, BRASIL", "BANCO": "BDMG", "LINHA_AVAL_NOME": "Giro", "STATUS_OPERACIONAL": "CARTEIRA", "STATUS": "CARTEIRA" }, "geometry": { "type": "Point", "coordinates": [ -43.3649336, -21.7453084 ] } },
{ "type": "Feature", "properties": { "NROCNPJ_PAD": "22899988000105", "NOME_FANTASIA": "RESTAURANTE DONA ALICE", "RAZAO_SOCIAL": "RESTAURANTE DONA ALICE LTDA", "RESPONSAVEL": "ANDRESSASILVADEALMEIDA|ANTONIOALMEIDADEOLIVEIRASANTOS", "MUNICIPIO": "JUIZ DE FORA", "ENDEE": "AVENIDA FRANCISCO VALADARES, 290, POCO RICO, 36020-420, JUIZ DE FORA, MG, BRASIL", "BANCO": "SICOOB", "LINHA_AVAL_NOME": "Crédito emergencial", "STATUS_OPERACIONAL": "CARTEIRA", "STATUS": "CARTEIRA" }, "geometry": { "type": "Point", "coordinates": [ -43.3344189, -21.7697792 ] } },
{ "type": "Feature", "properties": { "NROCNPJ_PAD": "36363062000105", "NOME_FANTASIA": "L G MIX DISTRIBUICAO", "RAZAO_SOCIAL": "LG MIX DISTRIBUICAO LTDA", "RESPONSAVEL": "LUIZ GUILHERME FERREIRA PACHECO", "MUNICIPIO": "JUIZ DE FORA", "ENDEE": "AVENIDA FRANCISCO VALADARES, 24, GALPAO114, VILA IDEAL, 36020-485, JUIZ DE FORA, MG, BRASIL", "BANCO": "BDMG", "LINHA_AVAL_NOME": "Crédito emergencial", "STATUS_OPERACIONAL": "CARTEIRA", "STATUS": "CARTEIRA" }, "geometry": { "type": "Point", "coordinates": [ -43.3234555, -21.7782202 ] } },
{ "type": "Feature", "properties": { "NROCNPJ_PAD": "40667213000196", "NOME_FANTASIA": "-", "RAZAO_SOCIAL": "NATALIA DE SOUZA ABREU 10725439661", "RESPONSAVEL": "NATALIADESOUZAABREU", "MUNICIPIO": "JUIZ DE FORA", "ENDEE": "RUA FRANCISCO RODRIGUES SILVA, 710, CASA 02, SANTO ANTONIO, 36071-460, JUIZ DE FORA, MG, BRASIL", "BANCO": "SICOOB", "LINHA_AVAL_NOME": "Giro", "STATUS_OPERACIONAL": "CARTEIRA", "STATUS": "CARTEIRA" }, "geometry": { "type": "Point", "coordinates": [ -43.3099597, -21.7761592 ] } },
{ "type": "Feature", "properties": { "NROCNPJ_PAD": "18920361000111", "NOME_FANTASIA": "JM AUTO MECANICA", "RAZAO_SOCIAL": "MAYARA APARECIDA PERONI 09130396670", "RESPONSAVEL": "MAYARA APARECIDA PERONI FARIA", "MUNICIPIO": "JUIZ DE FORA", "ENDEE": "RUA FRANCISCO MAIA, 50, CENTRO, 36013-110, JUIZ DE FORA, MG, BRASIL", "BANCO": "BDMG", "LINHA_AVAL_NOME": "Giro", "STATUS_OPERACIONAL": "CARTEIRA", "STATUS": "CARTEIRA" }, "geometry": { "type": "Point", "coordinates": [ -43.3488382, -21.7559755 ] } },
{ "type": "Feature", "properties": { "NROCNPJ_PAD": "39590464000130", "NOME_FANTASIA": "LAVA JATO DO DADA", "RAZAO_SOCIAL": "ESTEFANY TEREZINHA BERNARDO DE SOUZA", "RESPONSAVEL": "ESTEFANYTEREZINHABERNARDODESOUZA", "MUNICIPIO": "JUIZ DE FORA", "ENDEE": "RUA BATISTA DE OLIVEIRA, 26, CENTRO, 36010-532, JUIZ DE FORA, MG, BRASIL", "BANCO": "SICOOB", "LINHA_AVAL_NOME": "Empreendedorismo Fem", "STATUS_OPERACIONAL": "CARTEIRA", "STATUS": "CARTEIRA" }, "geometry": { "type": "Point", "coordinates": [ -43.3481766, -21.7562124 ] } },
{ "type": "Feature", "properties": { "NROCNPJ_PAD": "14649739000133", "NOME_FANTASIA": "EINOX COMERCIO", "RAZAO_SOCIAL": "EDUARDO MOURA DE OLIVEIRA LTDA", "RESPONSAVEL": "EDUARDOMOURADEOLIVEIRA", "MUNICIPIO": "JUIZ DE FORA", "ENDEE": "RUA FRANCISCO FAEYER SOBRINHO, 580, GALPAO., SANTOS DUMONT, 36038-265, JUIZ DE FORA, MG, BRASIL", "BANCO": "SICOOB", "LINHA_AVAL_NOME": "Giro", "STATUS_OPERACIONAL": "CARTEIRA", "STATUS": "CARTEIRA" }, "geometry": { "type": "Point", "coordinates": [ -43.3818561, -21.7817089 ] } },
{ "type": "Feature", "properties": { "NROCNPJ_PAD": "57424381000153", "NOME_FANTASIA": "ELETRO HZ", "RAZAO_SOCIAL": "CACILHAS & ALMEIDA SERVICOS LTDA", "RESPONSAVEL": "JOSEADILSONDEALMEIDA", "MUNICIPIO": "JUIZ DE FORA", "ENDEE": "RUA FONSECA HERMES, 57, CENTRO, 36013-090, JUIZ DE FORA, MG, BRASIL", "BANCO": "SICOOB", "LINHA_AVAL_NOME": "Giro", "STATUS_OPERACIONAL": "CARTEIRA", "STATUS": "CARTEIRA" }, "geometry": { "type": "Point", "coordinates": [ -43.3459529, -21.7584703 ] } },
{ "type": "Feature", "properties": { "NROCNPJ_PAD": "47104926000190", "NOME_FANTASIA": "-", "RAZAO_SOCIAL": "AC COMERCIO LTDA", "RESPONSAVEL": "ADILSON DIAS|CARLOS ALBERTO DIAS", "MUNICIPIO": "JUIZ DE FORA", "ENDEE": "RUA FLORIANO PEIXOTO, 345, LOJA, CENTRO, 36013-080, JUIZ DE FORA, MG, BRASIL", "BANCO": "BDMG", "LINHA_AVAL_NOME": "Crédito emergencial", "STATUS_OPERACIONAL": "CARTEIRA", "STATUS": "CARTEIRA" }, "geometry": { "type": "Point", "coordinates": [ -43.3490401, -21.7588522 ] } },
{ "type": "Feature", "properties": { "NROCNPJ_PAD": "19825001000101", "NOME_FANTASIA": "DECORACOES MARIA MARIA", "RAZAO_SOCIAL": "MARIA HELENA PEREIRA 37984772649", "RESPONSAVEL": "MARIAHELENAPEREIRA", "MUNICIPIO": "JUIZ DE FORA", "ENDEE": "RUA FELICIO ANJO BALDI, 28, CASA 1, MARUMBI, 36051-117, JUIZ DE FORA, MG, BRASIL", "BANCO": "SICOOB", "LINHA_AVAL_NOME": "Empreendedorismo Fem", "STATUS_OPERACIONAL": "CARTEIRA", "STATUS": "CARTEIRA" }, "geometry": { "type": "Point", "coordinates": [ -43.3395809, -21.7318317 ] } },
{ "type": "Feature", "properties": { "NROCNPJ_PAD": "09544027000110", "NOME_FANTASIA": "VIDRO SHOW", "RAZAO_SOCIAL": "SET JATO VIDRACARIA DECORATIVA LTDA", "RESPONSAVEL": "CRISTIANE DE OLIVEIRA REZENDE|SAMUEL ELIAS TIANGO", "MUNICIPIO": "JUIZ DE FORA", "ENDEE": "RUA FAUSTO MACHADO, 409, SAO SEBASTIAO, 36061-470, JUIZ DE FORA, MG, BRASIL", "BANCO": "BDMG", "LINHA_AVAL_NOME": "Crédito emergencial", "STATUS_OPERACIONAL": "CARTEIRA", "STATUS": "CARTEIRA" }, "geometry": { "type": "Point", "coordinates": [ -43.3348702, -21.7530835 ] } },
{ "type": "Feature", "properties": { "NROCNPJ_PAD": "46322163000191", "NOME_FANTASIA": "O BARATEIRO", "RAZAO_SOCIAL": "B S TORRES MATERIAL DE CONSTRUCAO LTDA", "RESPONSAVEL": "BRIGIDADASILVATORRES", "MUNICIPIO": "JUIZ DE FORA", "ENDEE": "AVENIDA EUGENIO DO NASCIMENTO, 539, LOJA, AEROPORTO, 36038-330, JUIZ DE FORA, MG, BRASIL", "BANCO": "SICOOB", "LINHA_AVAL_NOME": "Crédito emergencial", "STATUS_OPERACIONAL": "CARTEIRA", "STATUS": "CARTEIRA" }, "geometry": { "type": "Point", "coordinates": [ -43.3791588, -21.7886476 ] } },
{ "type": "Feature", "properties": { "NROCNPJ_PAD": "64681682000128", "NOME_FANTASIA": "-", "RAZAO_SOCIAL": "ACHADOS DA IEIE LTDA", "RESPONSAVEL": "HELLEN LAENDER DE OLIVEIRA", "MUNICIPIO": "JUIZ DE FORA", "ENDEE": "RUA ESPIRITO SANTO, 1169, LOJA LOJA, CENTRO, 36016-200, JUIZ DE FORA, MG, BRASIL", "BANCO": "SICREDI 2", "LINHA_AVAL_NOME": "Empreendedorismo Fem", "STATUS_OPERACIONAL": "CARTEIRA", "STATUS": "CARTEIRA" }, "geometry": { "type": "Point", "coordinates": [ -43.3494949, -21.7643707 ] } },
{ "type": "Feature", "properties": { "NROCNPJ_PAD": "52485354000177", "NOME_FANTASIA": "SOFTLIVRE", "RAZAO_SOCIAL": "SOFTLIVRE CONSULTORIA E TREINAMENTO LTDA", "RESPONSAVEL": "HENRIQUE SOARES BARBOSA", "MUNICIPIO": "JUIZ DE FORA", "ENDEE": "AVENIDA ENGENHEIRO VALDIR PEDRO MONACHESI, 1400, T4- 1812, AEROPORTO, 36038-230, JUIZ DE FORA, MG, BRASIL", "BANCO": "BDMG", "LINHA_AVAL_NOME": "Crédito emergencial", "STATUS_OPERACIONAL": "CARTEIRA", "STATUS": "CARTEIRA" }, "geometry": { "type": "Point", "coordinates": [ -43.3811303, -21.7835953 ] } },
{ "type": "Feature", "properties": { "NROCNPJ_PAD": "33359984000150", "NOME_FANTASIA": "TABACARIA E COMERCIOS", "RAZAO_SOCIAL": "WALLACE LUCIANO DOS SANTOS 01415104638", "RESPONSAVEL": "WALLACELUCIANODOSSANTOS", "MUNICIPIO": "JUIZ DE FORA", "ENDEE": "RUA ENGENHEIRO PAULO CORREA E CASTRO, 239, CASA, LINHARES, 36060-580, JUIZ DE FORA, MG, BRASIL", "BANCO": "SICOOB", "LINHA_AVAL_NOME": "Crédito emergencial", "STATUS_OPERACIONAL": "CARTEIRA", "STATUS": "CARTEIRA" }, "geometry": { "type": "Point", "coordinates": [ -43.325148, -21.7359616 ] } },
{ "type": "Feature", "properties": { "NROCNPJ_PAD": "65191405000108", "NOME_FANTASIA": "-", "RAZAO_SOCIAL": "CANARIO & ROMAN LTDA", "RESPONSAVEL": "PRICILAMARCIADASILVACOSTA|TIAGOROMAN", "MUNICIPIO": "JUIZ DE FORA", "ENDEE": "AVENIDA DOUTOR SIMEAO DE FARIA, 2525, CEASA BOX 16. 41 E 42, SANTA CRUZ, 36088-000, JUIZ DE FORA, MG, BRASIL", "BANCO": "SICOOB", "LINHA_AVAL_NOME": "Empreendedorismo Fem", "STATUS_OPERACIONAL": "CARTEIRA", "STATUS": "CARTEIRA" }, "geometry": { "type": "Point", "coordinates": [ -43.4422111, -21.7162227 ] } },
{ "type": "Feature", "properties": { "NROCNPJ_PAD": "21524639000146", "NOME_FANTASIA": "-", "RAZAO_SOCIAL": "KRIPTON GESTAO E NEGOCIO LTDA", "RESPONSAVEL": "ROGER DE OLIVEIRA RIOS", "MUNICIPIO": "JUIZ DE FORA", "ENDEE": "RUA DOUTOR SAULO VILLELA, 255, BARAO DO RETIRO, 36072-660, JUIZ DE FORA, MG, BRASIL", "BANCO": "BDMG", "LINHA_AVAL_NOME": "Crédito emergencial", "STATUS_OPERACIONAL": "CARTEIRA", "STATUS": "CARTEIRA" }, "geometry": { "type": "Point", "coordinates": [ -43.2978318, -21.7840403 ] } },
{ "type": "Feature", "properties": { "NROCNPJ_PAD": "41956834000152", "NOME_FANTASIA": "EUREKA CONSULTORIA", "RAZAO_SOCIAL": "EUREKA CONSULTORIA LTDA", "RESPONSAVEL": "ERIKA DE OLIVEIRA E SILVA", "MUNICIPIO": "JUIZ DE FORA", "ENDEE": "ALAMEDA DOUTOR ROBERTO REPETO, 470, FLORESTA, 36072-140, JUIZ DE FORA, MG, BRASIL", "BANCO": "BDMG", "LINHA_AVAL_NOME": "Crédito emergencial", "STATUS_OPERACIONAL": "CARTEIRA", "STATUS": "CARTEIRA" }, "geometry": { "type": "Point", "coordinates": [ -43.2822669, -21.7576886 ] } },
{ "type": "Feature", "properties": { "NROCNPJ_PAD": "22312586000162", "NOME_FANTASIA": "EVANGELISTA SERVICOS E MONTAGEM", "RAZAO_SOCIAL": "JF LOCACOES DE EQUIPAMENTOS E MONTAGENS LTDA", "RESPONSAVEL": "ANTHONNYVIEIRAEVANGELISTA|ANTONIOCARLOSEVANGELISTA", "MUNICIPIO": "JUIZ DE FORA", "ENDEE": "RUA DOUTOR MILTON LADEIRA, 95, MILHO BRANCO, 36083-020, JUIZ DE FORA, MG, BRASIL", "BANCO": "SICOOB", "LINHA_AVAL_NOME": "Giro", "STATUS_OPERACIONAL": "CARTEIRA", "STATUS": "CARTEIRA" }, "geometry": { "type": "Point", "coordinates": [ -43.4027334, -21.7446361 ] } },
{ "type": "Feature", "properties": { "NROCNPJ_PAD": "05415994000120", "NOME_FANTASIA": "-", "RAZAO_SOCIAL": "DROGARIA SILVA MATOS LTDA", "RESPONSAVEL": "GUSTAVO MOTA FERREIRA|PAULO ROBERTO FERREIRA", "MUNICIPIO": "JUIZ DE FORA", "ENDEE": "PRACA DOUTOR JOAO PENIDO, 62, CENTRO, 36010-130, JUIZ DE FORA, MG, BRASIL", "BANCO": "BDMG", "LINHA_AVAL_NOME": "Crédito emergencial", "STATUS_OPERACIONAL": "CARTEIRA", "STATUS": "CARTEIRA" }, "geometry": { "type": "Point", "coordinates": [ -43.3438147, -21.759798 ] } },
{ "type": "Feature", "properties": { "NROCNPJ_PAD": "52934715000115", "NOME_FANTASIA": "-", "RAZAO_SOCIAL": "DROGARIA BR LTDA", "RESPONSAVEL": "GUILHERMEFAGUNDESRODRIGUES", "MUNICIPIO": "JUIZ DE FORA", "ENDEE": "AVENIDA DOUTOR FRANCISCO ALVARES DE ASSIS, 3000, KM 87, BARAO DO RETIRO, 36073-130, JUIZ DE FORA, MG, BRASIL", "BANCO": "SICOOB", "LINHA_AVAL_NOME": "Giro", "STATUS_OPERACIONAL": "CARTEIRA", "STATUS": "CARTEIRA" }, "geometry": { "type": "Point", "coordinates": [ -43.2975378, -21.7791692 ] } },
{ "type": "Feature", "properties": { "NROCNPJ_PAD": "24032978000101", "NOME_FANTASIA": "-", "RAZAO_SOCIAL": "NIVEL IND E COM DE TINTAS LTDA", "RESPONSAVEL": "-", "MUNICIPIO": "JUIZ DE FORA", "ENDEE": "RUA DOUTOR EDGARD CARLOS PEREIRA, 16, SANTA TERESA, 36020-200, JUIZ DE FORA, MG, BRASIL", "BANCO": "BRADESCO", "LINHA_AVAL_NOME": "Giro", "STATUS_OPERACIONAL": "CARTEIRA", "STATUS": "CARTEIRA" }, "geometry": { "type": "Point", "coordinates": [ -43.3342452, -21.7676936 ] } },
{ "type": "Feature", "properties": { "NROCNPJ_PAD": "46889534000111", "NOME_FANTASIA": "GRAMATURA PAPELARIA E PRESENTES", "RAZAO_SOCIAL": "GRAMATURA PAPELARIA E PRESENTES LTDA", "RESPONSAVEL": "THALLESRICARDOSANTOSDASILVA", "MUNICIPIO": "JUIZ DE FORA", "ENDEE": "RUA DOS CRISTAIS, 70, MARILANDIA, 36039-370, JUIZ DE FORA, MG, BRASIL", "BANCO": "SICOOB", "LINHA_AVAL_NOME": "Crédito emergencial", "STATUS_OPERACIONAL": "CARTEIRA", "STATUS": "CARTEIRA" }, "geometry": { "type": "Point", "coordinates": [ -43.3909992, -21.7858343 ] } },
{ "type": "Feature", "properties": { "NROCNPJ_PAD": "19822837000144", "NOME_FANTASIA": "ABRIU KEY", "RAZAO_SOCIAL": "ABRIU KEY IMPORTACAO E EXPORTACAO LTDA", "RESPONSAVEL": "JULIANA CUNHA SILVA GUIMARAES", "MUNICIPIO": "JUIZ DE FORA", "ENDEE": "AVENIDA DOS ANDRADAS, 882, LOJA, MORRO DA GLORIA, 36035-120, JUIZ DE FORA, MG, BRASIL", "BANCO": "BDMG", "LINHA_AVAL_NOME": "Crédito emergencial", "STATUS_OPERACIONAL": "CARTEIRA", "STATUS": "CARTEIRA" }, "geometry": { "type": "Point", "coordinates": [ -43.3556934, -21.7490736 ] } },
{ "type": "Feature", "properties": { "NROCNPJ_PAD": "24429676000163", "NOME_FANTASIA": "-", "RAZAO_SOCIAL": "PADARIA TRIGOS DA GLORIA LTDA", "RESPONSAVEL": "ARTHUR CLEMENTE LEITE", "MUNICIPIO": "JUIZ DE FORA", "ENDEE": "AVENIDA DOS ANDRADAS, 550, LJ 1 ANT FABRIC LJ COMERCIAL 2, CENTRO, 36036-000, JUIZ DE FORA, MG, BRASIL", "BANCO": "BDMG", "LINHA_AVAL_NOME": "Crédito emergencial", "STATUS_OPERACIONAL": "CARTEIRA", "STATUS": "CARTEIRA" }, "geometry": { "type": "Point", "coordinates": [ -43.3537126, -21.7515115 ] } },
{ "type": "Feature", "properties": { "NROCNPJ_PAD": "60126897000126", "NOME_FANTASIA": "TANTRA STUDIO", "RAZAO_SOCIAL": "TANTRA STUDIO LTDA", "RESPONSAVEL": "ANGELICAALAIRALVESNOGUEIRAECASTRO|TAMIRESTAVARESPENA", "MUNICIPIO": "JUIZ DE FORA", "ENDEE": "AVENIDA DOS ANDRADAS, 547, SALA 807 8 PAV, CENTRO, 36036-000, JUIZ DE FORA, MG, BRASIL", "BANCO": "SICOOB", "LINHA_AVAL_NOME": "Crédito emergencial", "STATUS_OPERACIONAL": "CARTEIRA", "STATUS": "CARTEIRA" }, "geometry": { "type": "Point", "coordinates": [ -43.3538857, -21.7517967 ] } },
{ "type": "Feature", "properties": { "NROCNPJ_PAD": "12657497000102", "NOME_FANTASIA": "ESCOLA PLENARIUS JUIZ DE FORA", "RAZAO_SOCIAL": "PLENARIUS JF REDE DE ENSINO LTDA", "RESPONSAVEL": "ADRIANA BOTELHO NETO|GUILHERME MATIAS CAMILO|ROBERTO RODRIGUES CUNHA|THAIS OLIVEIRA FERNANDES", "MUNICIPIO": "JUIZ DE FORA", "ENDEE": "AVENIDA DOS ANDRADAS, 547, SALA 501-5PAV, CENTRO, 36036-000, JUIZ DE FORA, MG, BRASIL", "BANCO": "BDMG", "LINHA_AVAL_NOME": "Crédito emergencial", "STATUS_OPERACIONAL": "CARTEIRA", "STATUS": "CARTEIRA" }, "geometry": { "type": "Point", "coordinates": [ -43.3538857, -21.7517967 ] } },
{ "type": "Feature", "properties": { "NROCNPJ_PAD": "30013472000140", "NOME_FANTASIA": "BATATA D MOLA", "RAZAO_SOCIAL": "BATATA D MOLA LTDA", "RESPONSAVEL": "ANDRE ROBERTO CASSANI DA SILVA", "MUNICIPIO": "JUIZ DE FORA", "ENDEE": "AVENIDA DOS ANDRADAS, 183, CENTRO, 36036-000, JUIZ DE FORA, MG, BRASIL", "BANCO": "BDMG", "LINHA_AVAL_NOME": "Crédito emergencial", "STATUS_OPERACIONAL": "CARTEIRA", "STATUS": "CARTEIRA" }, "geometry": { "type": "Point", "coordinates": [ -43.3520493, -21.7544496 ] } },
{ "type": "Feature", "properties": { "NROCNPJ_PAD": "32046733000153", "NOME_FANTASIA": "-", "RAZAO_SOCIAL": "R2M4 GRAFICA LTDA", "RESPONSAVEL": "FABIANA MENDES NEPOMUCENO", "MUNICIPIO": "JUIZ DE FORA", "ENDEE": "AVENIDA DOS ANDRADAS, 1214, LOJA LOJA, MORRO DA GLORIA, 36035-120, JUIZ DE FORA, MG, BRASIL", "BANCO": "BDMG", "LINHA_AVAL_NOME": "Crédito emergencial", "STATUS_OPERACIONAL": "CARTEIRA", "STATUS": "CARTEIRA" }, "geometry": { "type": "Point", "coordinates": [ -43.3586414, -21.7482319 ] } },
{ "type": "Feature", "properties": { "NROCNPJ_PAD": "37350955000189", "NOME_FANTASIA": "AWAKE", "RAZAO_SOCIAL": "AWAKE INFOPRODUTORA LTDA", "RESPONSAVEL": "AUGUSTOCESARDASILVACONCEICAO", "MUNICIPIO": "JUIZ DE FORA", "ENDEE": "RUA DORMEVILLY NOBREGA (COLINA DAS FONTES), 90, FRANCISCO BERNARDINO, 36084-100, JUIZ DE FORA, MG, BRASIL", "BANCO": "SICOOB", "LINHA_AVAL_NOME": "Giro", "STATUS_OPERACIONAL": "CARTEIRA", "STATUS": "CARTEIRA" }, "geometry": { "type": "Point", "coordinates": [ -43.4072572, -21.735756 ] } },
{ "type": "Feature", "properties": { "NROCNPJ_PAD": "15459740000168", "NOME_FANTASIA": "TRM TURISMO E FRETAMENTO", "RAZAO_SOCIAL": "TRM TURISMO E FRETAMENTO LTDA", "RESPONSAVEL": "JOSUEMEDEIROSFERNANDES|TEREZINHADEJESUSMEDEIROSFERNANDES", "MUNICIPIO": "JUIZ DE FORA", "ENDEE": "RUA DOMINGOS DALAMURA, 290, SNLT415Q12, SANTO ANTONIO, 36071-330, JUIZ DE FORA, MG, BRASIL", "BANCO": "SICOOB", "LINHA_AVAL_NOME": "Crédito emergencial", "STATUS_OPERACIONAL": "CARTEIRA", "STATUS": "CARTEIRA" }, "geometry": { "type": "Point", "coordinates": [ -43.3153646, -21.7734351 ] } },
{ "type": "Feature", "properties": { "NROCNPJ_PAD": "11953470000196", "NOME_FANTASIA": "-", "RAZAO_SOCIAL": "BARRA PET LTDA", "RESPONSAVEL": "JOSEFIRMINODESOUZANETO", "MUNICIPIO": "JUIZ DE FORA", "ENDEE": "RUA DOM SILVERIO, 215, PASSOS, 36026-450, JUIZ DE FORA, MG, BRASIL", "BANCO": "SICOOB", "LINHA_AVAL_NOME": "Crédito emergencial", "STATUS_OPERACIONAL": "CARTEIRA", "STATUS": "CARTEIRA" }, "geometry": { "type": "Point", "coordinates": [ -43.3463918, -21.7793066 ] } },
{ "type": "Feature", "properties": { "NROCNPJ_PAD": "03741284000165", "NOME_FANTASIA": "DROGARIA GRAMA", "RAZAO_SOCIAL": "DROGARIA POPULAR GRAMA LTDA", "RESPONSAVEL": "NAYARAGUIMARAES", "MUNICIPIO": "JUIZ DE FORA", "ENDEE": "RUA DIOMAR MONTEIRO, 88, 90, GRAMA, 36048-310, JUIZ DE FORA, MG, BRASIL", "BANCO": "SICOOB", "LINHA_AVAL_NOME": "Crédito emergencial", "STATUS_OPERACIONAL": "CARTEIRA", "STATUS": "CARTEIRA" }, "geometry": { "type": "Point", "coordinates": [ -43.3489734, -21.6908062 ] } },
{ "type": "Feature", "properties": { "NROCNPJ_PAD": "28324352000111", "NOME_FANTASIA": "EMPORIO DA FRANCISCA", "RAZAO_SOCIAL": "VINICIUS LOPES DE ALMEIDA LTDA", "RESPONSAVEL": "VINICIUSLOPESDEALMEIDA", "MUNICIPIO": "JUIZ DE FORA", "ENDEE": "RUA DILSON XAVIER RIBEIRO, 45, LOJA, SAO DAMIAO, 36088-520, JUIZ DE FORA, MG, BRASIL", "BANCO": "SICOOB", "LINHA_AVAL_NOME": "Crédito emergencial", "STATUS_OPERACIONAL": "CARTEIRA", "STATUS": "CARTEIRA" }, "geometry": { "type": "Point", "coordinates": [ -43.445878, -21.7030829 ] } },
{ "type": "Feature", "properties": { "NROCNPJ_PAD": "19177927000120", "NOME_FANTASIA": "PRIME VEICULOS", "RAZAO_SOCIAL": "FJB COMERCIO E ALUGUEL DE VEICULOS LTDA", "RESPONSAVEL": "BRUNOFERREIRAFURTADO", "MUNICIPIO": "JUIZ DE FORA", "ENDEE": "AVENIDA DEUSDEDITH SALGADO, 3600, GALPAO., TEIXEIRAS, 36033-000, JUIZ DE FORA, MG, BRASIL", "BANCO": "SICOOB", "LINHA_AVAL_NOME": "Crédito emergencial", "STATUS_OPERACIONAL": "CARTEIRA", "STATUS": "CARTEIRA" }, "geometry": { "type": "Point", "coordinates": [ -43.3655544, -21.7883251 ] } },
{ "type": "Feature", "properties": { "NROCNPJ_PAD": "45177412000130", "NOME_FANTASIA": "-", "RAZAO_SOCIAL": "FLORESTAL SAO BENTO LTDA", "RESPONSAVEL": "-", "MUNICIPIO": "JUIZ DE FORA", "ENDEE": "RUA DELFIM MOREIRA, 33, APT 502, CENTRO, 36010-570, JUIZ DE FORA, MG, BRASIL", "BANCO": "BRADESCO", "LINHA_AVAL_NOME": "GIRO", "STATUS_OPERACIONAL": "CARTEIRA", "STATUS": "CARTEIRA" }, "geometry": { "type": "Point", "coordinates": [ -43.3471859, -21.769053 ] } },
{ "type": "Feature", "properties": { "NROCNPJ_PAD": "60952253000197", "NOME_FANTASIA": "-", "RAZAO_SOCIAL": "VITRUS PERFORMANCE COM SAUDE LTDA", "RESPONSAVEL": "VINICIUS ALVES DA SILVA", "MUNICIPIO": "JUIZ DE FORA", "ENDEE": "RUA DELFIM MOREIRA, 172, APT 105, CENTRO, 36010-570, JUIZ DE FORA, MG, BRASIL", "BANCO": "BDMG", "LINHA_AVAL_NOME": "Crédito emergencial", "STATUS_OPERACIONAL": "CARTEIRA", "STATUS": "CARTEIRA" }, "geometry": { "type": "Point", "coordinates": [ -43.3458238, -21.7691072 ] } },
{ "type": "Feature", "properties": { "NROCNPJ_PAD": "58288661000144", "NOME_FANTASIA": "M V LOCADORA DE VEICULOS", "RAZAO_SOCIAL": "M V LOCADORA DE VEICULOS LTDA", "RESPONSAVEL": "MELISSA TIMOTEO CUSTODIO", "MUNICIPIO": "JUIZ DE FORA", "ENDEE": "RUA DAS PLATINAS, 300, 402 TR II, MARILANDIA, 36039-410, JUIZ DE FORA, MG, BRASIL", "BANCO": "SICREDI 2", "LINHA_AVAL_NOME": "Empreendedorismo Fem", "STATUS_OPERACIONAL": "CARTEIRA", "STATUS": "CARTEIRA" }, "geometry": { "type": "Point", "coordinates": [ -43.3889565, -21.7881204 ] } },
{ "type": "Feature", "properties": { "NROCNPJ_PAD": "35207213000173", "NOME_FANTASIA": "NOVOS VENTOS CONSTRUCOES", "RAZAO_SOCIAL": "NOVOS VENTOS CONSTRUCOES LTDA", "RESPONSAVEL": "FABRICIO AUGUSTO SANTOS SILVA|ISABELA OLIVEIRA CAMPOS", "MUNICIPIO": "JUIZ DE FORA", "ENDEE": "AVENIDA DARCY VARGAS, 759, CASA 1, IPIRANGA, 36031-100, JUIZ DE FORA, MG, BRASIL", "BANCO": "BDMG", "LINHA_AVAL_NOME": "Crédito emergencial", "STATUS_OPERACIONAL": "CARTEIRA", "STATUS": "CARTEIRA" }, "geometry": { "type": "Point", "coordinates": [ -43.348963, -21.7951373 ] } },
{ "type": "Feature", "properties": { "NROCNPJ_PAD": "10524992000100", "NOME_FANTASIA": "-", "RAZAO_SOCIAL": "BOM PASTOR EMBALAGENS LTDA", "RESPONSAVEL": "MARCELOGOMESDEAZEVEDO", "MUNICIPIO": "JUIZ DE FORA", "ENDEE": "ESTRADA DA REPRESA, 800, BARBOSA LAGE, 36085-688, JUIZ DE FORA, MG, BRASIL", "BANCO": "SICOOB", "LINHA_AVAL_NOME": "Giro", "STATUS_OPERACIONAL": "CARTEIRA", "STATUS": "CARTEIRA" }, "geometry": { "type": "Point", "coordinates": [ -43.4114825, -21.6997289 ] } },
{ "type": "Feature", "properties": { "NROCNPJ_PAD": "32141166000114", "NOME_FANTASIA": "ACOUGUEE CASA DE FRANGO SAO JOSE", "RAZAO_SOCIAL": "ACOUGUE E CASA DE FRANGO SAO JOSE LTDA", "RESPONSAVEL": "NAIARADASILVASOLDATI", "MUNICIPIO": "JUIZ DE FORA", "ENDEE": "RUA CORONEL VIDAL, 90, LOJA 94 LOJA, MARIANO PROCOPIO, 36080-080, JUIZ DE FORA, MG, BRASIL", "BANCO": "SICOOB", "LINHA_AVAL_NOME": "Crédito emergencial", "STATUS_OPERACIONAL": "CARTEIRA", "STATUS": "CARTEIRA" }, "geometry": { "type": "Point", "coordinates": [ -43.3639041, -21.7466 ] } },
{ "type": "Feature", "properties": { "NROCNPJ_PAD": "33068002000171", "NOME_FANTASIA": "LEMAR FERRAMENTAS & UTILIDADES", "RAZAO_SOCIAL": "LEMAR MIX TOTAL DE VARIEDADES LTDA", "RESPONSAVEL": "LEANDRO VINICIOS VIEIRA ALVES|MARIELLE CARINE SANTOS CARDOSO ALVES", "MUNICIPIO": "JUIZ DE FORA", "ENDEE": "RUA CORONEL VIDAL, 82, LOJA 86, MARIANO PROCOPIO, 36080-080, JUIZ DE FORA, MG, BRASIL", "BANCO": "BDMG", "LINHA_AVAL_NOME": "Crédito emergencial", "STATUS_OPERACIONAL": "CARTEIRA", "STATUS": "CARTEIRA" }, "geometry": { "type": "Point", "coordinates": [ -43.3638179, -21.7466469 ] } },
{ "type": "Feature", "properties": { "NROCNPJ_PAD": "60386628000107", "NOME_FANTASIA": "-", "RAZAO_SOCIAL": "60.386.628 LUCIANO BORGES LACERDA", "RESPONSAVEL": "LUCIANOBORGESLACERDA", "MUNICIPIO": "JUIZ DE FORA", "ENDEE": "RUA CORONEL ASSIS, 50, FLORESTA, 36072-010, JUIZ DE FORA, MG, BRASIL", "BANCO": "SICOOB", "LINHA_AVAL_NOME": "Giro", "STATUS_OPERACIONAL": "CARTEIRA", "STATUS": "CARTEIRA" }, "geometry": { "type": "Point", "coordinates": [ -43.2796295, -21.7492098 ] } },
{ "type": "Feature", "properties": { "NROCNPJ_PAD": "71427223000188", "NOME_FANTASIA": "-", "RAZAO_SOCIAL": "INDUSTRIA E COMERCIO DE MEIAS YOUNG LTDA", "RESPONSAVEL": "HENRIQUE CORDEIRO RAAD|TADEU MONTEIRO DE BARROS PINTO", "MUNICIPIO": "JUIZ DE FORA", "ENDEE": "RUA CORONEL ALMEIDA NOVAIS, 79, SANTA TEREZINHA, 36045-500, JUIZ DE FORA, MG, BRASIL", "BANCO": "BDMG", "LINHA_AVAL_NOME": "Crédito emergencial", "STATUS_OPERACIONAL": "CARTEIRA", "STATUS": "CARTEIRA" }, "geometry": { "type": "Point", "coordinates": [ -43.369196, -21.7370531 ] } },
{ "type": "Feature", "properties": { "NROCNPJ_PAD": "42560308000131", "NOME_FANTASIA": "FELIPE GONCALVES TREINAMENTOS", "RAZAO_SOCIAL": "FG CONSULTORIA E PROMOCAO DE VENDAS LTDA", "RESPONSAVEL": "FELIPE GON?ALVES", "MUNICIPIO": "JUIZ DE FORA", "ENDEE": "RUA CONEGO LAURO NEVES, 82, IPIRANGA, 36031-110, JUIZ DE FORA, MG, BRASIL", "BANCO": "BDMG", "LINHA_AVAL_NOME": "Giro", "STATUS_OPERACIONAL": "CARTEIRA", "STATUS": "CARTEIRA" }, "geometry": { "type": "Point", "coordinates": [ -43.3500003, -21.7935747 ] } },
{ "type": "Feature", "properties": { "NROCNPJ_PAD": "06943284000136", "NOME_FANTASIA": "NUTRI PET", "RAZAO_SOCIAL": "NUTRI PET COMERCIO DE PRODUTOS VETERINARIOS LTDA", "RESPONSAVEL": "SANDRO HELENO OLIVEIRA ROSON", "MUNICIPIO": "JUIZ DE FORA", "ENDEE": "RUA CLEONICE RAINHO, 18, LT 18 Q 25, AEROPORTO, 36038-337, JUIZ DE FORA, MG, BRASIL", "BANCO": "BDMG", "LINHA_AVAL_NOME": "Crédito emergencial", "STATUS_OPERACIONAL": "CARTEIRA", "STATUS": "CARTEIRA" }, "geometry": { "type": "Point", "coordinates": [ -43.3809299, -21.7839807 ] } },
{ "type": "Feature", "properties": { "NROCNPJ_PAD": "15230662000125", "NOME_FANTASIA": "-", "RAZAO_SOCIAL": "SOLPLASTIC- INDUSTRIA E COMERCIO DE PLASTICOS LTDA", "RESPONSAVEL": "JEFERSONLUIZDASILVA|MARCOAURELIODASILVA|ROBSONLUISDASILVA", "MUNICIPIO": "JUIZ DE FORA", "ENDEE": "RUA CIDADE DO SOL, 564, CIDADE DO SOL, 36085-450, JUIZ DE FORA, MG, BRASIL", "BANCO": "SICOOB", "LINHA_AVAL_NOME": "Crédito emergencial", "STATUS_OPERACIONAL": "CARTEIRA", "STATUS": "CARTEIRA" }, "geometry": { "type": "Point", "coordinates": [ -43.4110298, -21.7193183 ] } },
{ "type": "Feature", "properties": { "NROCNPJ_PAD": "27335114000149", "NOME_FANTASIA": "OUI UAI FRANCO MINEIRICES", "RAZAO_SOCIAL": "OUI UAI FRANCO-MINEIRICES LTDA", "RESPONSAVEL": "ANA LUIZA AMARAL VENANCIO", "MUNICIPIO": "JUIZ DE FORA", "ENDEE": "RUA CHANCELER OSWALDO ARANHA, 142, 146, SAO MATEUS, 36016-340, JUIZ DE FORA, MG, BRASIL", "BANCO": "SICREDI 2", "LINHA_AVAL_NOME": "Empreendedorismo Fem", "STATUS_OPERACIONAL": "CARTEIRA", "STATUS": "CARTEIRA" }, "geometry": { "type": "Point", "coordinates": [ -43.3493478, -21.7689123 ] } },
{ "type": "Feature", "properties": { "NROCNPJ_PAD": "29360265000182", "NOME_FANTASIA": "-", "RAZAO_SOCIAL": "LEILA ABRAHAO DESENVOLVIMENTO DE PESSOAS E NEGOCIOS LTDA", "RESPONSAVEL": "LEILA CRISTINA ABRAHAO", "MUNICIPIO": "JUIZ DE FORA", "ENDEE": "RUA CELIA MARCOS DE FREITAS, 15, APT 302, ALTO DOS PASSOS, 36025-060, JUIZ DE FORA, MG, BRASIL", "BANCO": "BDMG", "LINHA_AVAL_NOME": "Crédito emergencial", "STATUS_OPERACIONAL": "CARTEIRA", "STATUS": "CARTEIRA" }, "geometry": { "type": "Point", "coordinates": [ -43.3488082, -21.7747813 ] } },
{ "type": "Feature", "properties": { "NROCNPJ_PAD": "55926861000197", "NOME_FANTASIA": "ATELIE DO ACO - ESTRUTURAS METALICAS", "RAZAO_SOCIAL": "ATELIE DO ACO - ESTRUTURAS METALICAS LTDA", "RESPONSAVEL": "ELAINEGOUVEIAOLIVEIRA", "MUNICIPIO": "JUIZ DE FORA", "ENDEE": "RUA CARLOS HERCULANO COUTO, 00200, GALPAO102, FRANCISCO BERNARDINO, 36081-680, JUIZ DE FORA, MG, BRASIL", "BANCO": "SICOOB", "LINHA_AVAL_NOME": "Empreendedorismo Fem", "STATUS_OPERACIONAL": "CARTEIRA", "STATUS": "CARTEIRA" }, "geometry": { "type": "Point", "coordinates": [ -43.395599, -21.7379939 ] } },
{ "type": "Feature", "properties": { "NROCNPJ_PAD": "55166918000105", "NOME_FANTASIA": "-", "RAZAO_SOCIAL": "CMB ALIMENTOS LTDA", "RESPONSAVEL": "TADEU MONTEIRO DE BARROS PINTO", "MUNICIPIO": "JUIZ DE FORA", "ENDEE": "RUA CAPITAO ARNALDO DE CARVALHO, 563, JARDIM GLORIA, 36036-180, JUIZ DE FORA, MG, BRASIL", "BANCO": "BDMG", "LINHA_AVAL_NOME": "Crédito emergencial", "STATUS_OPERACIONAL": "CARTEIRA", "STATUS": "CARTEIRA" }, "geometry": { "type": "Point", "coordinates": [ -43.3597162, -21.7525969 ] } },
{ "type": "Feature", "properties": { "NROCNPJ_PAD": "03631831000150", "NOME_FANTASIA": "FLAVIO TOUR", "RAZAO_SOCIAL": "FLAVIO PAIVA TOUR LTDA", "RESPONSAVEL": "-", "MUNICIPIO": "JUIZ DE FORA", "ENDEE": "AVENIDA BRASIL, 960, COSTA CARVALHO, 36020-110, JUIZ DE FORA, MG, BRASIL", "BANCO": "BRADESCO", "LINHA_AVAL_NOME": "GIRO", "STATUS_OPERACIONAL": "CARTEIRA", "STATUS": "CARTEIRA" }, "geometry": { "type": "Point", "coordinates": [ -43.3351951, -21.7623423 ] } },
{ "type": "Feature", "properties": { "NROCNPJ_PAD": "54128930000154", "NOME_FANTASIA": "PET PLUS", "RAZAO_SOCIAL": "PET PLUS COMERCIO DE RACOES LTDA", "RESPONSAVEL": "RONALDOMULLERPINHEIRO", "MUNICIPIO": "JUIZ DE FORA", "ENDEE": "AVENIDA BRASIL, 1970, CENTRO, 36062-420, JUIZ DE FORA, MG, BRASIL", "BANCO": "SICOOB", "LINHA_AVAL_NOME": "Giro", "STATUS_OPERACIONAL": "CARTEIRA", "STATUS": "CARTEIRA" }, "geometry": { "type": "Point", "coordinates": [ -43.3420561, -21.7592286 ] } },
{ "type": "Feature", "properties": { "NROCNPJ_PAD": "54639135000120", "NOME_FANTASIA": "-", "RAZAO_SOCIAL": "54.639.135 JOSE COSTA NASCIMENTO FILHO", "RESPONSAVEL": "JOSE COSTA NASCIMENTO FILHO", "MUNICIPIO": "JUIZ DE FORA", "ENDEE": "RUA BRANCA MASCARENHAS, 33, APT 202, MONTE CASTELO, 36081-130, JUIZ DE FORA, MG, BRASIL", "BANCO": "BDMG", "LINHA_AVAL_NOME": "Crédito emergencial", "STATUS_OPERACIONAL": "CARTEIRA", "STATUS": "CARTEIRA" }, "geometry": { "type": "Point", "coordinates": [ -43.3825886, -21.7449722 ] } },
{ "type": "Feature", "properties": { "NROCNPJ_PAD": "45897788000119", "NOME_FANTASIA": "LOCACOES TR COSTA", "RAZAO_SOCIAL": "LOCACOES TR COSTA LTDA", "RESPONSAVEL": "FATIMAFIDELISFILGUEIRASCOSTA", "MUNICIPIO": "JUIZ DE FORA", "ENDEE": "RUA BERNARDO MASCARENHAS, 952, APT 101, FABRICA, 36080-001, JUIZ DE FORA, MG, BRASIL", "BANCO": "SICOOB", "LINHA_AVAL_NOME": "Giro", "STATUS_OPERACIONAL": "CARTEIRA", "STATUS": "CARTEIRA" }, "geometry": { "type": "Point", "coordinates": [ -43.3714905, -21.7433556 ] } },
{ "type": "Feature", "properties": { "NROCNPJ_PAD": "21526470000163", "NOME_FANTASIA": "-", "RAZAO_SOCIAL": "MADEIRAS XINGUARA LTDA", "RESPONSAVEL": "APARECIDADEOLIVEIRAALVIM|JOSEROBERTODEOLIVEIRAALVIM|LEONARDOALVIMHAUCK|MARIAREGINAALVIMMARQUES", "MUNICIPIO": "JUIZ DE FORA", "ENDEE": "RUA BERNARDO MASCARENHAS, 1230, FABRICA, 36080-001, JUIZ DE FORA, MG, BRASIL", "BANCO": "SICOOB", "LINHA_AVAL_NOME": "Giro", "STATUS_OPERACIONAL": "CARTEIRA", "STATUS": "CARTEIRA" }, "geometry": { "type": "Point", "coordinates": [ -43.3735596, -21.7419137 ] } },
{ "type": "Feature", "properties": { "NROCNPJ_PAD": "40512332000170", "NOME_FANTASIA": "SHOW CARROS", "RAZAO_SOCIAL": "RIBEIRO DAMASCENO COMERCIO DE VEICULOS LTDA", "RESPONSAVEL": "-", "MUNICIPIO": "JUIZ DE FORA", "ENDEE": "RUA BERNARDO MASCARENHAS, 1197, FABRICA, 36080-001, JUIZ DE FORA, MG, BRASIL", "BANCO": "BRADESCO", "LINHA_AVAL_NOME": "GIRO", "STATUS_OPERACIONAL": "CARTEIRA", "STATUS": "CARTEIRA" }, "geometry": { "type": "Point", "coordinates": [ -43.3735681, -21.7424745 ] } },
{ "type": "Feature", "properties": { "NROCNPJ_PAD": "60704380000177", "NOME_FANTASIA": "SORVETERIA LUIGI DEMOCRATA JF", "RAZAO_SOCIAL": "SORVETERIA LUIGI DEMOCRATA JF LTDA", "RESPONSAVEL": "FABIANOANDRADEDEARAUJO", "MUNICIPIO": "JUIZ DE FORA", "ENDEE": "RUA BENJAMIM GUIMARAES, 199, DEMOCRATA, 36035-200, JUIZ DE FORA, MG, BRASIL", "BANCO": "SICOOB", "LINHA_AVAL_NOME": "Giro", "STATUS_OPERACIONAL": "CARTEIRA", "STATUS": "CARTEIRA" }, "geometry": { "type": "Point", "coordinates": [ -43.360963, -21.7493238 ] } },
{ "type": "Feature", "properties": { "NROCNPJ_PAD": "36299455000105", "NOME_FANTASIA": "CLB UNIFORMES", "RAZAO_SOCIAL": "CLAUDIA COSTA CUNHA 03096897670", "RESPONSAVEL": "CLAUDIACOSTACUNHA", "MUNICIPIO": "JUIZ DE FORA", "ENDEE": "RUA BELIZARIO DE CASTRO, 305, SALA, GRAJAU, 36052-310, JUIZ DE FORA, MG, BRASIL", "BANCO": "SICOOB", "LINHA_AVAL_NOME": "Empreendedorismo Fem", "STATUS_OPERACIONAL": "CARTEIRA", "STATUS": "CARTEIRA" }, "geometry": { "type": "Point", "coordinates": [ -43.3471525, -21.747882 ] } },
{ "type": "Feature", "properties": { "NROCNPJ_PAD": "34685861000172", "NOME_FANTASIA": "NONATO MANUTENCOES", "RAZAO_SOCIAL": "NONATO MANUTENCOES E SERVICOS LTDA", "RESPONSAVEL": "ROMULONONATODASILVA", "MUNICIPIO": "JUIZ DE FORA", "ENDEE": "RUA BATISTA DE OLIVEIRA, 25, LOJA, CENTRO, 36013-300, JUIZ DE FORA, MG, BRASIL", "BANCO": "SICOOB", "LINHA_AVAL_NOME": "Giro", "STATUS_OPERACIONAL": "CARTEIRA", "STATUS": "CARTEIRA" }, "geometry": { "type": "Point", "coordinates": [ -43.3480478, -21.7561924 ] } },
{ "type": "Feature", "properties": { "NROCNPJ_PAD": "02139568000113", "NOME_FANTASIA": "-", "RAZAO_SOCIAL": "RENAVI SPORTS LTDA", "RESPONSAVEL": "VINICIUS JOSE DE ABREU", "MUNICIPIO": "JUIZ DE FORA", "ENDEE": "RUA BATISTA DE OLIVEIRA, 346, TR, CENTRO, 36013-300, JUIZ DE FORA, MG, BRASIL", "BANCO": "BDMG", "LINHA_AVAL_NOME": "Crédito emergencial", "STATUS_OPERACIONAL": "CARTEIRA", "STATUS": "CARTEIRA" }, "geometry": { "type": "Point", "coordinates": [ -43.3475475, -21.7590387 ] } },
{ "type": "Feature", "properties": { "NROCNPJ_PAD": "29790837000163", "NOME_FANTASIA": "-", "RAZAO_SOCIAL": "FAST ACCESS GESTAO REMOTA LTDA", "RESPONSAVEL": "ROBERTOKAMILNETO|VANESSADESOUZAMACHADO", "MUNICIPIO": "JUIZ DE FORA", "ENDEE": "RUA BATISTA DE OLIVEIRA, 1397, GRANBERY, 36010-543, JUIZ DE FORA, MG, BRASIL", "BANCO": "SICOOB", "LINHA_AVAL_NOME": "Crédito emergencial", "STATUS_OPERACIONAL": "CARTEIRA", "STATUS": "CARTEIRA" }, "geometry": { "type": "Point", "coordinates": [ -43.3447719, -21.7681841 ] } },
{ "type": "Feature", "properties": { "NROCNPJ_PAD": "06235112000108", "NOME_FANTASIA": "-", "RAZAO_SOCIAL": "INSPELL SOFTWARES LTDA", "RESPONSAVEL": "DAVIDSON GERCY DE OLIVEIRA CAMPOS", "MUNICIPIO": "JUIZ DE FORA", "ENDEE": "RUA BATISTA DE OLIVEIRA, 1164, SALA 610, CENTRO, 36010-532, JUIZ DE FORA, MG, BRASIL", "BANCO": "BDMG", "LINHA_AVAL_NOME": "Giro", "STATUS_OPERACIONAL": "CARTEIRA", "STATUS": "CARTEIRA" }, "geometry": { "type": "Point", "coordinates": [ -43.3461247, -21.7662074 ] } },
{ "type": "Feature", "properties": { "NROCNPJ_PAD": "24005653000121", "NOME_FANTASIA": "F5 INOVACOES", "RAZAO_SOCIAL": "F5 INOVACOES LTDA", "RESPONSAVEL": "FELIPEAYUPPVIEIRA|JULIENE DUARTE SILVA AYUPP|RONALDOCARLOSVIEIRA", "MUNICIPIO": "JUIZ DE FORA", "ENDEE": "AVENIDA BARAO DO RIO BRANCO, 5141, 2403, ALTO DOS PASSOS, 36026-500, JUIZ DE FORA, MG, BRASIL", "BANCO": "BDMG", "LINHA_AVAL_NOME": "Crédito emergencial", "STATUS_OPERACIONAL": "CARTEIRA", "STATUS": "CARTEIRA" }, "geometry": { "type": "Point", "coordinates": [ -43.3428118, -21.7843807 ] } },
{ "type": "Feature", "properties": { "NROCNPJ_PAD": "40989084000152", "NOME_FANTASIA": "SERRANO PRE ASSADAS", "RAZAO_SOCIAL": "SERRANO PRE ASSADAS LTDA", "RESPONSAVEL": "PEDRO HENRIQUE NEVES PEREIRA", "MUNICIPIO": "JUIZ DE FORA", "ENDEE": "AVENIDA BARAO DO RIO BRANCO, 5137, ALTO DOS PASSOS, 36026-500, JUIZ DE FORA, MG, BRASIL", "BANCO": "BDMG", "LINHA_AVAL_NOME": "Crédito emergencial", "STATUS_OPERACIONAL": "CARTEIRA", "STATUS": "CARTEIRA" }, "geometry": { "type": "Point", "coordinates": [ -43.3429773, -21.7840241 ] } },
{ "type": "Feature", "properties": { "NROCNPJ_PAD": "40647343000167", "NOME_FANTASIA": "ANA MEDCARE", "RAZAO_SOCIAL": "ANA MEDCARE LTDA", "RESPONSAVEL": "ANA CAROLINA VARGAS PONTES|ANA PAULA VARGAS PONTES", "MUNICIPIO": "JUIZ DE FORA", "ENDEE": "AVENIDA BARAO DO RIO BRANCO, 2776, 1101, CENTRO, 36016-311, JUIZ DE FORA, MG, BRASIL", "BANCO": "BDMG", "LINHA_AVAL_NOME": "Giro", "STATUS_OPERACIONAL": "CARTEIRA", "STATUS": "CARTEIRA" }, "geometry": { "type": "Point", "coordinates": [ -43.3486287, -21.7662989 ] } },
{ "type": "Feature", "properties": { "NROCNPJ_PAD": "42125837000107", "NOME_FANTASIA": "TRISTAO ESCOLA DE NEGOCIOS", "RAZAO_SOCIAL": "LM TREINAMENTO E DESENVOLVIMENTO LTDA", "RESPONSAVEL": "JHENYFI DA SILVA GODENCO|MARCELLE MESSIAS TRISTAO LARCHER", "MUNICIPIO": "JUIZ DE FORA", "ENDEE": "AVENIDA BARAO DO RIO BRANCO, 2721, LOJA 201, CENTRO, 36010-910, JUIZ DE FORA, MG, BRASIL", "BANCO": "BDMG", "LINHA_AVAL_NOME": "Crédito emergencial", "STATUS_OPERACIONAL": "CARTEIRA", "STATUS": "CARTEIRA" }, "geometry": { "type": "Point", "coordinates": [ -43.3481976, -21.7655373 ] } },
{ "type": "Feature", "properties": { "NROCNPJ_PAD": "48725541000103", "NOME_FANTASIA": "-", "RAZAO_SOCIAL": "NEEO EDUCACIONAL LTDA", "RESPONSAVEL": "ANDREZZAAPARECIDACARVALHOCERDEIRA|PAULOSANTAMGELOFILHO|THIAGOBORGESMATTOS", "MUNICIPIO": "JUIZ DE FORA", "ENDEE": "AVENIDA BARAO DO RIO BRANCO, 2370, SALA 201, CENTRO, 36016-903, JUIZ DE FORA, MG, BRASIL", "BANCO": "SICOOB", "LINHA_AVAL_NOME": "Giro", "STATUS_OPERACIONAL": "CARTEIRA", "STATUS": "CARTEIRA" }, "geometry": { "type": "Point", "coordinates": [ -43.3496257, -21.7627826 ] } },
{ "type": "Feature", "properties": { "NROCNPJ_PAD": "28845217000111", "NOME_FANTASIA": "MEDIC VIDAS", "RAZAO_SOCIAL": "MEDICVIDAS MEDICINA DO TRABALHO LTDA", "RESPONSAVEL": "-", "MUNICIPIO": "JUIZ DE FORA", "ENDEE": "AVENIDA BARAO DO RIO BRANCO, 2281, SALA 202, CENTRO, 36010-011, JUIZ DE FORA, MG, BRASIL", "BANCO": "BRADESCO", "LINHA_AVAL_NOME": "GIRO", "STATUS_OPERACIONAL": "CARTEIRA", "STATUS": "CARTEIRA" }, "geometry": { "type": "Point", "coordinates": [ -43.3493415, -21.761921 ] } },
{ "type": "Feature", "properties": { "NROCNPJ_PAD": "43432990000140", "NOME_FANTASIA": "CACHOS DA MAI", "RAZAO_SOCIAL": "MAIRA CRISTINA COSTA LIMITADA", "RESPONSAVEL": "MAIRACRISTINACOSTA", "MUNICIPIO": "JUIZ DE FORA", "ENDEE": "RUA HALFELD, 807, SALA 701, CENTRO, 36010-003, JUIZ DE FORA, MG, BRASIL", "BANCO": "SICOOB", "LINHA_AVAL_NOME": "Giro", "STATUS_OPERACIONAL": "CARTEIRA", "STATUS": "CARTEIRA" }, "geometry": { "type": "Point", "coordinates": [ -43.3490988, -21.7613834 ] } },
{ "type": "Feature", "properties": { "NROCNPJ_PAD": "50475914000187", "NOME_FANTASIA": "GL ASSESSORIA CONTABIL", "RAZAO_SOCIAL": "IRACEMA GALDINO LIMA", "RESPONSAVEL": "IRACEMAGALDINOLIMA", "MUNICIPIO": "JUIZ DE FORA", "ENDEE": "AVENIDA BARAO DO RIO BRANCO, 1871, SALA 708, CENTRO, 36013-020, JUIZ DE FORA, MG, BRASIL", "BANCO": "SICOOB", "LINHA_AVAL_NOME": "Giro", "STATUS_OPERACIONAL": "CARTEIRA", "STATUS": "CARTEIRA" }, "geometry": { "type": "Point", "coordinates": [ -43.350269, -21.7583184 ] } },
{ "type": "Feature", "properties": { "NROCNPJ_PAD": "51427213000135", "NOME_FANTASIA": "MODUS CONSULTORIA", "RAZAO_SOCIAL": "MODUS CONSULTORIA LTDA", "RESPONSAVEL": "EDSON RODRIGUES BERNARDES|SAMUEL RODRIGUES BERNARDES", "MUNICIPIO": "JUIZ DE FORA", "ENDEE": "AVENIDA BARAO DO RIO BRANCO, 1843, SALA 5, CENTRO, 36013-020, JUIZ DE FORA, MG, BRASIL", "BANCO": "BDMG", "LINHA_AVAL_NOME": "Crédito emergencial", "STATUS_OPERACIONAL": "CARTEIRA", "STATUS": "CARTEIRA" }, "geometry": { "type": "Point", "coordinates": [ -43.3502467, -21.757791 ] } },
{ "type": "Feature", "properties": { "NROCNPJ_PAD": "30991078000186", "NOME_FANTASIA": "PLANO MESTRE", "RAZAO_SOCIAL": "RAFAEL KARAFIOL LOUREIRO 03643873603", "RESPONSAVEL": "RAFAELKARAFIOLLOUREIRO", "MUNICIPIO": "JUIZ DE FORA", "ENDEE": "RUA BARAO DE SAO MARCELINO, 496, APT 206, ALTO DOS PASSOS, 36025-150, JUIZ DE FORA, MG, BRASIL", "BANCO": "SICOOB", "LINHA_AVAL_NOME": "Giro", "STATUS_OPERACIONAL": "CARTEIRA", "STATUS": "CARTEIRA" }, "geometry": { "type": "Point", "coordinates": [ -43.351042, -21.775556 ] } },
{ "type": "Feature", "properties": { "NROCNPJ_PAD": "31137793000119", "NOME_FANTASIA": "MIRIM LANCHES", "RAZAO_SOCIAL": "FAMILLIA MIRIM LTDA", "RESPONSAVEL": "MARCELO GABRICH GONCALVES", "MUNICIPIO": "JUIZ DE FORA", "ENDEE": "RUA BARAO DE SANTA HELENA, 165, GRANBERY, 36010-382, JUIZ DE FORA, MG, BRASIL", "BANCO": "BDMG", "LINHA_AVAL_NOME": "Giro", "STATUS_OPERACIONAL": "CARTEIRA", "STATUS": "CARTEIRA" }, "geometry": { "type": "Point", "coordinates": [ -43.3445232, -21.764711 ] } },
{ "type": "Feature", "properties": { "NROCNPJ_PAD": "44262858000108", "NOME_FANTASIA": "-", "RAZAO_SOCIAL": "VELL ENGENHARIA LTDA", "RESPONSAVEL": "-", "MUNICIPIO": "JUIZ DE FORA", "ENDEE": "RUA BARAO DE JUIZ DE FORA, 47, LOJA ., SANTOS ANJOS, 36062-410, JUIZ DE FORA, MG, BRASIL", "BANCO": "BRADESCO", "LINHA_AVAL_NOME": "Empreendedorismo Fem", "STATUS_OPERACIONAL": "CARTEIRA", "STATUS": "CARTEIRA" }, "geometry": { "type": "Point", "coordinates": [ -43.3434979, -21.7555 ] } },
{ "type": "Feature", "properties": { "NROCNPJ_PAD": "11755938000138", "NOME_FANTASIA": "-", "RAZAO_SOCIAL": "M ABREU CONTABILIDADE", "RESPONSAVEL": "MARIZE MARIA DE ABREU", "MUNICIPIO": "JUIZ DE FORA", "ENDEE": "RUA BARAO DE JUIZ DE FORA, 102, LOJA, SANTOS ANJOS, 36062-410, JUIZ DE FORA, MG, BRASIL", "BANCO": "BDMG", "LINHA_AVAL_NOME": "Crédito emergencial", "STATUS_OPERACIONAL": "CARTEIRA", "STATUS": "CARTEIRA" }, "geometry": { "type": "Point", "coordinates": [ -43.3434685, -21.7549472 ] } },
{ "type": "Feature", "properties": { "NROCNPJ_PAD": "26225850000181", "NOME_FANTASIA": "CLINICA DESENVOLVENDO PASSO A PASSO", "RAZAO_SOCIAL": "PASSO A PASSO CENTRO DE INTERVENCAO EM TRANSTORNOS DO NEURODESENVOLVIMENTO LTDA", "RESPONSAVEL": "ANA D ARC MOREIRA ARCANJO", "MUNICIPIO": "JUIZ DE FORA", "ENDEE": "RUA BARAO DE CATAGUASES, 548, SANTA HELENA, 36015-370, JUIZ DE FORA, MG, BRASIL", "BANCO": "BDMG", "LINHA_AVAL_NOME": "Crédito emergencial", "STATUS_OPERACIONAL": "CARTEIRA", "STATUS": "CARTEIRA" }, "geometry": { "type": "Point", "coordinates": [ -43.3572408, -21.7557593 ] } },
{ "type": "Feature", "properties": { "NROCNPJ_PAD": "59353756000167", "NOME_FANTASIA": "MILK PAO", "RAZAO_SOCIAL": "MILK PAO BARAO LTDA", "RESPONSAVEL": "ANA CAROLINA VARGAS BORGES", "MUNICIPIO": "JUIZ DE FORA", "ENDEE": "RUA BARAO DE CATAGUASES, 388, SANTA HELENA, 36015-370, JUIZ DE FORA, MG, BRASIL", "BANCO": "BDMG", "LINHA_AVAL_NOME": "Crédito emergencial", "STATUS_OPERACIONAL": "CARTEIRA", "STATUS": "CARTEIRA" }, "geometry": { "type": "Point", "coordinates": [ -43.3558587, -21.7551616 ] } },
{ "type": "Feature", "properties": { "NROCNPJ_PAD": "14568982000127", "NOME_FANTASIA": "-", "RAZAO_SOCIAL": "GERAES IMOVEIS LTDA", "RESPONSAVEL": "KARLA CRISTINA PIAZZI FURTADO|MARCELO SA DE CARVALHO", "MUNICIPIO": "JUIZ DE FORA", "ENDEE": "RUA AURORA TORRES, 138, APT 502, SANTA LUZIA, 36030-130, JUIZ DE FORA, MG, BRASIL", "BANCO": "SICREDI 2", "LINHA_AVAL_NOME": "Empreendedorismo Fem", "STATUS_OPERACIONAL": "CARTEIRA", "STATUS": "CARTEIRA" }, "geometry": { "type": "Point", "coordinates": [ -43.3423088, -21.7862268 ] } },
{ "type": "Feature", "properties": { "NROCNPJ_PAD": "44384163000190", "NOME_FANTASIA": "VIVORA HOME CARE", "RAZAO_SOCIAL": "ESTUDIO TIAGO PIRES ALMEIDA LTDA", "RESPONSAVEL": "TIAGO PIRES DE ALMEIDA", "MUNICIPIO": "JUIZ DE FORA", "ENDEE": "RUA AUGUSTO MARIANI, 335, 101 345 349, INDUSTRIAL, 36081-510, JUIZ DE FORA, MG, BRASIL", "BANCO": "BDMG", "LINHA_AVAL_NOME": "Crédito emergencial", "STATUS_OPERACIONAL": "CARTEIRA", "STATUS": "CARTEIRA" }, "geometry": { "type": "Point", "coordinates": [ -43.3937924, -21.7331082 ] } },
{ "type": "Feature", "properties": { "NROCNPJ_PAD": "18700030000176", "NOME_FANTASIA": "DANTEC - SOLUCOES TECNOLOGICAS", "RAZAO_SOCIAL": "18.700.030 DANIEL ALMEIDA HENRIQUES", "RESPONSAVEL": "DANIELALMEIDAHENRIQUES", "MUNICIPIO": "JUIZ DE FORA", "ENDEE": "RUA ATTILIO PASTORINI, 55, LOJA 1, SANTANA, 36037-190, JUIZ DE FORA, MG, BRASIL", "BANCO": "SICOOB", "LINHA_AVAL_NOME": "Crédito emergencial", "STATUS_OPERACIONAL": "CARTEIRA", "STATUS": "CARTEIRA" }, "geometry": { "type": "Point", "coordinates": [ -43.3791304, -21.7721107 ] } },
{ "type": "Feature", "properties": { "NROCNPJ_PAD": "47926948000136", "NOME_FANTASIA": "-", "RAZAO_SOCIAL": "MARCOS OBRAS E MATERIAIS CONTRUCAO E ELETRICOS LTDA", "RESPONSAVEL": "MARCOS MORAES PESSOA", "MUNICIPIO": "JUIZ DE FORA", "ENDEE": "RUA ARTHUR ANGELO PETRATO, 72, APT 301, PROGRESSO, 36050-240, JUIZ DE FORA, MG, BRASIL", "BANCO": "BDMG", "LINHA_AVAL_NOME": "Crédito emergencial", "STATUS_OPERACIONAL": "CARTEIRA", "STATUS": "CARTEIRA" }, "geometry": { "type": "Point", "coordinates": [ -43.3470098, -21.7343339 ] } },
{ "type": "Feature", "properties": { "NROCNPJ_PAD": "35265919000191", "NOME_FANTASIA": "-", "RAZAO_SOCIAL": "CS TEXTIL LTDA", "RESPONSAVEL": "CAROLINA CHUENG SACCHETTO", "MUNICIPIO": "JUIZ DE FORA", "ENDEE": "RUA ARMANDO PERNIZA, 172, LOJA LOJA, VILA IDEAL, 36020-705, JUIZ DE FORA, MG, BRASIL", "BANCO": "BDMG", "LINHA_AVAL_NOME": "Crédito emergencial", "STATUS_OPERACIONAL": "CARTEIRA", "STATUS": "CARTEIRA" }, "geometry": { "type": "Point", "coordinates": [ -43.3223803, -21.7790082 ] } },
{ "type": "Feature", "properties": { "NROCNPJ_PAD": "35536602000142", "NOME_FANTASIA": "-", "RAZAO_SOCIAL": "RAFAELA BREIJAO DE MELO - SERVICOS MEDICOS LTDA", "RESPONSAVEL": "ANTONIORODRIGUESDEMELO|RAFAELABREIJAODEMELO|VERALUCIABREIJAODEMELO", "MUNICIPIO": "JUIZ DE FORA", "ENDEE": "RUA ARLETE BASTOS MAGALHAES, 170, AEROPORTO, 36038-315, JUIZ DE FORA, MG, BRASIL", "BANCO": "SICOOB", "LINHA_AVAL_NOME": "Empreendedorismo Fem", "STATUS_OPERACIONAL": "CARTEIRA", "STATUS": "CARTEIRA" }, "geometry": { "type": "Point", "coordinates": [ -43.3781715, -21.7814951 ] } },
{ "type": "Feature", "properties": { "NROCNPJ_PAD": "42794842000102", "NOME_FANTASIA": "MAC SERVIOS", "RAZAO_SOCIAL": "MA SCHREINER CAVALIERI & CIA LTDA", "RESPONSAVEL": "-", "MUNICIPIO": "JUIZ DE FORA", "ENDEE": "RUA ARACAJU, 40, PARQUE JARDIM DA SERRA, 36039-030, JUIZ DE FORA, MG, BRASIL", "BANCO": "BRADESCO", "LINHA_AVAL_NOME": "GIRO", "STATUS_OPERACIONAL": "CARTEIRA", "STATUS": "CARTEIRA" }, "geometry": { "type": "Point", "coordinates": [ -43.4042463, -21.8041803 ] } },
{ "type": "Feature", "properties": { "NROCNPJ_PAD": "10588651000106", "NOME_FANTASIA": "I - 9 PROMOCOES & EVENTOS", "RAZAO_SOCIAL": "ANA LOIOLA PROMOCOES E EVENTOS LTDA", "RESPONSAVEL": "-", "MUNICIPIO": "JUIZ DE FORA", "ENDEE": "RUA APIACAS, 280, PARQUE GUARUA, 36021-400, JUIZ DE FORA, MG, BRASIL", "BANCO": "BRADESCO", "LINHA_AVAL_NOME": "GIRO", "STATUS_OPERACIONAL": "CARTEIRA", "STATUS": "CARTEIRA" }, "geometry": { "type": "Point", "coordinates": [ -43.3346773, -21.7799222 ] } },
{ "type": "Feature", "properties": { "NROCNPJ_PAD": "50162839000102", "NOME_FANTASIA": "L & J ENGENHARIA LTDA", "RAZAO_SOCIAL": "KL BARBOSA ENGENHARIA LTDA", "RESPONSAVEL": "KELCEM BARBOSA DA SILVA|ROSA MARIA BARBOSA DA SILVA", "MUNICIPIO": "JUIZ DE FORA", "ENDEE": "RUA ANTONIO LAGROTA, 31, APT 201, MARIANO PROCOPIO, 36035-020, JUIZ DE FORA, MG, BRASIL", "BANCO": "BDMG", "LINHA_AVAL_NOME": "Crédito emergencial", "STATUS_OPERACIONAL": "CARTEIRA", "STATUS": "CARTEIRA" }, "geometry": { "type": "Point", "coordinates": [ -43.3538269, -21.7478969 ] } },
{ "type": "Feature", "properties": { "NROCNPJ_PAD": "33231205000137", "NOME_FANTASIA": "HOME BURGER", "RAZAO_SOCIAL": "HOME HAMBURGUERIA E RESTAURANTE LTDA", "RESPONSAVEL": "SAMIR DE ABREU BOMTEMPO|VITOR PANDELO LEONEL", "MUNICIPIO": "JUIZ DE FORA", "ENDEE": "RUA ANTONIO FELLET, 777, 775, VALE DO IPE, 36035-350, JUIZ DE FORA, MG, BRASIL", "BANCO": "BDMG", "LINHA_AVAL_NOME": "Crédito emergencial", "STATUS_OPERACIONAL": "CARTEIRA", "STATUS": "CARTEIRA" }, "geometry": { "type": "Point", "coordinates": [ -43.3658798, -21.7527985 ] } },
{ "type": "Feature", "properties": { "NROCNPJ_PAD": "15080749000163", "NOME_FANTASIA": "-", "RAZAO_SOCIAL": "PIZZARIA E PADARIA BOM PALADAR LTDA", "RESPONSAVEL": "ERIVELTODEALMEIDA", "MUNICIPIO": "JUIZ DE FORA", "ENDEE": "RUA ANTONIO DA ROCHA LIMA, 60, SANTA EFIGENIA, 36032-420, JUIZ DE FORA, MG, BRASIL", "BANCO": "SICOOB", "LINHA_AVAL_NOME": "Giro", "STATUS_OPERACIONAL": "CARTEIRA", "STATUS": "CARTEIRA" }, "geometry": { "type": "Point", "coordinates": [ -43.3561572, -21.7970137 ] } },
{ "type": "Feature", "properties": { "NROCNPJ_PAD": "53372217000199", "NOME_FANTASIA": "-", "RAZAO_SOCIAL": "HIDROFLORA CONDOMINIOS LTDA", "RESPONSAVEL": "LEONARDODOCARMOVIANADEOLIVEIRA", "MUNICIPIO": "JUIZ DE FORA", "ENDEE": "RUA ANTONIO CARLOS SARAIVA, 500, 1802 TR IV, CASCATINHA, 36033-345, JUIZ DE FORA, MG, BRASIL", "BANCO": "SICOOB", "LINHA_AVAL_NOME": "Giro", "STATUS_OPERACIONAL": "CARTEIRA", "STATUS": "CARTEIRA" }, "geometry": { "type": "Point", "coordinates": [ -43.365785, -21.7866908 ] } },
{ "type": "Feature", "properties": { "NROCNPJ_PAD": "53714760000127", "NOME_FANTASIA": "-", "RAZAO_SOCIAL": "CONTADORA DANI LTDA", "RESPONSAVEL": "DANIELA SOARES DE OLIVEIRA", "MUNICIPIO": "JUIZ DE FORA", "ENDEE": "RUA ANTONIO BATISTA, 130, IPIRANGUINHA, 36032-610, JUIZ DE FORA, MG, BRASIL", "BANCO": "BDMG", "LINHA_AVAL_NOME": "Giro", "STATUS_OPERACIONAL": "CARTEIRA", "STATUS": "CARTEIRA" }, "geometry": { "type": "Point", "coordinates": [ -43.3557783, -21.7911837 ] } },
{ "type": "Feature", "properties": { "NROCNPJ_PAD": "18469157000126", "NOME_FANTASIA": "FORTES GAS", "RAZAO_SOCIAL": "FORTES GAS LTDA", "RESPONSAVEL": "VALMIR CORDEIRO FORTES", "MUNICIPIO": "JUIZ DE FORA", "ENDEE": "RUA ANTONIA RODRIGUES CLEMENTE, 21, SANTA RITA DE CASSIA, 36051-230, JUIZ DE FORA, MG, BRASIL", "BANCO": "BDMG", "LINHA_AVAL_NOME": "Crédito emergencial", "STATUS_OPERACIONAL": "CARTEIRA", "STATUS": "CARTEIRA" }, "geometry": { "type": "Point", "coordinates": [ -43.3374927, -21.7380189 ] } },
{ "type": "Feature", "properties": { "NROCNPJ_PAD": "25505090000101", "NOME_FANTASIA": "-", "RAZAO_SOCIAL": "LOJA DUQUE LTDA", "RESPONSAVEL": "ADRIANA DE FATIMA DUQUE DO NASCIMENTO|GERALDO MARIA DUQUE", "MUNICIPIO": "JUIZ DE FORA", "ENDEE": "RUA ANGELO BIGI, 48, LINHARES, 36060-620, JUIZ DE FORA, MG, BRASIL", "BANCO": "BDMG", "LINHA_AVAL_NOME": "Crédito emergencial", "STATUS_OPERACIONAL": "CARTEIRA", "STATUS": "CARTEIRA" }, "geometry": { "type": "Point", "coordinates": [ -43.3263528, -21.7331869 ] } },
{ "type": "Feature", "properties": { "NROCNPJ_PAD": "30014972000104", "NOME_FANTASIA": "RESTAURANTE PICO PACO", "RAZAO_SOCIAL": "RUBENS GONZAGA PRATA LTDA", "RESPONSAVEL": "RUBENSGONZAGAPRATA", "MUNICIPIO": "JUIZ DE FORA", "ENDEE": "RUA ALVARO JOSE RODRIGUES, 600, LOJA LOJA, SANTOS DUMONT, 36038-030, JUIZ DE FORA, MG, BRASIL", "BANCO": "SICOOB", "LINHA_AVAL_NOME": "Crédito emergencial", "STATUS_OPERACIONAL": "CARTEIRA", "STATUS": "CARTEIRA" }, "geometry": { "type": "Point", "coordinates": [ -43.3886535, -21.7766872 ] } },
{ "type": "Feature", "properties": { "NROCNPJ_PAD": "40058102000182", "NOME_FANTASIA": "-", "RAZAO_SOCIAL": "SLEUTJES E VEGGI CERVEJARIA E ALIMENTOS LTDA", "RESPONSAVEL": "-", "MUNICIPIO": "JUIZ DE FORA", "ENDEE": "RUA ALVARO JOSE RODRIGUES, 1165, SANTOS DUMONT, 36038-030, JUIZ DE FORA, MG, BRASIL", "BANCO": "BRADESCO", "LINHA_AVAL_NOME": "Empreendedorismo Fem", "STATUS_OPERACIONAL": "CARTEIRA", "STATUS": "CARTEIRA" }, "geometry": { "type": "Point", "coordinates": [ -43.3895381, -21.7776735 ] } },
{ "type": "Feature", "properties": { "NROCNPJ_PAD": "48916601000175", "NOME_FANTASIA": "HS COMERCIO", "RAZAO_SOCIAL": "HS COMERCIO VAREJISTA DE EQUIPAMENTOS DE ESCRITORIO LTDA", "RESPONSAVEL": "CRISTHIANPATRICKCAMPOSDASILVA|JORGEADRIANODASILVA", "MUNICIPIO": "JUIZ DE FORA", "ENDEE": "RUA ALVARO JOSE RODRIGUES, 1003, SANTOS DUMONT, 36038-030, JUIZ DE FORA, MG, BRASIL", "BANCO": "SICOOB", "LINHA_AVAL_NOME": "Giro", "STATUS_OPERACIONAL": "CARTEIRA", "STATUS": "CARTEIRA" }, "geometry": { "type": "Point", "coordinates": [ -43.3841835, -21.7794882 ] } },
{ "type": "Feature", "properties": { "NROCNPJ_PAD": "32695185000192", "NOME_FANTASIA": "-", "RAZAO_SOCIAL": "ALESSANDRO DE OLIVEIRA 04496118688", "RESPONSAVEL": "ALESSANDRODEOLIVEIRA", "MUNICIPIO": "JUIZ DE FORA", "ENDEE": "RUA ALFREDO SALOMAO, 53, TEIXEIRAS, 36033-210, JUIZ DE FORA, MG, BRASIL", "BANCO": "SICOOB", "LINHA_AVAL_NOME": "Giro", "STATUS_OPERACIONAL": "CARTEIRA", "STATUS": "CARTEIRA" }, "geometry": { "type": "Point", "coordinates": [ -43.3595237, -21.789405 ] } },
{ "type": "Feature", "properties": { "NROCNPJ_PAD": "02876835000135", "NOME_FANTASIA": "MISTURA FINA", "RAZAO_SOCIAL": "HIDARI ESTRUTURA E LOGISTICA LTDA", "RESPONSAVEL": "EDUARDOVICTORSCALDINI", "MUNICIPIO": "JUIZ DE FORA", "ENDEE": "RUA ALBERTO PINTO, 60, LOJA, SAO PEDRO, 36037-040, JUIZ DE FORA, MG, BRASIL", "BANCO": "SICOOB", "LINHA_AVAL_NOME": "Crédito emergencial", "STATUS_OPERACIONAL": "CARTEIRA", "STATUS": "CARTEIRA" }, "geometry": { "type": "Point", "coordinates": [ -43.3726439, -21.7729871 ] } },
{ "type": "Feature", "properties": { "NROCNPJ_PAD": "39658481000162", "NOME_FANTASIA": "CASA FERENZINI", "RAZAO_SOCIAL": "BISCOITOS FERENZINI LTDA", "RESPONSAVEL": "LUCASFERENZINIALVES|RAQUELFRANCARODRIGUES|VITORPAULOFERENZINI", "MUNICIPIO": "JUIZ DE FORA", "ENDEE": "RUA ALAGOAS, 27, TERREO, POCO RICO, 36020-140, JUIZ DE FORA, MG, BRASIL", "BANCO": "SICOOB", "LINHA_AVAL_NOME": "Giro", "STATUS_OPERACIONAL": "CARTEIRA", "STATUS": "CARTEIRA" }, "geometry": { "type": "Point", "coordinates": [ -43.3373142, -21.7637605 ] } },
{ "type": "Feature", "properties": { "NROCNPJ_PAD": "57874228000128", "NOME_FANTASIA": "THE COTT", "RAZAO_SOCIAL": "INDUSTRIA E COMERCIO THE COTT LTDA", "RESPONSAVEL": "JHONATAN NATANAEL LACERDA GRAVINO", "MUNICIPIO": "JUIZ DE FORA", "ENDEE": "AVENIDA AGILBERTO COSTA, 560, LOJA 1, SAO BENEDITO, 36061-140, JUIZ DE FORA, MG, BRASIL", "BANCO": "BDMG", "LINHA_AVAL_NOME": "Giro", "STATUS_OPERACIONAL": "CARTEIRA", "STATUS": "CARTEIRA" }, "geometry": { "type": "Point", "coordinates": [ -43.3290061, -21.7496452 ] } },
{ "type": "Feature", "properties": { "NROCNPJ_PAD": "20964497000175", "NOME_FANTASIA": "CORREA TURISMO", "RAZAO_SOCIAL": "CORREA SILVA TURISMO LTDA", "RESPONSAVEL": "ANDERSONCORREASILVA", "MUNICIPIO": "JUIZ DE FORA", "ENDEE": "RUA AFONSO BAZARELA BARRA, 5, CASA 04, GRANJAS BETANIA, 36047-510, JUIZ DE FORA, MG, BRASIL", "BANCO": "SICOOB", "LINHA_AVAL_NOME": "Crédito emergencial", "STATUS_OPERACIONAL": "CARTEIRA", "STATUS": "CARTEIRA" }, "geometry": { "type": "Point", "coordinates": [ -43.3671436, -21.7120155 ] } },
{ "type": "Feature", "properties": { "NROCNPJ_PAD": "43372373000104", "NOME_FANTASIA": "VISIPLAN CONSERVADORA DO BRASIL", "RAZAO_SOCIAL": "VISIPLAN CONSERVADORA DO BRASIL LTDA", "RESPONSAVEL": "JANECARLAFERREIRA|LUISMARCELOFRANCODACOSTA", "MUNICIPIO": "JUIZ DE FORA", "ENDEE": "RUA ADYLIS FERNANDES FAVERO, 16, CENTRO, 36060-015, JUIZ DE FORA, MG, BRASIL", "BANCO": "SICOOB", "LINHA_AVAL_NOME": "Giro", "STATUS_OPERACIONAL": "CARTEIRA", "STATUS": "CARTEIRA" }, "geometry": { "type": "Point", "coordinates": [ -43.3352404, -21.7311532 ] } },
{ "type": "Feature", "properties": { "NROCNPJ_PAD": "15645497000172", "NOME_FANTASIA": "ELAINE GOMES", "RAZAO_SOCIAL": "15.645.497 ELAINE GOMES SALLES LARCHER", "RESPONSAVEL": "ELAINEGOMESSALLESLARCHER", "MUNICIPIO": "JUIZ DE FORA", "ENDEE": "RUA ACCACIO ALVES ALVIM, 2490, LOJA 9, MARILANDIA, 36039-395, JUIZ DE FORA, MG, BRASIL", "BANCO": "SICOOB", "LINHA_AVAL_NOME": "Crédito emergencial", "STATUS_OPERACIONAL": "CARTEIRA", "STATUS": "CARTEIRA" }, "geometry": { "type": "Point", "coordinates": [ -43.3906931, -21.79027 ] } },
{ "type": "Feature", "properties": { "NROCNPJ_PAD": "33292387000156", "NOME_FANTASIA": "JEAN CARVALHO", "RAZAO_SOCIAL": "JEAN MARCIO CARVALHO DA SILVA 06786557660", "RESPONSAVEL": "JEANMARCIOCARVALHODASILVA", "MUNICIPIO": "JUIZ DE FORA", "ENDEE": "RUA ACACIO ALVES ALVIM, 70, MARILANDIA, 36039-395, JUIZ DE FORA, MG, BRASIL", "BANCO": "SICOOB", "LINHA_AVAL_NOME": "Crédito emergencial", "STATUS_OPERACIONAL": "CARTEIRA", "STATUS": "CARTEIRA" }, "geometry": { "type": "Point", "coordinates": [ -43.3910444, -21.7873483 ] } },
{ "type": "Feature", "properties": { "NROCNPJ_PAD": "41476608000174", "NOME_FANTASIA": "LARCHERS GARAGE", "RAZAO_SOCIAL": "41.476.608 BRUNO LARCHER TEIXEIRA", "RESPONSAVEL": "BRUNOLARCHERTEIXEIRA", "MUNICIPIO": "JUIZ DE FORA", "ENDEE": "RUA ACACIO ALVES ALVIM, 2100, CASA 02, MARILANDIA, 36039-395, JUIZ DE FORA, MG, BRASIL", "BANCO": "SICOOB", "LINHA_AVAL_NOME": "Crédito emergencial", "STATUS_OPERACIONAL": "CARTEIRA", "STATUS": "CARTEIRA" }, "geometry": { "type": "Point", "coordinates": [ -43.3912616, -21.7869974 ] } },
{ "type": "Feature", "properties": { "NROCNPJ_PAD": "59810513000100", "NOME_FANTASIA": "SAO MANOEL PLAST", "RAZAO_SOCIAL": "SAO MANOEL PLAST LTDA", "RESPONSAVEL": "SUELYRIBEIRORAMOS", "MUNICIPIO": "JUIZ DE FORA", "ENDEE": "AVENIDA VEREADOR RAYMUNDO HARGREAVES, 290, FONTESVILLE, 36083-770, JUIZ DE FORA, MG, BRASIL", "BANCO": "SICOOB", "LINHA_AVAL_NOME": "Crédito emergencial", "STATUS_OPERACIONAL": "CARTEIRA", "STATUS": "CARTEIRA" }, "geometry": { "type": "Point", "coordinates": [ -43.4050474, -21.7366874 ] } },
{ "type": "Feature", "properties": { "NROCNPJ_PAD": "52264691000134", "NOME_FANTASIA": "LANCHONETE E FRANGOLANDIA FRANGO CHIC", "RAZAO_SOCIAL": "LANCHONETE E FRANGOLANDIA FRANGO CHIC LTDA", "RESPONSAVEL": "EVALOPESDASILVAHOMEM", "MUNICIPIO": "JUIZ DE FORA", "ENDEE": "AVENIDA PRESIDENTE COSTA E SILVA, 1649, LOJA 01, SAO PEDRO, 36037-000, JUIZ DE FORA, MG, BRASIL", "BANCO": "SICOOB", "LINHA_AVAL_NOME": "Crédito emergencial", "STATUS_OPERACIONAL": "CARTEIRA", "STATUS": "CARTEIRA" }, "geometry": { "type": "Point", "coordinates": [ -43.3725108, -21.7726143 ] } },
{ "type": "Feature", "properties": { "NROCNPJ_PAD": "58807034000172", "NOME_FANTASIA": "GOSTIM MINEIRO", "RAZAO_SOCIAL": "MACHADO CARDOSO RESTAURANTE LTDA", "RESPONSAVEL": "GLAUCIAMACHADOFLORINDOCARDOSO|MARCELOFERNANDESCARDOSO", "MUNICIPIO": "JUIZ DE FORA", "ENDEE": "RUA TORREOES, 286, SANTA LUZIA, 36030-040, JUIZ DE FORA, MG, BRASIL", "BANCO": "SICOOB", "LINHA_AVAL_NOME": "Crédito emergencial", "STATUS_OPERACIONAL": "CARTEIRA", "STATUS": "CARTEIRA" }, "geometry": { "type": "Point", "coordinates": [ -43.3458112, -21.7849082 ] } },
{ "type": "Feature", "properties": { "NROCNPJ_PAD": "34830446000165", "NOME_FANTASIA": "ESPACO FRANCIANE AMARAL", "RAZAO_SOCIAL": "FRANCIANE MOREIRA AMARAL", "RESPONSAVEL": "FRANCIANEMOREIRAAMARAL", "MUNICIPIO": "JUIZ DE FORA", "ENDEE": "AVENIDA BARAO DO RIO BRANCO, 3925, LOJA 138, ALTO DOS PASSOS, 36021-630, JUIZ DE FORA, MG, BRASIL", "BANCO": "SICOOB", "LINHA_AVAL_NOME": "Crédito emergencial", "STATUS_OPERACIONAL": "CARTEIRA", "STATUS": "CARTEIRA" }, "geometry": { "type": "Point", "coordinates": [ -43.3476635, -21.7687331 ] } },
{ "type": "Feature", "properties": { "NROCNPJ_PAD": "63942366000108", "NOME_FANTASIA": "DROGARIA OLIVEIRA", "RAZAO_SOCIAL": "OLIVEIRA FARMA LTDA", "RESPONSAVEL": "IGORADRIANODEOLIVEIRA", "MUNICIPIO": "JUIZ DE FORA", "ENDEE": "RUA JOSE LOURENCO KELMER, 1044, SAO PEDRO, 36036-330, JUIZ DE FORA, MG, BRASIL", "BANCO": "SICOOB", "LINHA_AVAL_NOME": "Crédito emergencial", "STATUS_OPERACIONAL": "CARTEIRA", "STATUS": "CARTEIRA" }, "geometry": { "type": "Point", "coordinates": [ -43.3688388, -21.7685452 ] } },
{ "type": "Feature", "properties": { "NROCNPJ_PAD": "49615620000124", "NOME_FANTASIA": "CG SOLUCOES EM HIGIENIZACAO", "RAZAO_SOCIAL": "CG SOLUCOES EM HIGIENIZACAO LTDA", "RESPONSAVEL": "MARALUCIADACOSTAGOULART|RAFAELDACOSTAGOULART", "MUNICIPIO": "JUIZ DE FORA", "ENDEE": "RUA MARECHAL ZENOBIO DA COSTA, 36, BARBOSA LAGE, 36085-220, JUIZ DE FORA, MG, BRASIL", "BANCO": "SICOOB", "LINHA_AVAL_NOME": "Empreendedorismo Fem", "STATUS_OPERACIONAL": "CARTEIRA", "STATUS": "CARTEIRA" }, "geometry": { "type": "Point", "coordinates": [ -43.4025942, -21.7172276 ] } },
{ "type": "Feature", "properties": { "NROCNPJ_PAD": "13325370000140", "NOME_FANTASIA": "BAR E MERCEARIA ML", "RAZAO_SOCIAL": "MARCIO ANTONIO DE ANDRADE SILVA 04902170604", "RESPONSAVEL": "MARCIOANTONIODEANDRADESILVA", "MUNICIPIO": "JUIZ DE FORA", "ENDEE": "AVENIDA VEREADOR RAYMUNDO HARGREAVES, 16, MILHO BRANCO, 36083-770, JUIZ DE FORA, MG, BRASIL", "BANCO": "SICOOB", "LINHA_AVAL_NOME": "Crédito emergencial", "STATUS_OPERACIONAL": "CARTEIRA", "STATUS": "CARTEIRA" }, "geometry": { "type": "Point", "coordinates": [ -43.4047442, -21.7369676 ] } },
{ "type": "Feature", "properties": { "NROCNPJ_PAD": "53532287000167", "NOME_FANTASIA": "ASSESSORIA MAGNETIZ", "RAZAO_SOCIAL": "ASSESSORIA MAGNETIZ LTDA", "RESPONSAVEL": "LARISSAOLIVEIRADESOUZA", "MUNICIPIO": "JUIZ DE FORA", "ENDEE": "RUA IPANEMA, 193, MILHO BRANCO, 36083-240, JUIZ DE FORA, MG, BRASIL", "BANCO": "SICOOB", "LINHA_AVAL_NOME": "Giro", "STATUS_OPERACIONAL": "CARTEIRA", "STATUS": "CARTEIRA" }, "geometry": { "type": "Point", "coordinates": [ -43.4091558, -21.7432763 ] } },
{ "type": "Feature", "properties": { "NROCNPJ_PAD": "35325061000103", "NOME_FANTASIA": "AGRO ALVES", "RAZAO_SOCIAL": "AGROPECUARIA AGRO LUCAS LTDA", "RESPONSAVEL": "SILVIOSANTOSDEARAUJO|SUELENOLEGARIODASILVA", "MUNICIPIO": "JUIZ DE FORA", "ENDEE": "RUA PROFESSOR VILLAS BOUCADA, 117, SANTOS DUMONT, 36038-000, JUIZ DE FORA, MG, BRASIL", "BANCO": "SICOOB", "LINHA_AVAL_NOME": "Crédito emergencial", "STATUS_OPERACIONAL": "CARTEIRA", "STATUS": "CARTEIRA" }, "geometry": { "type": "Point", "coordinates": [ -43.384645, -21.7801637 ] } },
{ "type": "Feature", "properties": { "NROCNPJ_PAD": "60047009000180", "NOME_FANTASIA": "-", "RAZAO_SOCIAL": "60.047.009 LINDA VALERIA SCHUCHTER", "RESPONSAVEL": "LINDAVALERIASCHUCHTER", "MUNICIPIO": "JUIZ DE FORA", "ENDEE": "RUA LAURO TELES MESQUITA, 2, SAO PEDRO, 36037-060, JUIZ DE FORA, MG, BRASIL", "BANCO": "SICOOB", "LINHA_AVAL_NOME": "Crédito emergencial", "STATUS_OPERACIONAL": "CARTEIRA", "STATUS": "CARTEIRA" }, "geometry": { "type": "Point", "coordinates": [ -43.3720014, -21.7716704 ] } },
{ "type": "Feature", "properties": { "NROCNPJ_PAD": "59780863000171", "NOME_FANTASIA": "-", "RAZAO_SOCIAL": "59.780.863 ISABELLA MONTEIRO VALLE", "RESPONSAVEL": "ISABELLAMONTEIROVALLE", "MUNICIPIO": "JUIZ DE FORA", "ENDEE": "RUA IVON JOSE CURI, 880, PORTAL DA TORRE, 36037-467, JUIZ DE FORA, MG, BRASIL", "BANCO": "SICOOB", "LINHA_AVAL_NOME": "Giro", "STATUS_OPERACIONAL": "CARTEIRA", "STATUS": "CARTEIRA" }, "geometry": { "type": "Point", "coordinates": [ -43.3840955, -21.7668177 ] } },
{ "type": "Feature", "properties": { "NROCNPJ_PAD": "28455518000139", "NOME_FANTASIA": "-", "RAZAO_SOCIAL": "JULIANA DE OLIVEIRA PAULA COSTA 04616094608", "RESPONSAVEL": "JULIANADEOLIVEIRAPAULACOSTA", "MUNICIPIO": "JUIZ DE FORA", "ENDEE": "RUA PROFESSOR SALVADOR BERGO, 21, LOTE SN, SAO PEDRO, 36037-492, JUIZ DE FORA, MG, BRASIL", "BANCO": "SICOOB", "LINHA_AVAL_NOME": "Crédito emergencial", "STATUS_OPERACIONAL": "CARTEIRA", "STATUS": "CARTEIRA" }, "geometry": { "type": "Point", "coordinates": [ -43.3723652, -21.7709758 ] } },
{ "type": "Feature", "properties": { "NROCNPJ_PAD": "41852489000107", "NOME_FANTASIA": "-", "RAZAO_SOCIAL": "LE RO COMERCIO DE ROUPAS LTDA", "RESPONSAVEL": "ROSANAAPARECIDADEOLIVEIRA", "MUNICIPIO": "JUIZ DE FORA", "ENDEE": "GALERIA PIO X, 77, SALA 271, CENTRO, 36010-240, JUIZ DE FORA, MG, BRASIL", "BANCO": "SICOOB", "LINHA_AVAL_NOME": "Empreendedorismo Fem", "STATUS_OPERACIONAL": "CARTEIRA", "STATUS": "CARTEIRA" }, "geometry": { "type": "Point", "coordinates": [ -43.3484983, -21.7607124 ] } },
{ "type": "Feature", "properties": { "NROCNPJ_PAD": "26115628000126", "NOME_FANTASIA": "-", "RAZAO_SOCIAL": "GRAZIELE VILLAS BOAS FERREIRA 11475663641", "RESPONSAVEL": "GRAZIELEVILLASBOASFERREIRA", "MUNICIPIO": "JUIZ DE FORA", "ENDEE": "RUA DOMINGOS AUGUSTO GOLIATH, 52, CASA, SAO PEDRO, 36037-520, JUIZ DE FORA, MG, BRASIL", "BANCO": "SICOOB", "LINHA_AVAL_NOME": "Crédito emergencial", "STATUS_OPERACIONAL": "CARTEIRA", "STATUS": "CARTEIRA" }, "geometry": { "type": "Point", "coordinates": [ -43.3899738, -21.7674642 ] } },
{ "type": "Feature", "properties": { "NROCNPJ_PAD": "31910069000186", "NOME_FANTASIA": "-", "RAZAO_SOCIAL": "DOUTOR THEMER JABOUR VENUTO ODONTOLOGIA LTDA", "RESPONSAVEL": "TARIKJABOURVENUTO|THEMERJABOURVENUTO", "MUNICIPIO": "JUIZ DE FORA", "ENDEE": "TRAVESSA DOUTOR PRISCO, 11, LOJA, CENTRO, 36010-330, JUIZ DE FORA, MG, BRASIL", "BANCO": "SICOOB", "LINHA_AVAL_NOME": "Giro", "STATUS_OPERACIONAL": "CARTEIRA", "STATUS": "CARTEIRA" }, "geometry": { "type": "Point", "coordinates": [ -43.3419713, -21.7626201 ] } },
{ "type": "Feature", "properties": { "NROCNPJ_PAD": "36355052000128", "NOME_FANTASIA": "-", "RAZAO_SOCIAL": "INFINITY MEIAS LTDA", "RESPONSAVEL": "ROSILENEANDRESNASCIMENTO", "MUNICIPIO": "JUIZ DE FORA", "ENDEE": "RUA JOSE VICENTE, 541, LOJA, SANTA RITA DE CASSIA, 36051-320, JUIZ DE FORA, MG, BRASIL", "BANCO": "SICOOB", "LINHA_AVAL_NOME": "Giro", "STATUS_OPERACIONAL": "CARTEIRA", "STATUS": "CARTEIRA" }, "geometry": { "type": "Point", "coordinates": [ -43.3386004, -21.7372693 ] } },
{ "type": "Feature", "properties": { "NROCNPJ_PAD": "49434478000119", "NOME_FANTASIA": "-", "RAZAO_SOCIAL": "ESTACAO 2 IRMAOS RESTAURANTE LTDA", "RESPONSAVEL": "FELIPECESARPINTO|VINICIUSNEIVADEPAIVA", "MUNICIPIO": "JUIZ DE FORA", "ENDEE": "RUA MARIA DE ALMEIDA SILVA, 0, AREA A6 L3, TEIXEIRAS, 36033-012, JUIZ DE FORA, MG, BRASIL", "BANCO": "SICOOB", "LINHA_AVAL_NOME": "Crédito emergencial", "STATUS_OPERACIONAL": "CARTEIRA", "STATUS": "CARTEIRA" }, "geometry": { "type": "Point", "coordinates": [ -43.3622945, -21.7934357 ] } },
{ "type": "Feature", "properties": { "NROCNPJ_PAD": "43538540000136", "NOME_FANTASIA": "-", "RAZAO_SOCIAL": "43.538.540 SILVIA REGINA ROSA COSTA", "RESPONSAVEL": "SILVIAREGINAROSACOSTA", "MUNICIPIO": "JUIZ DE FORA", "ENDEE": "RUA DAS SAFIRAS, 166, MARILANDIA, 36039-320, JUIZ DE FORA, MG, BRASIL", "BANCO": "SICOOB", "LINHA_AVAL_NOME": "Giro", "STATUS_OPERACIONAL": "CARTEIRA", "STATUS": "CARTEIRA" }, "geometry": { "type": "Point", "coordinates": [ -43.3906503, -21.788327 ] } },
{ "type": "Feature", "properties": { "NROCNPJ_PAD": "12111158000118", "NOME_FANTASIA": "-", "RAZAO_SOCIAL": "ECOPRINT SOLUCOES DIGITAIS LTDA", "RESPONSAVEL": "MARCELOBASTOSRIBEIROKIRCHMAIR|TAIZIDANIELLIRIBEIROKIRCHMAIR", "MUNICIPIO": "JUIZ DE FORA", "ENDEE": "RUA JOSE KIRCHMAIER, 380, LOJA, SAO PEDRO, 36036-440, JUIZ DE FORA, MG, BRASIL", "BANCO": "SICOOB", "LINHA_AVAL_NOME": "Crédito emergencial", "STATUS_OPERACIONAL": "CARTEIRA", "STATUS": "CARTEIRA" }, "geometry": { "type": "Point", "coordinates": [ -43.3635396, -21.765638 ] } },
{ "type": "Feature", "properties": { "NROCNPJ_PAD": "13118564000175", "NOME_FANTASIA": "NATALY TRANSPORTES", "RAZAO_SOCIAL": "NATALY TRANSPORTES LTDA", "RESPONSAVEL": "JOSE HENRIQUE FERNANDES GAMA|NATALIA FILOMENA DE OLIVEIRA", "MUNICIPIO": "JUIZ DE FORA", "ENDEE": "RUA VIDAL DE NEGREIROS, 121, CASA 04, BENFICA, 36090-530, JUIZ DE FORA, MG, BRASIL", "BANCO": "BDMG", "LINHA_AVAL_NOME": "Crédito emergencial", "STATUS_OPERACIONAL": "RETORNAR_RESIDENCIAL", "STATUS": "RETORNAR_RESIDENCIAL" }, "geometry": { "type": "Point", "coordinates": [ -43.439511, -21.6895966 ] } },
{ "type": "Feature", "properties": { "NROCNPJ_PAD": "15593283000108", "NOME_FANTASIA": "LOBELLI LOCACOES", "RAZAO_SOCIAL": "LOBELLI TRANSPORTE TURISMO E LOCADORA LTDA", "RESPONSAVEL": "APARECIDOIRANIPEROBELLI|RICARDOLOPESPEROBELLI|RITADECASSIALOPESPEROBELLI", "MUNICIPIO": "JUIZ DE FORA", "ENDEE": "AVENIDA PRESIDENTE JUSCELINO KUBITSCHEK, 6413, NOVA ERA, 36090-000, JUIZ DE FORA, MG, BRASIL", "BANCO": "SICOOB", "LINHA_AVAL_NOME": "Giro", "STATUS_OPERACIONAL": "RETORNAR_RESIDENCIAL", "STATUS": "RETORNAR_RESIDENCIAL" }, "geometry": { "type": "Point", "coordinates": [ -43.4326247, -21.6915531 ] } },
{ "type": "Feature", "properties": { "NROCNPJ_PAD": "42063946000147", "NOME_FANTASIA": "LEROY MRO", "RAZAO_SOCIAL": "LEROY MRO SUPRIMENTOS LTDA", "RESPONSAVEL": "EMANOEL RODRIGUES MOTTA", "MUNICIPIO": "JUIZ DE FORA", "ENDEE": "RUA JOAQUIM MANOEL DE SOUZA, 130, LOJA ., NOVA BENFICA, 36091-080, JUIZ DE FORA, MG, BRASIL", "BANCO": "BDMG", "LINHA_AVAL_NOME": "Crédito emergencial", "STATUS_OPERACIONAL": "RETORNAR_RESIDENCIAL", "STATUS": "RETORNAR_RESIDENCIAL" }, "geometry": { "type": "Point", "coordinates": [ -43.4418916, -21.7020915 ] } },
{ "type": "Feature", "properties": { "NROCNPJ_PAD": "46708397000171", "NOME_FANTASIA": "SERVICE", "RAZAO_SOCIAL": "SERVICE ADMINISTRACAO LTDA", "RESPONSAVEL": "FLAVIO BARROS HOMEM DE FARIA", "MUNICIPIO": "JUIZ DE FORA", "ENDEE": "RUA ALVARO CRUZ, 65, GALPAO02, SANTA CRUZ, 36087-460, JUIZ DE FORA, MG, BRASIL", "BANCO": "BDMG", "LINHA_AVAL_NOME": "Crédito emergencial", "STATUS_OPERACIONAL": "RETORNAR_RESIDENCIAL", "STATUS": "RETORNAR_RESIDENCIAL" }, "geometry": { "type": "Point", "coordinates": [ -43.4308202, -21.7033022 ] } },
{ "type": "Feature", "properties": { "NROCNPJ_PAD": "31377470000100", "NOME_FANTASIA": "BRUCY MORAES REPRESENTACOES", "RAZAO_SOCIAL": "KMH SOLUCOES LTDA", "RESPONSAVEL": "BRUCY MORAES CORREA", "MUNICIPIO": "JUIZ DE FORA", "ENDEE": "RUA SAO JOAO DEL REI, 480, GALPAO102, ELDORADO, 36046-250, JUIZ DE FORA, MG, BRASIL", "BANCO": "BDMG", "LINHA_AVAL_NOME": "Crédito emergencial", "STATUS_OPERACIONAL": "RETORNAR_RESIDENCIAL", "STATUS": "RETORNAR_RESIDENCIAL" }, "geometry": { "type": "Point", "coordinates": [ -43.3607798, -21.7326899 ] } },
{ "type": "Feature", "properties": { "NROCNPJ_PAD": "34630040000139", "NOME_FANTASIA": "WWD CONTABIL", "RAZAO_SOCIAL": "34.630.040 VIRGILIO DE OLIVEIRA FERREIRA", "RESPONSAVEL": "VIRGILIODEOLIVEIRAFERREIRA", "MUNICIPIO": "JUIZ DE FORA", "ENDEE": "RUA PROFESSOR FRANCISCO FARIA, 97, APT 301, BAIRU, 36050-140, JUIZ DE FORA, MG, BRASIL", "BANCO": "SICOOB", "LINHA_AVAL_NOME": "Giro", "STATUS_OPERACIONAL": "RETORNAR_RESIDENCIAL", "STATUS": "RETORNAR_RESIDENCIAL" }, "geometry": { "type": "Point", "coordinates": [ -43.3483853, -21.740055 ] } },
{ "type": "Feature", "properties": { "NROCNPJ_PAD": "47195033000106", "NOME_FANTASIA": "PEDRO TRANSPORTES", "RAZAO_SOCIAL": "PEDRO TRANSPORTES LTDA", "RESPONSAVEL": "PEDRO PAULO FARIA JUNIOR", "MUNICIPIO": "JUIZ DE FORA", "ENDEE": "RUA CUSTODIO TRISTAO, 300, APT 1502 T5, SANTA TEREZINHA, 36045-440, JUIZ DE FORA, MG, BRASIL", "BANCO": "SICREDI 2", "LINHA_AVAL_NOME": "Giro", "STATUS_OPERACIONAL": "RETORNAR_RESIDENCIAL", "STATUS": "RETORNAR_RESIDENCIAL" }, "geometry": { "type": "Point", "coordinates": [ -43.3655456, -21.741927 ] } },
{ "type": "Feature", "properties": { "NROCNPJ_PAD": "57451988000122", "NOME_FANTASIA": "ALPHA CORRETORA DE SEGUROS", "RAZAO_SOCIAL": "FRP CORRETORA DE SEGUROS LTDA", "RESPONSAVEL": "FABIANA RAMOS PASCINI", "MUNICIPIO": "JUIZ DE FORA", "ENDEE": "RUA SAO MATEUS, 1250, 202 BLOCO A, SAO MATEUS, 36025-001, JUIZ DE FORA, MG, BRASIL", "BANCO": "SICREDI 2", "LINHA_AVAL_NOME": "Empreendedorismo Fem", "STATUS_OPERACIONAL": "RETORNAR_RESIDENCIAL", "STATUS": "RETORNAR_RESIDENCIAL" }, "geometry": { "type": "Point", "coordinates": [ -43.3571795, -21.7785535 ] } },
{ "type": "Feature", "properties": { "NROCNPJ_PAD": "39839546000176", "NOME_FANTASIA": "-", "RAZAO_SOCIAL": "GEORGE VOGEL", "RESPONSAVEL": "GEORGE VOGEL DE ARAUJO", "MUNICIPIO": "JUIZ DE FORA", "ENDEE": "RUA PETALA MISTERIOSA, 300, 801 BL 6, ESTRELA SUL, 36030-716, JUIZ DE FORA, MG, BRASIL", "BANCO": "BDMG", "LINHA_AVAL_NOME": "Crédito emergencial", "STATUS_OPERACIONAL": "RETORNAR_RESIDENCIAL", "STATUS": "RETORNAR_RESIDENCIAL" }, "geometry": { "type": "Point", "coordinates": [ -43.3572309, -21.7858434 ] } },
{ "type": "Feature", "properties": { "NROCNPJ_PAD": "48325147000188", "NOME_FANTASIA": "JS NET TELECOM FIBRA", "RAZAO_SOCIAL": "JS NET TELECOM FIBRA LTDA", "RESPONSAVEL": "MARIAAPARECIDAARAUJOSOBRAL", "MUNICIPIO": "JUIZ DE FORA", "ENDEE": "RUA DOUTOR KALIL ABRAHAO HALLACK, 21, SANTA CRUZ, 36088-332, JUIZ DE FORA, MG, BRASIL", "BANCO": "SICOOB", "LINHA_AVAL_NOME": "Giro", "STATUS_OPERACIONAL": "RETORNAR_RESIDENCIAL", "STATUS": "RETORNAR_RESIDENCIAL" }, "geometry": { "type": "Point", "coordinates": [ -43.4368539, -21.7143216 ] } },
{ "type": "Feature", "properties": { "NROCNPJ_PAD": "51056558000120", "NOME_FANTASIA": "GF TRANSPORTES", "RAZAO_SOCIAL": "51.056.558 GERALDO FERNANDES DE SALES", "RESPONSAVEL": "GERALDO FERNANDES DE SALES", "MUNICIPIO": "JUIZ DE FORA", "ENDEE": "RUA DA DIVINA MISERICORDIA, 01, CASA 2, VERBO DIVINO, 36087-723, JUIZ DE FORA, MG, BRASIL", "BANCO": "SICREDI 2", "LINHA_AVAL_NOME": "Giro", "STATUS_OPERACIONAL": "RETORNAR_RESIDENCIAL", "STATUS": "RETORNAR_RESIDENCIAL" }, "geometry": { "type": "Point", "coordinates": [ -43.4380165, -21.7044492 ] } },
{ "type": "Feature", "properties": { "NROCNPJ_PAD": "43170369000155", "NOME_FANTASIA": "BRAZA LABS", "RAZAO_SOCIAL": "BRAZA LABS LTDA", "RESPONSAVEL": "VINICIUS VERISSIMO DE SA MADEIRA", "MUNICIPIO": "JUIZ DE FORA", "ENDEE": "AVENIDA BARAO DO RIO BRANCO, 229, APT 510 A, MANOEL HONORIO, 36045-120, JUIZ DE FORA, MG, BRASIL", "BANCO": "BDMG", "LINHA_AVAL_NOME": "Giro", "STATUS_OPERACIONAL": "RETORNAR_RESIDENCIAL", "STATUS": "RETORNAR_RESIDENCIAL" }, "geometry": { "type": "Point", "coordinates": [ -43.3562249, -21.7349783 ] } },
{ "type": "Feature", "properties": { "NROCNPJ_PAD": "46647960000149", "NOME_FANTASIA": "T&A SOLUCOES AMBIENTAIS", "RAZAO_SOCIAL": "T&A SOLUCOES AMBIENTAIS LTDA", "RESPONSAVEL": "TAYSCRISTINADOSSANTOS", "MUNICIPIO": "JUIZ DE FORA", "ENDEE": "TRAVESSA A, 10, NOVA ERA, 36087-425, JUIZ DE FORA, MG, BRASIL", "BANCO": "SICOOB", "LINHA_AVAL_NOME": "Empreendedorismo Fem", "STATUS_OPERACIONAL": "RETORNAR_RESIDENCIAL", "STATUS": "RETORNAR_RESIDENCIAL" }, "geometry": { "type": "Point", "coordinates": [ -43.3459272, -21.7343698 ] } },
{ "type": "Feature", "properties": { "NROCNPJ_PAD": "47711579000164", "NOME_FANTASIA": "-", "RAZAO_SOCIAL": "HG MATERIAIS GRAFICOS LTDA", "RESPONSAVEL": "PEDROPAULOHEREDIAAZEVEDO", "MUNICIPIO": "JUIZ DE FORA", "ENDEE": "RUA JOSE ALBUQUERQUE DE MORAIS, 260, NOVA ERA, 36087-367, JUIZ DE FORA, MG, BRASIL", "BANCO": "SICOOB", "LINHA_AVAL_NOME": "Giro", "STATUS_OPERACIONAL": "RETORNAR_RESIDENCIAL", "STATUS": "RETORNAR_RESIDENCIAL" }, "geometry": { "type": "Point", "coordinates": [ -43.4276927, -21.7118576 ] } },
{ "type": "Feature", "properties": { "NROCNPJ_PAD": "21912855000169", "NOME_FANTASIA": "HARD TEC", "RAZAO_SOCIAL": "JEOSAFA WILLIAM DE JESUS 07297563609", "RESPONSAVEL": "JEOSAFAWILLIAMDEJESUS", "MUNICIPIO": "JUIZ DE FORA", "ENDEE": "RUA JOAQUIM AFONSO DE MELLO, 16, NOVA ERA, 36087-435, JUIZ DE FORA, MG, BRASIL", "BANCO": "SICOOB", "LINHA_AVAL_NOME": "Giro", "STATUS_OPERACIONAL": "CARTEIRA", "STATUS": "CARTEIRA" }, "geometry": { "type": "Point", "coordinates": [ -43.4261531, -21.7032208 ] } },
{ "type": "Feature", "properties": { "NROCNPJ_PAD": "46682073000101", "NOME_FANTASIA": "-", "RAZAO_SOCIAL": "MOTORSPORT OFICINA LTDA", "RESPONSAVEL": "-", "MUNICIPIO": "JUIZ DE FORA", "ENDEE": "RUA PARACATU, 1642, BANDEIRANTES, 36047-040, JUIZ DE FORA, MG, BRASIL", "BANCO": "BRADESCO", "LINHA_AVAL_NOME": "Empreendedorismo Fem", "STATUS_OPERACIONAL": "RETORNAR_COMERCIAL", "STATUS": "RETORNAR_COMERCIAL" }, "geometry": { "type": "Point", "coordinates": [ -43.3500399, -21.7248976 ] } },
{ "type": "Feature", "properties": { "NROCNPJ_PAD": "59334837000110", "NOME_FANTASIA": "OZ RESTAURANTE", "RAZAO_SOCIAL": "OZ RESTAURANTE LTDA", "RESPONSAVEL": "FRANCESCADAVIDIMBROINISEOAZEMDEREZENDE", "MUNICIPIO": "JUIZ DE FORA", "ENDEE": "RUA SARGENTO CUNHA, 340, BANDEIRANTES, 36047-010, JUIZ DE FORA, MG, BRASIL", "BANCO": "SICOOB", "LINHA_AVAL_NOME": "Giro", "STATUS_OPERACIONAL": "RETORNAR_COMERCIAL", "STATUS": "RETORNAR_COMERCIAL" }, "geometry": { "type": "Point", "coordinates": [ -43.3553348, -21.7249582 ] } },
{ "type": "Feature", "properties": { "NROCNPJ_PAD": "58408081000143", "NOME_FANTASIA": "FATTORIA", "RAZAO_SOCIAL": "FATTORIA LTDA", "RESPONSAVEL": "ARYCARLOS FORTES DE OLIVEIRA|BEATRIZ MARIA GERHEIM DE VASCONCELLOS|EDUARDO GERHEIM FORTES VASCONCELLOS DE OLIVEI", "MUNICIPIO": "JUIZ DE FORA", "ENDEE": "RUA SARGENTO CUNHA, 340, LOJA 1, BANDEIRANTES, 36047-010, JUIZ DE FORA, MG, BRASIL", "BANCO": "BDMG", "LINHA_AVAL_NOME": "Crédito emergencial", "STATUS_OPERACIONAL": "RETORNAR_COMERCIAL", "STATUS": "RETORNAR_COMERCIAL" }, "geometry": { "type": "Point", "coordinates": [ -43.3553348, -21.7249582 ] } },
{ "type": "Feature", "properties": { "NROCNPJ_PAD": "43290316000178", "NOME_FANTASIA": "ATIV STUDIO", "RAZAO_SOCIAL": "ATIV STUDIO LTDA", "RESPONSAVEL": "FELIPE LUIS ZANCANELA DE ALMEIDA", "MUNICIPIO": "JUIZ DE FORA", "ENDEE": "RUA PARACATU, 672, SANTA TEREZINHA, 36046-040, JUIZ DE FORA, MG, BRASIL", "BANCO": "BDMG", "LINHA_AVAL_NOME": "Crédito emergencial", "STATUS_OPERACIONAL": "RETORNAR_COMERCIAL", "STATUS": "RETORNAR_COMERCIAL" }, "geometry": { "type": "Point", "coordinates": [ -43.3562763, -21.7292736 ] } },
{ "type": "Feature", "properties": { "NROCNPJ_PAD": "21750482000177", "NOME_FANTASIA": "-", "RAZAO_SOCIAL": "GILCIMAR FURTUNATO PACHECO 04377622625", "RESPONSAVEL": "GILCIMARFURTUNATOPACHECO", "MUNICIPIO": "JUIZ DE FORA", "ENDEE": "RUA MARUMBI, 575, MARUMBI, 36051-040, JUIZ DE FORA, MG, BRASIL", "BANCO": "SICOOB", "LINHA_AVAL_NOME": "Crédito emergencial", "STATUS_OPERACIONAL": "RETORNAR_COMERCIAL", "STATUS": "RETORNAR_COMERCIAL" }, "geometry": { "type": "Point", "coordinates": [ -43.3414814, -21.7304701 ] } },
{ "type": "Feature", "properties": { "NROCNPJ_PAD": "54756000000145", "NOME_FANTASIA": "-", "RAZAO_SOCIAL": "BIGODINHO VEICULOS LTDA.", "RESPONSAVEL": "-", "MUNICIPIO": "JUIZ DE FORA", "ENDEE": "RUA PARACATU, 477, SANTA TEREZINHA, 36046-040, JUIZ DE FORA, MG, BRASIL", "BANCO": "BRADESCO", "LINHA_AVAL_NOME": "GIRO", "STATUS_OPERACIONAL": "RETORNAR_COMERCIAL", "STATUS": "RETORNAR_COMERCIAL" }, "geometry": { "type": "Point", "coordinates": [ -43.3569386, -21.731024 ] } },
{ "type": "Feature", "properties": { "NROCNPJ_PAD": "59446870000131", "NOME_FANTASIA": "-", "RAZAO_SOCIAL": "QUARKS EDU LTDA", "RESPONSAVEL": "WILLIANS DUQUE DE MORAES LISBOA", "MUNICIPIO": "JUIZ DE FORA", "ENDEE": "AVENIDA RUI BARBOSA, 1449, LOJA 101, SANTA TEREZINHA, 36046-000, JUIZ DE FORA, MG, BRASIL", "BANCO": "BDMG", "LINHA_AVAL_NOME": "Crédito emergencial", "STATUS_OPERACIONAL": "RETORNAR_COMERCIAL", "STATUS": "RETORNAR_COMERCIAL" }, "geometry": { "type": "Point", "coordinates": [ -43.3592788, -21.7351538 ] } },
{ "type": "Feature", "properties": { "NROCNPJ_PAD": "40768827000164", "NOME_FANTASIA": "LOJAS DIEGO", "RAZAO_SOCIAL": "LOJAS DIEGO LTDA", "RESPONSAVEL": "DIEGO MORAES DELGADO", "MUNICIPIO": "JUIZ DE FORA", "ENDEE": "RUA MARECHAL DEODORO, 254, LOJA ., CENTRO, 36013-000, JUIZ DE FORA, MG, BRASIL", "BANCO": "BDMG", "LINHA_AVAL_NOME": "Crédito emergencial", "STATUS_OPERACIONAL": "RETORNAR_COMERCIAL", "STATUS": "RETORNAR_COMERCIAL" }, "geometry": { "type": "Point", "coordinates": [ -43.3466714, -21.7595371 ] } },
{ "type": "Feature", "properties": { "NROCNPJ_PAD": "36259227000101", "NOME_FANTASIA": "CONFIANCE SEMIJOAIS", "RAZAO_SOCIAL": "CONFIANCE SEMIJOIAS LTDA", "RESPONSAVEL": "MARCIOGONCALVESMACEDO", "MUNICIPIO": "JUIZ DE FORA", "ENDEE": "RUA MARECHAL DEODORO, 230, SALA 401 SALA 402, CENTRO, 36013-001, JUIZ DE FORA, MG, BRASIL", "BANCO": "SICOOB", "LINHA_AVAL_NOME": "Crédito emergencial", "STATUS_OPERACIONAL": "RETORNAR_COMERCIAL", "STATUS": "RETORNAR_COMERCIAL" }, "geometry": { "type": "Point", "coordinates": [ -43.3464005, -21.7595614 ] } },
{ "type": "Feature", "properties": { "NROCNPJ_PAD": "27970910000153", "NOME_FANTASIA": "CASA DOS COLCHOES", "RAZAO_SOCIAL": "RAIDEL DE SOUZA PURGATO", "RESPONSAVEL": "-", "MUNICIPIO": "JUIZ DE FORA", "ENDEE": "RUA SANTA RITA, 00209, CENTRO, 36010-070, JUIZ DE FORA, MG, BRASIL", "BANCO": "BRADESCO", "LINHA_AVAL_NOME": "GIRO", "STATUS_OPERACIONAL": "RETORNAR_COMERCIAL", "STATUS": "RETORNAR_COMERCIAL" }, "geometry": { "type": "Point", "coordinates": [ -43.3455245, -21.762082 ] } },
{ "type": "Feature", "properties": { "NROCNPJ_PAD": "37932516000184", "NOME_FANTASIA": "VOLPI COLCHOES", "RAZAO_SOCIAL": "HS2R COLCHOES LTDA", "RESPONSAVEL": "HEMILLE MARTINS BARBOSA|RICARDO EUGENIO ALVES APOLINARIO", "MUNICIPIO": "JUIZ DE FORA", "ENDEE": "RUA SANTA RITA, 308, LOJA, CENTRO, 36010-071, JUIZ DE FORA, MG, BRASIL", "BANCO": "BDMG", "LINHA_AVAL_NOME": "Crédito emergencial", "STATUS_OPERACIONAL": "RETORNAR_COMERCIAL", "STATUS": "RETORNAR_COMERCIAL" }, "geometry": { "type": "Point", "coordinates": [ -43.3466367, -21.7621017 ] } },
{ "type": "Feature", "properties": { "NROCNPJ_PAD": "12751076000138", "NOME_FANTASIA": "-", "RAZAO_SOCIAL": "12.751.076 GLEDSON BRAGA FAVERO", "RESPONSAVEL": "GLEDSONBRAGAFAVERO", "MUNICIPIO": "JUIZ DE FORA", "ENDEE": "RUA SANTO ANTONIO, 990, SALA 1204, CENTRO, 36016-210, JUIZ DE FORA, MG, BRASIL", "BANCO": "SICOOB", "LINHA_AVAL_NOME": "Crédito emergencial", "STATUS_OPERACIONAL": "RETORNAR_COMERCIAL", "STATUS": "RETORNAR_COMERCIAL" }, "geometry": { "type": "Point", "coordinates": [ -43.3510832, -21.7623068 ] } },
{ "type": "Feature", "properties": { "NROCNPJ_PAD": "26278706000103", "NOME_FANTASIA": "RESERVA", "RAZAO_SOCIAL": "SILVA E DIAS COMERCIO DE VESTUARIOS LTDA", "RESPONSAVEL": "PATRICIA SILVA DIAS", "MUNICIPIO": "JUIZ DE FORA", "ENDEE": "AVENIDA PRESIDENTE ITAMAR FRANCO, 3600, LOJA 280, SAO MATEUS, 36025-290, JUIZ DE FORA, MG, BRASIL", "BANCO": "BDMG", "LINHA_AVAL_NOME": "Crédito emergencial", "STATUS_OPERACIONAL": "RETORNAR_COMERCIAL", "STATUS": "RETORNAR_COMERCIAL" }, "geometry": { "type": "Point", "coordinates": [ -43.359927, -21.7805604 ] } },
{ "type": "Feature", "properties": { "NROCNPJ_PAD": "50916161000106", "NOME_FANTASIA": "MADAME GEVAH", "RAZAO_SOCIAL": "MGV LTDA", "RESPONSAVEL": "AMELI GABRIELE BATISTA FERNANDES GABRIEL|WESLEY JOSE FERREIRA DE CARVALHO", "MUNICIPIO": "JUIZ DE FORA", "ENDEE": "AVENIDA GETULIO VARGAS, 528, CENTRO, 36013-010, JUIZ DE FORA, MG, BRASIL", "BANCO": "BDMG", "LINHA_AVAL_NOME": "Crédito emergencial", "STATUS_OPERACIONAL": "RETORNAR_COMERCIAL", "STATUS": "RETORNAR_COMERCIAL" }, "geometry": { "type": "Point", "coordinates": [ -43.3469253, -21.7597214 ] } },
{ "type": "Feature", "properties": { "NROCNPJ_PAD": "14227855000164", "NOME_FANTASIA": "ROSQUINHAS BEL SABOR", "RAZAO_SOCIAL": "BEL SABOR INDUSTRIA E COMERCIO DE BISCOITOS LTDA", "RESPONSAVEL": "NIURIA FLORENZANO COIMBRA|OTINO DA SILVA COIMBRA", "MUNICIPIO": "JUIZ DE FORA", "ENDEE": "RUA ESPERANTO, 185, BANDEIRANTES, 36047-060, JUIZ DE FORA, MG, BRASIL", "BANCO": "BDMG", "LINHA_AVAL_NOME": "Crédito emergencial", "STATUS_OPERACIONAL": "RETORNAR_COMERCIAL", "STATUS": "RETORNAR_COMERCIAL" }, "geometry": { "type": "Point", "coordinates": [ -43.352014, -21.7249842 ] } },
{ "type": "Feature", "properties": { "NROCNPJ_PAD": "57433026000140", "NOME_FANTASIA": "MAXSORRISO", "RAZAO_SOCIAL": "MAX JUIZ DE FORA CLINICA ODONTOLOGICA LTDA", "RESPONSAVEL": "-", "MUNICIPIO": "JUIZ DE FORA", "ENDEE": "AVENIDA DOUTOR PAULO JAPIASSU COELHO, 220, CASCATINHA, 36033-310, JUIZ DE FORA, MG, BRASIL", "BANCO": "BRADESCO", "LINHA_AVAL_NOME": "Giro", "STATUS_OPERACIONAL": "RETORNAR_COMERCIAL", "STATUS": "RETORNAR_COMERCIAL" }, "geometry": { "type": "Point", "coordinates": [ -43.3636968, -21.7855272 ] } },
{ "type": "Feature", "properties": { "NROCNPJ_PAD": "32142822000101", "NOME_FANTASIA": "CORRECTOR CAR", "RAZAO_SOCIAL": "FINATECH COMPANY LTDA", "RESPONSAVEL": "-", "MUNICIPIO": "JUIZ DE FORA", "ENDEE": "AVENIDA DOUTOR PAULO JAPIASSU COELHO, 211, CASCATINHA, 36033-310, JUIZ DE FORA, MG, BRASIL", "BANCO": "BRADESCO", "LINHA_AVAL_NOME": "GIRO", "STATUS_OPERACIONAL": "RETORNAR_COMERCIAL", "STATUS": "RETORNAR_COMERCIAL" }, "geometry": { "type": "Point", "coordinates": [ -43.3638343, -21.7858136 ] } },
{ "type": "Feature", "properties": { "NROCNPJ_PAD": "19265051000173", "NOME_FANTASIA": "SCOOBY LANCHES", "RAZAO_SOCIAL": "L.L. LANCHONETE LTDA", "RESPONSAVEL": "LARISSAFONSECAFERREIRA", "MUNICIPIO": "JUIZ DE FORA", "ENDEE": "RUA DIOGO ALVARES, 506, LOJA LOJA, BENFICA, 36090-320, JUIZ DE FORA, MG, BRASIL", "BANCO": "SICOOB", "LINHA_AVAL_NOME": "Giro", "STATUS_OPERACIONAL": "RETORNAR_COMERCIAL", "STATUS": "RETORNAR_COMERCIAL" }, "geometry": { "type": "Point", "coordinates": [ -43.434215, -21.688223 ] } },
{ "type": "Feature", "properties": { "NROCNPJ_PAD": "13935951000102", "NOME_FANTASIA": "PILATI SUNGLASSES", "RAZAO_SOCIAL": "PILATI COMERCIO LTDA", "RESPONSAVEL": "MARCELAPILATISILVAESOUZA|MARILDADEFATIMALOPES", "MUNICIPIO": "JUIZ DE FORA", "ENDEE": "RUA BATISTA DE OLIVEIRA, 760, LOJA, CENTRO, 36010-121, JUIZ DE FORA, MG, BRASIL", "BANCO": "SICOOB", "LINHA_AVAL_NOME": "Giro", "STATUS_OPERACIONAL": "RETORNAR_COMERCIAL", "STATUS": "RETORNAR_COMERCIAL" }, "geometry": { "type": "Point", "coordinates": [ -43.346531, -21.762603 ] } },
{ "type": "Feature", "properties": { "NROCNPJ_PAD": "20455049000146", "NOME_FANTASIA": "-", "RAZAO_SOCIAL": "ROCHA E GUEDES CONSERVADORA LTDA", "RESPONSAVEL": "-", "MUNICIPIO": "JUIZ DE FORA", "ENDEE": "RUA BENJAMIN CONSTANT, 903, SANTA HELENA, 36015-400, JUIZ DE FORA, MG, BRASIL", "BANCO": "BRADESCO", "LINHA_AVAL_NOME": "GIRO", "STATUS_OPERACIONAL": "RETORNAR_COMERCIAL", "STATUS": "RETORNAR_COMERCIAL" }, "geometry": { "type": "Point", "coordinates": [ -43.3529644, -21.7569885 ] } },
{ "type": "Feature", "properties": { "NROCNPJ_PAD": "31222803000114", "NOME_FANTASIA": "CASA DA BELLA", "RAZAO_SOCIAL": "BELITA PAES ARTESANAIS LTDA", "RESPONSAVEL": "ISABELLA FONTES DE OLIVEIRA", "MUNICIPIO": "JUIZ DE FORA", "ENDEE": "RUA BATISTA DE OLIVEIRA, 971, LOJA LOJA, CENTRO, 36010-532, JUIZ DE FORA, MG, BRASIL", "BANCO": "SICREDI 2", "LINHA_AVAL_NOME": "Empreendedorismo Fem", "STATUS_OPERACIONAL": "RETORNAR_COMERCIAL", "STATUS": "RETORNAR_COMERCIAL" }, "geometry": { "type": "Point", "coordinates": [ -43.3458746, -21.7643817 ] } },
{ "type": "Feature", "properties": { "NROCNPJ_PAD": "20903899000160", "NOME_FANTASIA": "STUDIO CARLA SOUZA", "RAZAO_SOCIAL": "20.903.899 CARLA CALIXTO DE SOUZA", "RESPONSAVEL": "CARLA CALIXTO DE SOUZA", "MUNICIPIO": "JUIZ DE FORA", "ENDEE": "RUA BATISTA DE OLIVEIRA, 470, SALA 604, CENTRO, 36010-120, JUIZ DE FORA, MG, BRASIL", "BANCO": "BDMG", "LINHA_AVAL_NOME": "Giro", "STATUS_OPERACIONAL": "RETORNAR_COMERCIAL", "STATUS": "RETORNAR_COMERCIAL" }, "geometry": { "type": "Point", "coordinates": [ -43.347244, -21.760068 ] } },
{ "type": "Feature", "properties": { "NROCNPJ_PAD": "22392613000154", "NOME_FANTASIA": "SALAO MARI MATTOS", "RAZAO_SOCIAL": "ESPACO MARI MATTOS CENTRO DE BELEZA LTDA", "RESPONSAVEL": "MARILUCE DA SILVA MATOS", "MUNICIPIO": "JUIZ DE FORA", "ENDEE": "RUA BATISTA DE OLIVEIRA, 1024, LOJA, CENTRO, 36010-532, JUIZ DE FORA, MG, BRASIL", "BANCO": "SICREDI 2", "LINHA_AVAL_NOME": "Empreendedorismo Fem", "STATUS_OPERACIONAL": "RETORNAR_COMERCIAL", "STATUS": "RETORNAR_COMERCIAL" }, "geometry": { "type": "Point", "coordinates": [ -43.3459695, -21.7648832 ] } },
{ "type": "Feature", "properties": { "NROCNPJ_PAD": "55886643000176", "NOME_FANTASIA": "THE PIZZA JOHN", "RAZAO_SOCIAL": "THE PIZZA JOHN LTDA", "RESPONSAVEL": "JOAO PAULO RIBEIRO EVARISTO", "MUNICIPIO": "JUIZ DE FORA", "ENDEE": "RUA BARBOSA LIMA, 276, LJ, CENTRO, 36010-050, JUIZ DE FORA, MG, BRASIL", "BANCO": "BDMG", "LINHA_AVAL_NOME": "Crédito emergencial", "STATUS_OPERACIONAL": "RETORNAR_COMERCIAL", "STATUS": "RETORNAR_COMERCIAL" }, "geometry": { "type": "Point", "coordinates": [ -43.3457813, -21.7624289 ] } },
{ "type": "Feature", "properties": { "NROCNPJ_PAD": "05161733000121", "NOME_FANTASIA": "LIGATEL ALARMES", "RAZAO_SOCIAL": "GLAUCE DE FATIMA SOBREIRA SOARES", "RESPONSAVEL": "GLAUCE DE FATIMA SOBREIRA SOARES", "MUNICIPIO": "JUIZ DE FORA", "ENDEE": "RUA BARBOSA LIMA, 263, LOJA, CENTRO, 36010-050, JUIZ DE FORA, MG, BRASIL", "BANCO": "BDMG", "LINHA_AVAL_NOME": "Crédito emergencial", "STATUS_OPERACIONAL": "RETORNAR_COMERCIAL", "STATUS": "RETORNAR_COMERCIAL" }, "geometry": { "type": "Point", "coordinates": [ -43.345642, -21.762581 ] } },
{ "type": "Feature", "properties": { "NROCNPJ_PAD": "17499039000106", "NOME_FANTASIA": "-", "RAZAO_SOCIAL": "MAGNUM ROUPAS LTDA", "RESPONSAVEL": "-", "MUNICIPIO": "JUIZ DE FORA", "ENDEE": "RUA BARAO DE SAO JOAO NEPOMUCENO, 251, LOJA, CENTRO, 36010-081, JUIZ DE FORA, MG, BRASIL", "BANCO": "BRADESCO", "LINHA_AVAL_NOME": "-", "STATUS_OPERACIONAL": "RETORNAR_COMERCIAL", "STATUS": "RETORNAR_COMERCIAL" }, "geometry": { "type": "Point", "coordinates": [ -43.3475877, -21.7618693 ] } },
{ "type": "Feature", "properties": { "NROCNPJ_PAD": "41880527000135", "NOME_FANTASIA": "NC TOPOGRAFIA E CONSTRUCOES", "RAZAO_SOCIAL": "N C TOPOGRAFIA E CONSTRUCOES LTDA", "RESPONSAVEL": "-", "MUNICIPIO": "JUIZ DE FORA", "ENDEE": "RUA AUGUSTO BRAGAGNOLO, 10, SALA 201, SANTA LUZIA, 36030-105, JUIZ DE FORA, MG, BRASIL", "BANCO": "BRADESCO", "LINHA_AVAL_NOME": "GIRO", "STATUS_OPERACIONAL": "RETORNAR_COMERCIAL", "STATUS": "RETORNAR_COMERCIAL" }, "geometry": { "type": "Point", "coordinates": [ -43.3484161, -21.7835132 ] } },
{ "type": "Feature", "properties": { "NROCNPJ_PAD": "49628305000131", "NOME_FANTASIA": "-", "RAZAO_SOCIAL": "SOUZA SERVICOS E MANUTENCAO ELETRICA LTDA", "RESPONSAVEL": "RONALDO APARECIDO DE SOUZA", "MUNICIPIO": "JUIZ DE FORA", "ENDEE": "RUA AMERICO LUZ, 431, MANOEL HONORIO, 36045-010, JUIZ DE FORA, MG, BRASIL", "BANCO": "BDMG", "LINHA_AVAL_NOME": "Crédito emergencial", "STATUS_OPERACIONAL": "CARTEIRA", "STATUS": "CARTEIRA" }, "geometry": { "type": "Point", "coordinates": [ -43.3525354, -21.7424772 ] } },
{ "type": "Feature", "properties": { "NROCNPJ_PAD": "15636281000140", "NOME_FANTASIA": "RESTAURANTE DA LILI", "RAZAO_SOCIAL": "E A DE ALMEIDA RESTAURANTE DA LILI", "RESPONSAVEL": "ELIANAARAUJODEALMEIDA", "MUNICIPIO": "JUIZ DE FORA", "ENDEE": "RUA PROFESSORA HELENA ANTIPOFF, 98, LOJA LOJA, BENFICA, 36090-650, JUIZ DE FORA, MG, BRASIL", "BANCO": "SICOOB", "LINHA_AVAL_NOME": "Empreendedorismo Fem", "STATUS_OPERACIONAL": "RETORNAR_COMERCIAL", "STATUS": "RETORNAR_COMERCIAL" }, "geometry": { "type": "Point", "coordinates": [ -43.4386814, -21.6838246 ] } }
]
}
